product_name,planned_qty,actual_qty,planned_cost,actual_cost,planned_date,actual_date,status
Item SKU Industrial 343,11,11,3038.53,3038.53,2025-01-28,2025-01-28,completed
Item SKU Industrial 216,26,26,527.28,527.28,2025-04-26,2025-04-26,completed
Item SKU Industrial 29,3,3,420.84,420.84,2025-03-14,2025-03-14,completed
Item SKU Industrial 368,23,23,3059.46,3059.46,2025-05-08,2025-05-08,completed
Item SKU Industrial 60,8,8,101.2,101.2,2024-08-24,2024-08-24,completed
Item SKU Industrial 398,25,25,486.25,486.25,2026-01-08,2026-01-08,completed
Item SKU Industrial 407,35,35,2487.45,2487.45,2024-12-05,2024-12-07,completed_late
Item SKU Industrial 446,49,49,5635.0,5635.0,2026-01-14,2026-01-14,completed
Item SKU Industrial 90,7,7,1991.43,1991.43,2024-05-16,2024-05-16,completed
Item SKU Industrial 214,25,25,410.5,410.5,2026-05-10,2026-05-10,completed
Item SKU Industrial 160,13,13,1693.64,1947.69,2025-05-22,2025-05-22,completed
Item SKU Industrial 330,45,45,462.15,462.15,2025-06-21,2025-06-21,completed
Item SKU Industrial 364,19,19,1104.66,1104.66,2025-05-18,2025-05-18,completed
Item SKU Industrial 339,52,52,2470.52,2470.52,2024-09-12,2024-09-14,completed_late
Item SKU Industrial 470,49,49,972.16,972.16,2025-06-07,2025-06-07,completed
Item SKU Industrial 242,16,16,146.88,146.88,2024-06-03,2024-06-03,completed
Item SKU Industrial 279,49,49,5368.44,5368.44,2025-05-30,2025-05-30,completed
Item SKU Industrial 420,16,16,115.04,115.04,2026-05-25,2026-05-25,completed
Item SKU Industrial 354,36,36,725.76,725.76,2025-02-15,2025-02-15,completed
Item SKU Industrial 206,51,51,3380.79,3380.79,2024-11-16,2024-11-16,completed
Item SKU Industrial 352,35,35,617.4,617.4,2024-11-11,2024-11-13,completed_late
Item SKU Industrial 105,38,38,2443.4,2809.91,2025-01-18,2025-01-18,completed
Item SKU Industrial 356,47,47,906.63,906.63,2024-01-11,2024-01-11,completed
Item SKU Industrial 22,25,25,4838.5,4838.5,2024-02-12,2024-02-12,completed
Item SKU Industrial 329,9,9,129.06,129.06,2025-12-06,2025-12-06,completed
Item SKU Industrial 187,14,14,337.4,337.4,2025-01-27,2025-01-27,completed
Item SKU Industrial 416,47,47,747.3,747.3,2025-11-25,2025-11-25,completed
Item SKU Industrial 92,23,23,735.77,735.77,2025-04-19,2025-04-21,completed_late
Item SKU Industrial 478,31,31,767.87,767.87,2024-07-29,2024-08-06,completed_late
Item SKU Industrial 464,6,6,483.0,483.0,2026-05-08,2026-05-08,completed
Item SKU Industrial 220,44,44,7858.84,7858.84,2024-11-17,2024-11-17,completed
Item SKU Industrial 44,38,38,4311.86,4311.86,2024-07-25,2024-07-25,completed
Item SKU Industrial 191,25,25,2238.0,2573.7,2025-08-30,2025-08-30,completed
Item SKU Industrial 446,46,46,5290.0,5290.0,2024-04-22,2024-04-22,completed
Item SKU Industrial 82,46,46,287.04,287.04,2025-07-14,2025-07-16,completed_late
Item SKU Industrial 370,16,16,405.12,405.12,2025-03-17,2025-03-17,completed
Item SKU Industrial 245,15,15,1624.2,1624.2,2025-12-25,2025-12-25,completed
Item SKU Industrial 197,51,51,7799.43,7799.43,2024-02-29,2024-02-29,completed
Item SKU Industrial 186,14,14,1741.6,1741.6,2025-10-31,2025-10-31,completed
Item SKU Industrial 225,52,52,475.8,475.8,2025-01-30,2025-01-30,completed
Item SKU Industrial 36,2,2,86.7,86.7,2025-01-11,2025-01-11,completed
Item SKU Industrial 234,34,34,2262.02,2262.02,2025-03-13,2025-03-15,completed_late
Item SKU Industrial 6,20,20,372.2,372.2,2024-07-17,2024-07-17,completed
Item SKU Industrial 498,31,31,2961.12,3405.29,2025-06-19,2025-06-19,completed
Item SKU Industrial 476,12,12,127.56,127.56,2026-03-09,2026-03-09,completed
Item SKU Industrial 223,49,49,1082.9,1082.9,2024-07-01,2024-07-01,completed
Item SKU Industrial 151,40,40,2715.2,2715.2,2024-12-23,2024-12-23,completed
Item SKU Industrial 102,51,51,676.77,676.77,2025-07-10,2025-07-10,completed
Item SKU Industrial 13,38,38,895.66,895.66,2024-10-17,2024-10-19,completed_late
Item SKU Industrial 490,24,24,1072.32,1072.32,2025-01-23,2025-01-23,completed
Item SKU Industrial 150,35,35,4530.4,4530.4,2025-11-26,2025-11-26,completed
Item SKU Industrial 130,26,26,2563.86,2563.86,2026-04-11,2026-04-11,completed
Item SKU Industrial 434,41,41,2234.91,2234.91,2025-02-15,2025-02-15,completed
Item SKU Industrial 146,44,44,3446.52,3446.52,2024-04-02,2024-04-02,completed
Item SKU Industrial 342,18,18,2852.28,3280.12,2025-03-16,2025-03-16,completed
Item SKU Industrial 167,52,52,5020.6,5020.6,2025-01-28,2025-01-30,completed_late
Item SKU Industrial 363,50,50,7628.0,7628.0,2025-11-15,2025-11-15,completed
Item SKU Industrial 183,45,45,415.8,415.8,2025-03-24,2025-04-01,completed_late
Item SKU Industrial 106,18,18,1631.34,1631.34,2026-05-15,2026-05-15,completed
Item SKU Industrial 182,40,40,627.6,627.6,2024-06-08,2024-06-08,completed
Item SKU Industrial 158,14,14,5658.94,5658.94,2025-02-14,2025-02-14,completed
Item SKU Industrial 288,23,23,1625.87,1625.87,2024-01-06,2024-01-06,completed
Item SKU Industrial 350,1,1,80.97,80.97,2025-05-23,2025-05-25,completed_late
Item SKU Industrial 416,8,8,127.2,127.2,2024-01-05,2024-01-05,completed
Item SKU Industrial 459,30,30,545.4,545.4,2026-04-11,2026-04-11,completed
Item SKU Industrial 263,1,1,29.62,34.06,2025-05-12,2025-05-12,completed
Item SKU Industrial 491,17,17,1394.85,1394.85,2026-04-16,2026-04-16,completed
Item SKU Industrial 90,26,26,7396.74,7396.74,2024-11-23,2024-11-23,completed
Item SKU Industrial 191,36,36,3222.72,3222.72,2026-03-01,2026-03-01,completed
Item SKU Industrial 458,35,35,555.45,555.45,2025-10-06,2025-10-08,completed_late
Item SKU Industrial 214,12,12,197.04,197.04,2025-12-20,2025-12-20,completed
Item SKU Industrial 122,14,14,1230.88,1230.88,2024-07-14,2024-07-14,completed
Item SKU Industrial 136,27,27,2337.93,2337.93,2025-11-16,2025-11-16,completed
Item SKU Industrial 104,2,2,644.58,644.58,2025-01-19,2025-01-19,completed
Item SKU Industrial 53,25,25,4615.0,4615.0,2025-12-17,2025-12-17,completed
Item SKU Industrial 56,47,47,838.01,838.01,2024-09-14,2024-09-14,completed
Item SKU Industrial 69,49,49,1768.41,2033.67,2026-04-19,2026-04-21,completed_late
Item SKU Industrial 339,51,51,2423.01,2423.01,2025-07-03,2025-07-03,completed
Item SKU Industrial 232,8,8,202.72,202.72,2025-01-09,2025-01-09,completed
Item SKU Industrial 105,45,45,2893.5,2893.5,2026-02-01,2026-02-01,completed
Item SKU Industrial 279,11,11,1205.16,1205.16,2024-05-26,2024-05-26,completed
Item SKU Industrial 143,45,45,6502.05,6502.05,2025-01-20,2025-01-20,completed
Item SKU Industrial 227,11,11,363.11,363.11,2025-02-24,2025-02-24,completed
Item SKU Industrial 446,37,37,4255.0,4255.0,2025-02-23,2025-02-25,completed_late
Item SKU Industrial 315,6,6,126.24,126.24,2024-03-16,2024-03-16,completed
Item SKU Industrial 282,50,50,1902.5,1902.5,2024-03-09,2024-03-09,completed
Item SKU Industrial 118,25,25,688.75,688.75,2026-04-13,2026-04-21,completed_late
Item SKU Industrial 281,34,34,504.56,580.24,2024-10-16,2024-10-16,completed
Item SKU Industrial 337,13,13,1097.72,1097.72,2026-03-21,2026-03-21,completed
Item SKU Industrial 280,42,42,2422.56,2422.56,2025-04-17,2025-04-17,completed
Item SKU Industrial 254,45,45,441.9,441.9,2025-12-08,2025-12-10,completed_late
Item SKU Industrial 426,41,41,3806.03,3806.03,2025-10-13,2025-10-13,completed
Item SKU Industrial 287,27,27,9834.48,9834.48,2025-01-16,2025-01-16,completed
Item SKU Industrial 327,51,51,494.19,494.19,2026-03-01,2026-03-01,completed
Item SKU Industrial 134,15,15,3297.3,3297.3,2026-01-27,2026-01-27,completed
Item SKU Industrial 100,37,37,2387.98,2387.98,2026-05-01,2026-05-01,completed
Item SKU Industrial 108,38,38,2011.72,2011.72,2025-04-11,2025-04-11,completed
Item SKU Industrial 221,40,40,2466.8,2466.8,2025-06-10,2025-06-12,completed_late
Item SKU Industrial 482,49,49,381.71,438.97,2024-08-12,2024-08-12,completed
Item SKU Industrial 271,25,25,4528.75,4528.75,2026-01-31,2026-01-31,completed
Item SKU Industrial 181,7,7,294.77,294.77,2024-03-03,2024-03-03,completed
Item SKU Industrial 383,12,12,906.72,906.72,2025-08-17,2025-08-17,completed
Item SKU Industrial 495,2,2,410.96,410.96,2025-08-29,2025-08-29,completed
Item SKU Industrial 451,6,6,1138.62,1138.62,2025-08-22,2025-08-22,completed
Item SKU Industrial 90,24,24,6827.76,6827.76,2024-05-12,2024-05-14,completed_late
Item SKU Industrial 171,27,27,1071.09,1071.09,2026-04-18,2026-04-18,completed
Item SKU Industrial 134,7,7,1538.74,1538.74,2025-11-30,2025-11-30,completed
Item SKU Industrial 79,1,1,225.75,225.75,2024-10-14,2024-10-14,completed
Item SKU Industrial 70,24,24,3642.0,3642.0,2025-09-28,2025-09-28,completed
Item SKU Industrial 4,6,6,923.7,1062.25,2025-12-01,2025-12-01,completed
Item SKU Industrial 43,52,52,2311.4,2311.4,2026-05-22,2026-05-22,completed
Item SKU Industrial 372,41,41,1846.64,1846.64,2024-06-15,2024-06-17,completed_late
Item SKU Industrial 451,17,17,3226.09,3226.09,2024-04-19,2024-04-19,completed
Item SKU Industrial 34,4,4,666.64,666.64,2026-03-13,2026-03-13,completed
Item SKU Industrial 286,6,6,239.34,239.34,2025-08-04,2025-08-04,completed
Item SKU Industrial 290,15,15,226.2,226.2,2025-03-12,2025-03-20,completed_late
Item SKU Industrial 489,39,39,2174.64,2174.64,2026-05-20,2026-05-20,completed
Item SKU Industrial 90,23,23,6543.27,6543.27,2026-02-05,2026-02-05,completed
Item SKU Industrial 268,26,26,671.84,671.84,2025-01-31,2025-02-02,completed_late
Item SKU Industrial 92,51,51,1631.49,1631.49,2026-05-16,2026-05-16,completed
Item SKU Industrial 138,4,4,830.52,955.1,2026-04-17,2026-04-17,completed
Item SKU Industrial 2,22,22,3056.9,3056.9,2026-03-14,2026-03-14,completed
Item SKU Industrial 304,51,51,15893.13,15893.13,2025-03-06,2025-03-06,completed
Item SKU Industrial 433,19,19,3602.21,3602.21,2025-06-12,2025-06-12,completed
Item SKU Industrial 108,11,11,582.34,582.34,2024-01-25,2024-01-25,completed
Item SKU Industrial 436,36,36,11410.56,11410.56,2024-12-23,2024-12-25,completed_late
Item SKU Industrial 77,1,1,70.77,70.77,2024-10-18,2024-10-18,completed
Item SKU Industrial 106,19,19,1721.97,1721.97,2026-04-30,2026-04-30,completed
Item SKU Industrial 484,8,8,575.6,575.6,2025-02-06,2025-02-06,completed
Item SKU Industrial 330,12,12,123.24,123.24,2025-11-09,2025-11-09,completed
Item SKU Industrial 425,6,6,1349.16,1349.16,2024-02-16,2024-02-16,completed
Item SKU Industrial 44,27,27,3063.69,3523.24,2025-10-23,2025-10-23,completed
Item SKU Industrial 36,17,17,736.95,736.95,2024-11-21,2024-11-23,completed_late
Item SKU Industrial 200,45,45,7823.25,7823.25,2024-07-02,2024-07-02,completed
Item SKU Industrial 81,22,22,1579.16,1579.16,2024-08-08,2024-08-08,completed
Item SKU Industrial 160,15,15,1954.2,1954.2,2025-10-11,2025-10-11,completed
Item SKU Industrial 211,36,36,1069.2,1069.2,2025-05-26,2025-05-26,completed
Item SKU Industrial 385,23,23,3196.54,3196.54,2025-12-19,2025-12-19,completed
Item SKU Industrial 246,2,2,44.28,44.28,2025-03-15,2025-03-15,completed
Item SKU Industrial 215,49,49,1072.12,1072.12,2025-07-14,2025-07-16,completed_late
Item SKU Industrial 354,48,48,967.68,967.68,2026-05-01,2026-05-01,completed
Item SKU Industrial 141,49,49,392.0,392.0,2026-04-12,2026-04-12,completed
Item SKU Industrial 284,20,20,1549.2,1781.58,2025-01-18,2025-01-18,completed
Item SKU Industrial 253,47,47,5453.88,5453.88,2025-03-21,2025-03-21,completed
Item SKU Industrial 259,44,44,2669.04,2669.04,2024-12-19,2024-12-27,completed_late
Item SKU Industrial 23,34,34,1485.12,1485.12,2025-02-27,2025-02-27,completed
Item SKU Industrial 384,1,1,215.85,215.85,2025-04-20,2025-04-22,completed_late
Item SKU Industrial 216,11,11,223.08,223.08,2025-10-25,2025-10-25,completed
Item SKU Industrial 339,31,31,1472.81,1472.81,2025-11-08,2025-11-08,completed
Item SKU Industrial 459,47,47,854.46,854.46,2024-11-10,2024-11-10,completed
Item SKU Industrial 399,46,46,2469.74,2469.74,2025-10-18,2025-10-18,completed
Item SKU Industrial 70,39,39,5918.25,5918.25,2024-01-12,2024-01-12,completed
Item SKU Industrial 191,46,46,4117.92,4117.92,2025-02-07,2025-02-07,completed
Item SKU Industrial 231,49,49,2278.01,2619.71,2026-05-21,2026-05-23,completed_late
Item SKU Industrial 402,6,6,166.26,166.26,2024-02-14,2024-02-14,completed
Item SKU Industrial 304,31,31,9660.53,9660.53,2025-08-28,2025-08-28,completed
Item SKU Industrial 499,50,50,2442.0,2442.0,2026-01-24,2026-01-24,completed
Item SKU Industrial 226,52,52,1032.72,1032.72,2024-03-03,2024-03-03,completed
Item SKU Industrial 397,51,51,7510.26,7510.26,2026-03-07,2026-03-07,completed
Item SKU Industrial 327,33,33,319.77,319.77,2026-03-04,2026-03-04,completed
Item SKU Industrial 318,44,44,2955.04,2955.04,2025-12-13,2025-12-15,completed_late
Item SKU Industrial 171,34,34,1348.78,1348.78,2025-02-01,2025-02-01,completed
Item SKU Industrial 37,36,36,7855.56,7855.56,2025-11-19,2025-11-19,completed
Item SKU Industrial 432,26,26,6347.12,6347.12,2025-11-14,2025-11-14,completed
Item SKU Industrial 366,40,40,2195.2,2524.48,2025-02-02,2025-02-02,completed
Item SKU Industrial 485,36,36,442.08,442.08,2025-01-30,2025-01-30,completed
Item SKU Industrial 471,4,4,223.88,223.88,2024-07-25,2024-07-25,completed
Item SKU Industrial 486,11,11,1458.6,1458.6,2024-01-11,2024-01-13,completed_late
Item SKU Industrial 460,20,20,1376.6,1376.6,2026-03-22,2026-03-22,completed
Item SKU Industrial 364,14,14,813.96,813.96,2025-05-02,2025-05-02,completed
Item SKU Industrial 245,2,2,216.56,216.56,2024-03-18,2024-03-18,completed
Item SKU Industrial 480,19,19,445.36,445.36,2026-01-12,2026-01-12,completed
Item SKU Industrial 164,6,6,351.66,351.66,2025-09-30,2025-09-30,completed
Item SKU Industrial 362,40,40,2177.6,2177.6,2025-11-17,2025-11-25,completed_late
Item SKU Industrial 184,38,38,4208.88,4208.88,2024-03-03,2024-03-05,completed_late
Item SKU Industrial 23,31,31,1354.08,1557.19,2026-05-10,2026-05-10,completed
Item SKU Industrial 249,31,31,2032.67,2032.67,2025-08-17,2025-08-17,completed
Item SKU Industrial 119,51,51,1221.45,1221.45,2025-04-04,2025-04-04,completed
Item SKU Industrial 250,7,7,641.2,641.2,2025-11-23,2025-11-23,completed
Item SKU Industrial 340,4,4,155.68,155.68,2026-01-13,2026-01-13,completed
Item SKU Industrial 113,15,15,418.8,418.8,2026-04-03,2026-04-03,completed
Item SKU Industrial 141,28,28,224.0,224.0,2024-06-07,2024-06-09,completed_late
Item SKU Industrial 147,13,13,663.26,663.26,2025-06-21,2025-06-21,completed
Item SKU Industrial 284,42,42,3253.32,3253.32,2025-02-24,2025-02-24,completed
Item SKU Industrial 274,28,28,3780.84,3780.84,2024-11-17,2024-11-17,completed
Item SKU Industrial 255,45,45,1120.5,1120.5,2026-03-16,2026-03-16,completed
Item SKU Industrial 164,28,28,1641.08,1887.24,2025-01-09,2025-01-09,completed
Item SKU Industrial 458,49,49,777.63,777.63,2025-05-09,2025-05-09,completed
Item SKU Industrial 291,42,42,810.18,810.18,2025-08-08,2025-08-10,completed_late
Item SKU Industrial 35,16,16,227.68,227.68,2025-06-05,2025-06-05,completed
Item SKU Industrial 337,12,12,1013.28,1013.28,2025-03-24,2025-03-24,completed
Item SKU Industrial 23,34,34,1485.12,1485.12,2025-11-06,2025-11-06,completed
Item SKU Industrial 395,37,37,5478.59,5478.59,2024-05-30,2024-05-30,completed
Item SKU Industrial 367,35,35,1193.5,1193.5,2025-11-14,2025-11-14,completed
Item SKU Industrial 2,31,31,4307.45,4307.45,2024-02-16,2024-02-16,completed
Item SKU Industrial 434,34,34,1853.34,1853.34,2025-01-17,2025-01-19,completed_late
Item SKU Industrial 83,53,53,3441.29,3441.29,2025-11-29,2025-11-29,completed
Item SKU Industrial 10,6,6,804.12,924.74,2026-03-22,2026-03-22,completed
Item SKU Industrial 22,11,11,2128.94,2128.94,2024-07-23,2024-07-23,completed
Item SKU Industrial 311,52,52,4283.76,4283.76,2025-02-14,2025-02-14,completed
Item SKU Industrial 373,2,2,134.4,134.4,2025-08-21,2025-08-21,completed
Item SKU Industrial 426,24,24,2227.92,2227.92,2024-06-16,2024-06-16,completed
Item SKU Industrial 282,24,24,913.2,913.2,2026-05-19,2026-05-27,completed_late
Item SKU Industrial 219,24,24,927.84,927.84,2025-06-15,2025-06-15,completed
Item SKU Industrial 150,42,42,5436.48,5436.48,2025-09-04,2025-09-04,completed
Item SKU Industrial 86,11,11,190.85,190.85,2026-03-16,2026-03-16,completed
Item SKU Industrial 13,28,28,659.96,659.96,2025-06-28,2025-06-28,completed
Item SKU Industrial 296,4,4,80.52,80.52,2024-11-30,2024-11-30,completed
Item SKU Industrial 275,50,50,2694.0,3098.1,2024-12-09,2024-12-09,completed
Item SKU Industrial 339,2,2,95.02,95.02,2024-03-18,2024-03-20,completed_late
Item SKU Industrial 418,4,4,229.04,229.04,2025-04-26,2025-04-26,completed
Item SKU Industrial 1,48,48,2099.52,2099.52,2026-02-01,2026-02-01,completed
Item SKU Industrial 268,36,36,930.24,930.24,2024-03-28,2024-03-28,completed
Item SKU Industrial 332,46,46,1794.46,1794.46,2025-07-10,2025-07-10,completed
Item SKU Industrial 457,37,37,1990.23,1990.23,2026-04-20,2026-04-20,completed
Item SKU Industrial 107,12,12,1304.04,1304.04,2025-05-19,2025-05-19,completed
Item SKU Industrial 232,45,45,1140.3,1140.3,2025-02-24,2025-02-26,completed_late
Item SKU Industrial 293,5,5,110.4,110.4,2024-05-09,2024-05-09,completed
Item SKU Industrial 256,41,41,5187.73,5187.73,2025-08-14,2025-08-14,completed
Item SKU Industrial 173,9,9,756.99,870.54,2026-03-09,2026-03-09,completed
Item SKU Industrial 203,53,53,12158.2,12158.2,2024-05-10,2024-05-10,completed
Item SKU Industrial 384,27,27,5827.95,5827.95,2025-04-18,2025-04-18,completed
Item SKU Industrial 46,11,11,1636.58,1636.58,2026-01-19,2026-01-19,completed
Item SKU Industrial 16,19,19,7595.25,7595.25,2026-04-20,2026-04-22,completed_late
Item SKU Industrial 59,23,23,346.84,346.84,2024-08-31,2024-08-31,completed
Item SKU Industrial 361,2,2,303.64,303.64,2024-12-02,2024-12-02,completed
Item SKU Industrial 129,53,53,8707.37,8707.37,2024-12-14,2024-12-14,completed
Item SKU Industrial 214,29,29,476.18,476.18,2026-04-03,2026-04-03,completed
Item SKU Industrial 219,46,46,1778.36,1778.36,2025-09-13,2025-09-13,completed
Item SKU Industrial 194,24,24,5288.4,5288.4,2025-06-16,2025-06-16,completed
Item SKU Industrial 14,42,42,4393.62,5052.66,2026-01-02,2026-01-04,completed_late
Item SKU Industrial 144,23,23,9269.23,9269.23,2024-03-29,2024-04-06,completed_late
Item SKU Industrial 359,41,41,2564.55,2564.55,2026-04-19,2026-04-19,completed
Item SKU Industrial 24,7,7,851.55,851.55,2026-03-01,2026-03-01,completed
Item SKU Industrial 476,46,46,488.98,488.98,2025-11-04,2025-11-04,completed
Item SKU Industrial 320,47,47,766.57,766.57,2024-02-23,2024-02-23,completed
Item SKU Industrial 395,41,41,6070.87,6070.87,2026-02-15,2026-02-15,completed
Item SKU Industrial 467,28,28,2410.52,2410.52,2026-02-25,2026-02-27,completed_late
Item SKU Industrial 291,15,15,289.35,289.35,2024-11-16,2024-11-16,completed
Item SKU Industrial 163,24,24,689.52,689.52,2024-02-27,2024-02-27,completed
Item SKU Industrial 493,26,26,510.9,510.9,2025-08-26,2025-08-26,completed
Item SKU Industrial 280,39,39,2249.52,2586.95,2025-12-27,2025-12-27,completed
Item SKU Industrial 74,41,41,1544.88,1544.88,2026-05-14,2026-05-14,completed
Item SKU Industrial 309,12,12,1013.16,1013.16,2026-05-24,2026-05-24,completed
Item SKU Industrial 430,4,4,237.72,237.72,2024-02-24,2024-02-26,completed_late
Item SKU Industrial 431,51,51,6587.67,6587.67,2025-01-24,2025-01-24,completed
Item SKU Industrial 413,28,28,1197.28,1197.28,2024-12-20,2024-12-20,completed
Item SKU Industrial 383,15,15,1133.4,1133.4,2024-09-19,2024-09-19,completed
Item SKU Industrial 29,16,16,2244.48,2244.48,2026-05-05,2026-05-05,completed
Item SKU Industrial 477,38,38,4596.86,4596.86,2025-06-07,2025-06-07,completed
Item SKU Industrial 482,44,44,342.76,342.76,2024-11-04,2024-11-04,completed
Item SKU Industrial 51,2,2,147.64,147.64,2025-08-13,2025-08-15,completed_late
Item SKU Industrial 252,17,17,1077.29,1238.88,2026-05-01,2026-05-01,completed
Item SKU Industrial 385,19,19,2640.62,2640.62,2026-03-21,2026-03-21,completed
Item SKU Industrial 247,11,11,263.12,263.12,2026-03-13,2026-03-13,completed
Item SKU Industrial 66,2,2,25.02,25.02,2025-11-17,2025-11-17,completed
Item SKU Industrial 139,23,23,3739.57,3739.57,2025-12-30,2025-12-30,completed
Item SKU Industrial 167,46,46,4441.3,4441.3,2024-10-24,2024-10-24,completed
Item SKU Industrial 264,33,33,1044.12,1044.12,2025-09-06,2025-09-08,completed_late
Item SKU Industrial 327,44,44,426.36,426.36,2025-09-15,2025-09-15,completed
Item SKU Industrial 140,13,13,115.83,115.83,2026-05-23,2026-05-31,completed_late
Item SKU Industrial 196,45,45,3033.45,3033.45,2024-01-18,2024-01-18,completed
Item SKU Industrial 485,39,39,478.92,478.92,2024-12-01,2024-12-01,completed
Item SKU Industrial 131,4,4,75.6,86.94,2025-01-04,2025-01-04,completed
Item SKU Industrial 298,40,40,544.8,544.8,2026-02-19,2026-02-19,completed
Item SKU Industrial 276,2,2,29.4,29.4,2025-08-01,2025-08-03,completed_late
Item SKU Industrial 408,30,30,924.0,924.0,2025-12-27,2025-12-27,completed
Item SKU Industrial 101,28,28,11459.84,11459.84,2024-07-27,2024-07-27,completed
Item SKU Industrial 343,2,2,552.46,552.46,2024-01-25,2024-01-25,completed
Item SKU Industrial 126,49,49,4919.6,4919.6,2025-10-12,2025-10-12,completed
Item SKU Industrial 123,2,2,20.0,20.0,2025-09-14,2025-09-14,completed
Item SKU Industrial 36,1,1,43.35,43.35,2024-04-07,2024-04-07,completed
Item SKU Industrial 69,28,28,1010.52,1010.52,2026-03-12,2026-03-14,completed_late
Item SKU Industrial 434,4,4,218.04,218.04,2024-01-27,2024-01-27,completed
Item SKU Industrial 471,22,22,1231.34,1416.04,2025-10-12,2025-10-12,completed
Item SKU Industrial 374,48,48,8313.6,8313.6,2026-01-12,2026-01-12,completed
Item SKU Industrial 158,30,30,12126.3,12126.3,2025-06-30,2025-06-30,completed
Item SKU Industrial 352,53,53,934.92,934.92,2025-06-02,2025-06-02,completed
Item SKU Industrial 40,45,45,4124.7,4124.7,2026-03-09,2026-03-09,completed
Item SKU Industrial 32,34,34,1680.28,1680.28,2025-11-22,2025-11-24,completed_late
Item SKU Industrial 257,22,22,4452.36,4452.36,2026-05-14,2026-05-14,completed
Item SKU Industrial 365,19,19,744.8,744.8,2024-05-25,2024-05-25,completed
Item SKU Industrial 394,25,25,906.0,906.0,2026-05-04,2026-05-04,completed
Item SKU Industrial 365,2,2,78.4,78.4,2025-06-08,2025-06-08,completed
Item SKU Industrial 240,51,51,10335.15,10335.15,2024-02-15,2024-02-15,completed
Item SKU Industrial 340,40,40,1556.8,1790.32,2025-07-28,2025-07-28,completed
Item SKU Industrial 282,9,9,342.45,342.45,2024-02-23,2024-02-25,completed_late
Item SKU Industrial 481,30,30,804.9,804.9,2026-05-03,2026-05-03,completed
Item SKU Industrial 363,53,53,8085.68,8085.68,2024-09-02,2024-09-02,completed
Item SKU Industrial 403,44,44,5010.72,5010.72,2026-03-26,2026-04-03,completed_late
Item SKU Industrial 166,31,31,7530.52,7530.52,2024-12-23,2024-12-23,completed
Item SKU Industrial 127,3,3,186.84,186.84,2026-03-23,2026-03-23,completed
Item SKU Industrial 260,14,14,206.36,206.36,2024-01-22,2024-01-22,completed
Item SKU Industrial 290,28,28,422.24,422.24,2026-01-24,2026-01-26,completed_late
Item SKU Industrial 159,18,18,1114.92,1114.92,2024-07-25,2024-07-25,completed
Item SKU Industrial 497,37,37,1067.82,1067.82,2025-12-19,2025-12-19,completed
Item SKU Industrial 234,7,7,465.71,535.57,2026-02-12,2026-02-12,completed
Item SKU Industrial 133,24,24,3774.48,3774.48,2024-01-18,2024-01-18,completed
Item SKU Industrial 130,29,29,2859.69,2859.69,2025-03-13,2025-03-13,completed
Item SKU Industrial 120,18,18,954.36,954.36,2025-04-05,2025-04-05,completed
Item SKU Industrial 62,26,26,286.0,286.0,2024-01-26,2024-01-28,completed_late
Item SKU Industrial 27,49,49,10825.08,10825.08,2026-01-06,2026-01-06,completed
Item SKU Industrial 130,7,7,690.27,690.27,2025-12-04,2025-12-04,completed
Item SKU Industrial 69,37,37,1335.33,1335.33,2024-11-01,2024-11-01,completed
Item SKU Industrial 437,31,31,4100.68,4100.68,2025-07-25,2025-07-25,completed
Item SKU Industrial 301,37,37,11629.47,11629.47,2026-03-23,2026-03-23,completed
Item SKU Industrial 304,29,29,9037.27,9037.27,2026-04-11,2026-04-11,completed
Item SKU Industrial 48,26,26,346.32,398.27,2025-10-23,2025-10-25,completed_late
Item SKU Industrial 436,19,19,6022.24,6022.24,2025-03-08,2025-03-08,completed
Item SKU Industrial 356,20,20,385.8,385.8,2025-05-12,2025-05-12,completed
Item SKU Industrial 488,40,40,2370.8,2370.8,2025-08-15,2025-08-15,completed
Item SKU Industrial 157,44,44,26428.16,26428.16,2024-01-22,2024-01-22,completed
Item SKU Industrial 401,38,38,793.06,793.06,2024-02-04,2024-02-04,completed
Item SKU Industrial 449,53,53,2408.32,2408.32,2025-05-18,2025-05-18,completed
Item SKU Industrial 355,36,36,696.6,696.6,2025-07-17,2025-07-19,completed_late
Item SKU Industrial 358,27,27,2535.3,2535.3,2024-06-06,2024-06-06,completed
Item SKU Industrial 329,12,12,172.08,172.08,2025-12-25,2025-12-25,completed
Item SKU Industrial 338,18,18,1082.7,1082.7,2025-12-11,2025-12-11,completed
Item SKU Industrial 46,13,13,1934.14,2224.26,2025-03-30,2025-04-07,completed_late
Item SKU Industrial 144,47,47,18941.47,18941.47,2025-09-21,2025-09-21,completed
Item SKU Industrial 238,1,1,101.35,101.35,2025-05-08,2025-05-08,completed
Item SKU Industrial 297,29,29,6417.7,6417.7,2026-01-02,2026-01-04,completed_late
Item SKU Industrial 371,7,7,1604.82,1604.82,2025-06-14,2025-06-14,completed
Item SKU Industrial 242,33,33,302.94,302.94,2024-07-19,2024-07-19,completed
Item SKU Industrial 56,14,14,249.62,249.62,2024-07-22,2024-07-22,completed
Item SKU Industrial 380,1,1,18.99,18.99,2025-11-23,2025-11-23,completed
Item SKU Industrial 475,34,34,2877.76,2877.76,2026-01-19,2026-01-19,completed
Item SKU Industrial 405,19,19,1711.71,1711.71,2026-01-18,2026-01-18,completed
Item SKU Industrial 96,3,3,20.61,20.61,2025-04-14,2025-04-16,completed_late
Item SKU Industrial 263,20,20,592.4,681.26,2026-04-18,2026-04-18,completed
Item SKU Industrial 475,2,2,169.28,169.28,2024-06-13,2024-06-13,completed
Item SKU Industrial 77,3,3,212.31,212.31,2025-06-22,2025-06-22,completed
Item SKU Industrial 93,22,22,3951.42,3951.42,2024-12-02,2024-12-02,completed
Item SKU Industrial 329,52,52,745.68,745.68,2024-11-29,2024-11-29,completed
Item SKU Industrial 308,46,46,937.48,937.48,2026-03-20,2026-03-20,completed
Item SKU Industrial 489,33,33,1840.08,1840.08,2024-10-25,2024-10-27,completed_late
Item SKU Industrial 368,22,22,2926.44,2926.44,2024-11-02,2024-11-02,completed
Item SKU Industrial 218,42,42,1050.84,1050.84,2026-04-25,2026-04-25,completed
Item SKU Industrial 274,36,36,4861.08,4861.08,2025-12-14,2025-12-14,completed
Item SKU Industrial 472,35,35,486.85,486.85,2025-09-30,2025-09-30,completed
Item SKU Industrial 483,14,14,706.3,812.24,2024-10-03,2024-10-03,completed
Item SKU Industrial 13,17,17,400.69,400.69,2025-12-19,2025-12-19,completed
Item SKU Industrial 87,46,46,4236.14,4236.14,2025-11-07,2025-11-09,completed_late
Item SKU Industrial 169,15,15,1330.2,1330.2,2025-06-16,2025-06-16,completed
Item SKU Industrial 164,29,29,1699.69,1699.69,2025-12-19,2025-12-19,completed
Item SKU Industrial 348,48,48,492.0,492.0,2026-04-12,2026-04-12,completed
Item SKU Industrial 45,7,7,883.12,883.12,2025-05-04,2025-05-04,completed
Item SKU Industrial 165,47,47,655.18,655.18,2026-01-11,2026-01-19,completed_late
Item SKU Industrial 487,6,6,353.76,353.76,2024-10-21,2024-10-21,completed
Item SKU Industrial 396,26,26,441.22,441.22,2026-01-17,2026-01-19,completed_late
Item SKU Industrial 267,51,51,1938.51,1938.51,2025-10-19,2025-10-19,completed
Item SKU Industrial 274,19,19,2565.57,2950.41,2025-05-01,2025-05-01,completed
Item SKU Industrial 280,19,19,1095.92,1095.92,2025-04-17,2025-04-17,completed
Item SKU Industrial 495,25,25,5137.0,5137.0,2025-12-26,2025-12-26,completed
Item SKU Industrial 186,6,6,746.4,746.4,2026-03-02,2026-03-02,completed
Item SKU Industrial 1,8,8,349.92,349.92,2024-03-07,2024-03-07,completed
Item SKU Industrial 34,39,39,6499.74,6499.74,2025-03-17,2025-03-19,completed_late
Item SKU Industrial 452,45,45,1634.85,1634.85,2025-12-22,2025-12-22,completed
Item SKU Industrial 139,45,45,7316.55,7316.55,2025-01-20,2025-01-20,completed
Item SKU Industrial 364,46,46,2674.44,2674.44,2026-05-16,2026-05-16,completed
Item SKU Industrial 421,38,38,7704.12,7704.12,2024-08-30,2024-08-30,completed
Item SKU Industrial 295,23,23,672.98,672.98,2024-01-12,2024-01-12,completed
Item SKU Industrial 203,20,20,4588.0,5276.2,2025-10-25,2025-10-25,completed
Item SKU Industrial 132,13,13,2615.47,2615.47,2024-04-28,2024-04-30,completed_late
Item SKU Industrial 19,51,51,5889.48,5889.48,2025-10-01,2025-10-01,completed
Item SKU Industrial 55,13,13,180.05,180.05,2025-09-29,2025-09-29,completed
Item SKU Industrial 81,39,39,2799.42,2799.42,2025-06-21,2025-06-21,completed
Item SKU Industrial 8,49,49,4521.23,4521.23,2024-11-08,2024-11-08,completed
Item SKU Industrial 54,29,29,994.12,994.12,2025-08-27,2025-08-27,completed
Item SKU Industrial 155,19,19,3404.99,3404.99,2025-07-11,2025-07-11,completed
Item SKU Industrial 343,25,25,6905.75,6905.75,2026-04-20,2026-04-22,completed_late
Item SKU Industrial 485,19,19,233.32,233.32,2026-03-07,2026-03-07,completed
Item SKU Industrial 188,45,45,652.95,652.95,2024-09-09,2024-09-09,completed
Item SKU Industrial 475,37,37,3131.68,3601.43,2024-10-18,2024-10-18,completed
Item SKU Industrial 114,27,27,6603.66,6603.66,2024-06-21,2024-06-21,completed
Item SKU Industrial 466,49,49,291.06,291.06,2025-02-10,2025-02-10,completed
Item SKU Industrial 193,26,26,1183.26,1183.26,2026-04-05,2026-04-13,completed_late
Item SKU Industrial 355,36,36,696.6,696.6,2025-02-16,2025-02-18,completed_late
Item SKU Industrial 45,4,4,504.64,504.64,2024-03-17,2024-03-17,completed
Item SKU Industrial 32,33,33,1630.86,1630.86,2025-03-10,2025-03-10,completed
Item SKU Industrial 203,44,44,10093.6,10093.6,2024-12-05,2024-12-05,completed
Item SKU Industrial 480,36,36,843.84,843.84,2026-01-16,2026-01-16,completed
Item SKU Industrial 77,30,30,2123.1,2123.1,2025-08-28,2025-08-28,completed
Item SKU Industrial 51,50,50,3691.0,3691.0,2024-07-28,2024-07-28,completed
Item SKU Industrial 431,35,35,4520.95,5199.09,2024-06-22,2024-06-24,completed_late
Item SKU Industrial 50,18,18,190.62,190.62,2025-12-14,2025-12-14,completed
Item SKU Industrial 257,5,5,1011.9,1011.9,2024-11-28,2024-11-28,completed
Item SKU Industrial 20,12,12,451.8,451.8,2025-11-22,2025-11-22,completed
Item SKU Industrial 84,37,37,398.12,398.12,2025-03-28,2025-03-28,completed
Item SKU Industrial 455,17,17,978.35,978.35,2026-02-26,2026-02-26,completed
Item SKU Industrial 61,36,36,3942.72,3942.72,2025-02-13,2025-02-13,completed
Item SKU Industrial 273,49,49,5436.06,5436.06,2024-12-23,2024-12-25,completed_late
Item SKU Industrial 230,11,11,173.58,173.58,2025-11-04,2025-11-04,completed
Item SKU Industrial 258,33,33,2040.06,2040.06,2026-02-13,2026-02-13,completed
Item SKU Industrial 422,8,8,1869.12,1869.12,2025-01-20,2025-01-20,completed
Item SKU Industrial 284,18,18,1394.28,1603.42,2024-02-17,2024-02-17,completed
Item SKU Industrial 293,34,34,750.72,750.72,2026-02-13,2026-02-13,completed
Item SKU Industrial 256,41,41,5187.73,5187.73,2024-02-04,2024-02-04,completed
Item SKU Industrial 223,30,30,663.0,663.0,2024-01-26,2024-01-28,completed_late
Item SKU Industrial 186,4,4,497.6,497.6,2024-04-24,2024-04-24,completed
Item SKU Industrial 241,9,9,2153.52,2153.52,2025-12-19,2025-12-19,completed
Item SKU Industrial 416,19,19,302.1,302.1,2024-06-16,2024-06-16,completed
Item SKU Industrial 179,31,31,2017.79,2017.79,2026-05-17,2026-05-17,completed
Item SKU Industrial 94,8,8,218.56,218.56,2025-06-26,2025-06-26,completed
Item SKU Industrial 289,22,22,501.82,501.82,2024-05-26,2024-05-26,completed
Item SKU Industrial 418,11,11,629.86,629.86,2025-04-06,2025-04-14,completed_late
Item SKU Industrial 298,5,5,68.1,78.31,2025-12-12,2025-12-12,completed
Item SKU Industrial 92,13,13,415.87,415.87,2025-05-11,2025-05-11,completed
Item SKU Industrial 232,45,45,1140.3,1140.3,2026-03-29,2026-03-29,completed
Item SKU Industrial 60,23,23,290.95,290.95,2026-04-25,2026-04-25,completed
Item SKU Industrial 404,27,27,2866.05,2866.05,2024-03-09,2024-03-09,completed
Item SKU Industrial 115,53,53,10289.42,10289.42,2025-08-09,2025-08-09,completed
Item SKU Industrial 287,50,50,18212.0,18212.0,2025-07-28,2025-07-30,completed_late
Item SKU Industrial 303,50,50,2670.0,2670.0,2024-02-04,2024-02-04,completed
Item SKU Industrial 476,25,25,265.75,265.75,2026-03-28,2026-03-28,completed
Item SKU Industrial 441,2,2,152.6,152.6,2025-06-28,2025-06-28,completed
Item SKU Industrial 282,12,12,456.6,456.6,2025-03-31,2025-03-31,completed
Item SKU Industrial 155,13,13,2329.73,2679.19,2026-03-16,2026-03-16,completed
Item SKU Industrial 24,7,7,851.55,851.55,2024-05-13,2024-05-13,completed
Item SKU Industrial 141,18,18,144.0,144.0,2025-06-15,2025-06-17,completed_late
Item SKU Industrial 368,29,29,3857.58,3857.58,2024-11-30,2024-11-30,completed
Item SKU Industrial 287,34,34,12384.16,12384.16,2025-04-19,2025-04-19,completed
Item SKU Industrial 456,19,19,466.26,466.26,2025-07-03,2025-07-03,completed
Item SKU Industrial 498,8,8,764.16,764.16,2025-10-12,2025-10-12,completed
Item SKU Industrial 124,53,53,16840.75,16840.75,2025-07-10,2025-07-10,completed
Item SKU Industrial 327,30,30,290.7,290.7,2026-05-07,2026-05-07,completed
Item SKU Industrial 249,17,17,1114.69,1114.69,2024-04-01,2024-04-03,completed_late
Item SKU Industrial 422,5,5,1168.2,1168.2,2026-05-18,2026-05-18,completed
Item SKU Industrial 230,11,11,173.58,199.62,2025-12-06,2025-12-06,completed
Item SKU Industrial 431,8,8,1033.36,1033.36,2025-11-08,2025-11-08,completed
Item SKU Industrial 126,6,6,602.4,602.4,2025-02-15,2025-02-15,completed
Item SKU Industrial 273,17,17,1885.98,1885.98,2026-02-07,2026-02-07,completed
Item SKU Industrial 302,29,29,481.11,481.11,2024-03-18,2024-03-18,completed
Item SKU Industrial 348,40,40,410.0,410.0,2025-07-08,2025-07-10,completed_late
Item SKU Industrial 299,4,4,272.84,272.84,2025-02-10,2025-02-18,completed_late
Item SKU Industrial 122,45,45,3956.4,3956.4,2025-09-27,2025-09-27,completed
Item SKU Industrial 493,36,36,707.4,707.4,2026-01-17,2026-01-17,completed
Item SKU Industrial 246,25,25,553.5,553.5,2024-03-14,2024-03-14,completed
Item SKU Industrial 230,40,40,631.2,631.2,2025-01-17,2025-01-17,completed
Item SKU Industrial 344,39,39,719.16,827.03,2026-03-16,2026-03-16,completed
Item SKU Industrial 422,19,19,4439.16,4439.16,2024-04-11,2024-04-13,completed_late
Item SKU Industrial 458,2,2,31.74,31.74,2024-05-13,2024-05-13,completed
Item SKU Industrial 207,22,22,7887.44,7887.44,2026-02-08,2026-02-08,completed
Item SKU Industrial 337,25,25,2111.0,2111.0,2024-06-17,2024-06-17,completed
Item SKU Industrial 33,27,27,192.78,192.78,2025-12-26,2025-12-26,completed
Item SKU Industrial 256,6,6,759.18,759.18,2024-10-25,2024-10-25,completed
Item SKU Industrial 163,29,29,833.17,833.17,2025-07-27,2025-07-27,completed
Item SKU Industrial 41,53,53,3011.99,3011.99,2026-01-08,2026-01-10,completed_late
Item SKU Industrial 244,29,29,4124.96,4124.96,2026-01-02,2026-01-02,completed
Item SKU Industrial 83,40,40,2597.2,2597.2,2024-09-13,2024-09-13,completed
Item SKU Industrial 186,44,44,5473.6,6294.64,2025-04-14,2025-04-14,completed
Item SKU Industrial 198,36,36,1899.72,1899.72,2024-07-13,2024-07-13,completed
Item SKU Industrial 323,51,51,3619.47,3619.47,2024-08-10,2024-08-10,completed
Item SKU Industrial 145,15,15,305.4,305.4,2025-06-30,2025-06-30,completed
Item SKU Industrial 299,23,23,1568.83,1568.83,2025-06-28,2025-06-30,completed_late
Item SKU Industrial 464,52,52,4186.0,4186.0,2026-05-09,2026-05-09,completed
Item SKU Industrial 19,5,5,577.4,577.4,2024-04-29,2024-04-29,completed
Item SKU Industrial 85,22,22,380.6,380.6,2024-04-10,2024-04-10,completed
Item SKU Industrial 315,31,31,652.24,652.24,2024-02-29,2024-02-29,completed
Item SKU Industrial 69,11,11,396.99,396.99,2024-01-12,2024-01-12,completed
Item SKU Industrial 136,31,31,2684.29,2684.29,2025-03-08,2025-03-08,completed
Item SKU Industrial 389,42,42,4263.42,4902.93,2026-03-19,2026-03-21,completed_late
Item SKU Industrial 59,13,13,196.04,196.04,2026-02-05,2026-02-05,completed
Item SKU Industrial 148,5,5,1503.95,1503.95,2026-03-22,2026-03-30,completed_late
Item SKU Industrial 305,48,48,9132.96,9132.96,2024-02-23,2024-02-23,completed
Item SKU Industrial 148,5,5,1503.95,1503.95,2024-11-07,2024-11-07,completed
Item SKU Industrial 55,46,46,637.1,637.1,2026-02-05,2026-02-05,completed
Item SKU Industrial 389,29,29,2943.79,2943.79,2024-06-13,2024-06-13,completed
Item SKU Industrial 322,5,5,146.1,146.1,2025-06-05,2025-06-07,completed_late
Item SKU Industrial 80,53,53,711.26,711.26,2025-09-08,2025-09-08,completed
Item SKU Industrial 305,28,28,5327.56,5327.56,2025-12-20,2025-12-20,completed
Item SKU Industrial 235,16,16,1789.92,1789.92,2025-03-27,2025-03-27,completed
Item SKU Industrial 10,25,25,3350.5,3853.08,2025-01-19,2025-01-19,completed
Item SKU Industrial 432,23,23,5614.76,5614.76,2025-04-07,2025-04-07,completed
Item SKU Industrial 434,27,27,1471.77,1471.77,2025-11-13,2025-11-13,completed
Item SKU Industrial 411,15,15,3286.05,3286.05,2024-09-28,2024-09-30,completed_late
Item SKU Industrial 280,38,38,2191.84,2191.84,2026-01-26,2026-01-26,completed
Item SKU Industrial 492,15,15,304.95,304.95,2025-11-14,2025-11-14,completed
Item SKU Industrial 388,12,12,293.4,293.4,2025-06-05,2025-06-05,completed
Item SKU Industrial 453,16,16,646.88,646.88,2025-11-11,2025-11-11,completed
Item SKU Industrial 120,47,47,2491.94,2491.94,2026-05-16,2026-05-16,completed
Item SKU Industrial 33,38,38,271.32,271.32,2025-09-19,2025-09-19,completed
Item SKU Industrial 77,22,22,1556.94,1556.94,2024-07-20,2024-07-22,completed_late
Item SKU Industrial 60,27,27,341.55,392.78,2026-04-26,2026-04-26,completed
Item SKU Industrial 114,16,16,3913.28,3913.28,2026-03-08,2026-03-08,completed
Item SKU Industrial 168,1,1,27.7,27.7,2024-06-28,2024-06-28,completed
Item SKU Industrial 426,35,35,3249.05,3249.05,2024-12-16,2024-12-16,completed
Item SKU Industrial 137,51,51,2977.38,2977.38,2024-11-08,2024-11-08,completed
Item SKU Industrial 464,49,49,3944.5,3944.5,2026-02-28,2026-02-28,completed
Item SKU Industrial 121,20,20,798.8,798.8,2025-08-05,2025-08-07,completed_late
Item SKU Industrial 147,31,31,1581.62,1581.62,2024-02-24,2024-02-24,completed
Item SKU Industrial 39,4,4,313.6,313.6,2024-05-25,2024-05-25,completed
Item SKU Industrial 352,30,30,529.2,529.2,2026-04-06,2026-04-14,completed_late
Item SKU Industrial 408,5,5,154.0,154.0,2024-02-02,2024-02-02,completed
Item SKU Industrial 41,45,45,2557.35,2940.95,2025-05-11,2025-05-11,completed
Item SKU Industrial 362,5,5,272.2,272.2,2024-11-02,2024-11-02,completed
Item SKU Industrial 275,7,7,377.16,377.16,2024-12-01,2024-12-03,completed_late
Item SKU Industrial 493,50,50,982.5,982.5,2025-08-26,2025-08-26,completed
Item SKU Industrial 358,19,19,1784.1,1784.1,2025-02-14,2025-02-14,completed
Item SKU Industrial 289,47,47,1072.07,1072.07,2025-06-23,2025-06-23,completed
Item SKU Industrial 30,3,3,131.4,131.4,2026-04-24,2026-04-24,completed
Item SKU Industrial 30,34,34,1489.2,1489.2,2025-03-06,2025-03-06,completed
Item SKU Industrial 325,9,9,570.96,570.96,2024-08-25,2024-08-25,completed
Item SKU Industrial 134,42,42,9232.44,9232.44,2025-04-07,2025-04-09,completed_late
Item SKU Industrial 499,33,33,1611.72,1611.72,2025-11-08,2025-11-08,completed
Item SKU Industrial 468,1,1,19.47,22.39,2024-10-17,2024-10-17,completed
Item SKU Industrial 125,22,22,8179.6,8179.6,2026-04-18,2026-04-18,completed
Item SKU Industrial 39,3,3,235.2,235.2,2024-02-09,2024-02-09,completed
Item SKU Industrial 154,47,47,404.67,404.67,2025-09-13,2025-09-13,completed
Item SKU Industrial 77,1,1,70.77,70.77,2025-08-08,2025-08-08,completed
Item SKU Industrial 453,26,26,1051.18,1051.18,2025-07-09,2025-07-11,completed_late
Item SKU Industrial 184,16,16,1772.16,1772.16,2026-04-13,2026-04-13,completed
Item SKU Industrial 21,42,42,10434.06,10434.06,2024-05-24,2024-05-24,completed
Item SKU Industrial 159,6,6,371.64,371.64,2025-12-26,2025-12-26,completed
Item SKU Industrial 445,9,9,288.54,288.54,2025-07-21,2025-07-21,completed
Item SKU Industrial 287,1,1,364.24,364.24,2025-07-25,2025-07-25,completed
Item SKU Industrial 189,15,15,91.35,105.05,2026-02-20,2026-02-20,completed
Item SKU Industrial 14,26,26,2719.86,2719.86,2026-05-21,2026-05-23,completed_late
Item SKU Industrial 199,29,29,2638.71,2638.71,2024-06-03,2024-06-03,completed
Item SKU Industrial 113,18,18,502.56,502.56,2024-06-27,2024-06-27,completed
Item SKU Industrial 169,36,36,3192.48,3192.48,2025-12-20,2025-12-20,completed
Item SKU Industrial 196,5,5,337.05,337.05,2024-05-05,2024-05-13,completed_late
Item SKU Industrial 18,39,39,1700.4,1700.4,2026-05-06,2026-05-06,completed
Item SKU Industrial 429,23,23,1771.46,1771.46,2026-02-20,2026-02-20,completed
Item SKU Industrial 276,40,40,588.0,588.0,2026-05-21,2026-05-23,completed_late
Item SKU Industrial 382,23,23,1789.4,1789.4,2024-11-14,2024-11-14,completed
Item SKU Industrial 346,7,7,1389.85,1389.85,2026-05-01,2026-05-01,completed
Item SKU Industrial 469,52,52,12525.24,14404.03,2024-09-07,2024-09-07,completed
Item SKU Industrial 303,50,50,2670.0,2670.0,2025-06-21,2025-06-21,completed
Item SKU Industrial 127,26,26,1619.28,1619.28,2025-04-26,2025-04-26,completed
Item SKU Industrial 378,12,12,1146.12,1146.12,2025-06-04,2025-06-04,completed
Item SKU Industrial 32,4,4,197.68,197.68,2024-02-14,2024-02-16,completed_late
Item SKU Industrial 500,24,24,167.28,167.28,2025-07-04,2025-07-04,completed
Item SKU Industrial 294,36,36,854.28,854.28,2025-10-16,2025-10-16,completed
Item SKU Industrial 62,44,44,484.0,484.0,2026-02-07,2026-02-07,completed
Item SKU Industrial 314,9,9,1005.93,1005.93,2024-08-16,2024-08-16,completed
Item SKU Industrial 190,28,28,1289.68,1289.68,2024-03-11,2024-03-11,completed
Item SKU Industrial 254,7,7,68.74,68.74,2026-01-10,2026-01-10,completed
Item SKU Industrial 394,5,5,181.2,208.38,2026-04-23,2026-04-25,completed_late
Item SKU Industrial 189,46,46,280.14,280.14,2024-03-18,2024-03-18,completed
Item SKU Industrial 190,17,17,783.02,783.02,2026-03-12,2026-03-12,completed
Item SKU Industrial 117,39,39,3525.6,3525.6,2024-06-21,2024-06-21,completed
Item SKU Industrial 234,34,34,2262.02,2262.02,2026-02-13,2026-02-13,completed
Item SKU Industrial 221,12,12,740.04,740.04,2026-01-30,2026-01-30,completed
Item SKU Industrial 389,4,4,406.04,406.04,2025-01-24,2025-01-24,completed
Item SKU Industrial 365,8,8,313.6,313.6,2025-06-14,2025-06-16,completed_late
Item SKU Industrial 438,5,5,90.7,90.7,2025-02-22,2025-02-22,completed
Item SKU Industrial 134,18,18,3956.76,3956.76,2026-03-08,2026-03-08,completed
Item SKU Industrial 136,42,42,3636.78,3636.78,2025-11-28,2025-11-28,completed
Item SKU Industrial 192,25,25,1278.25,1469.99,2024-08-01,2024-08-01,completed
Item SKU Industrial 391,11,11,778.58,778.58,2024-04-14,2024-04-22,completed_late
Item SKU Industrial 451,44,44,8349.88,8349.88,2025-08-15,2025-08-15,completed
Item SKU Industrial 168,3,3,83.1,83.1,2024-06-22,2024-06-24,completed_late
Item SKU Industrial 432,38,38,9276.56,9276.56,2026-02-13,2026-02-13,completed
Item SKU Industrial 17,33,33,1344.42,1344.42,2025-09-27,2025-09-27,completed
Item SKU Industrial 32,24,24,1186.08,1186.08,2024-11-07,2024-11-07,completed
Item SKU Industrial 308,37,37,754.06,754.06,2026-03-06,2026-03-06,completed
Item SKU Industrial 101,39,39,15961.92,15961.92,2025-07-08,2025-07-08,completed
Item SKU Industrial 167,33,33,3186.15,3186.15,2024-11-23,2024-11-23,completed
Item SKU Industrial 359,34,34,2126.7,2126.7,2025-04-24,2025-04-26,completed_late
Item SKU Industrial 39,26,26,2038.4,2344.16,2025-03-24,2025-03-24,completed
Item SKU Industrial 396,16,16,271.52,271.52,2025-01-13,2025-01-13,completed
Item SKU Industrial 417,29,29,1985.05,1985.05,2025-11-22,2025-11-22,completed
Item SKU Industrial 16,52,52,20787.0,20787.0,2025-08-21,2025-08-21,completed
Item SKU Industrial 275,14,14,754.32,754.32,2024-09-10,2024-09-10,completed
Item SKU Industrial 490,13,13,580.84,580.84,2024-12-14,2024-12-14,completed
Item SKU Industrial 467,5,5,430.45,430.45,2025-12-08,2025-12-10,completed_late
Item SKU Industrial 452,25,25,908.25,908.25,2026-01-19,2026-01-19,completed
Item SKU Industrial 221,4,4,246.68,246.68,2024-03-17,2024-03-17,completed
Item SKU Industrial 426,47,47,4363.01,4363.01,2026-04-19,2026-04-19,completed
Item SKU Industrial 39,13,13,1019.2,1019.2,2026-03-30,2026-03-30,completed
Item SKU Industrial 128,35,35,1140.3,1311.34,2026-03-29,2026-03-29,completed
Item SKU Industrial 185,19,19,1717.79,1717.79,2024-12-12,2024-12-12,completed
Item SKU Industrial 204,17,17,974.78,974.78,2026-02-28,2026-03-02,completed_late
Item SKU Industrial 195,6,6,282.24,282.24,2026-04-27,2026-04-27,completed
Item SKU Industrial 227,14,14,462.14,462.14,2025-01-20,2025-01-20,completed
Item SKU Industrial 175,25,25,2776.25,2776.25,2025-06-17,2025-06-17,completed
Item SKU Industrial 15,50,50,6038.0,6038.0,2026-05-08,2026-05-08,completed
Item SKU Industrial 242,38,38,348.84,348.84,2024-02-09,2024-02-09,completed
Item SKU Industrial 75,8,8,98.0,98.0,2025-08-10,2025-08-18,completed_late
Item SKU Industrial 402,18,18,498.78,498.78,2025-05-24,2025-05-26,completed_late
Item SKU Industrial 492,4,4,81.32,81.32,2025-05-09,2025-05-09,completed
Item SKU Industrial 81,37,37,2655.86,3054.24,2025-03-27,2025-03-27,completed
Item SKU Industrial 169,19,19,1684.92,1684.92,2025-11-30,2025-11-30,completed
Item SKU Industrial 105,50,50,3215.0,3215.0,2024-06-15,2024-06-15,completed
Item SKU Industrial 228,25,25,558.25,558.25,2025-03-15,2025-03-15,completed
Item SKU Industrial 89,3,3,234.39,234.39,2025-04-05,2025-04-05,completed
Item SKU Industrial 390,5,5,37.45,37.45,2026-05-08,2026-05-10,completed_late
Item SKU Industrial 42,26,26,822.38,822.38,2025-12-15,2025-12-15,completed
Item SKU Industrial 375,8,8,808.96,808.96,2025-11-14,2025-11-14,completed
Item SKU Industrial 168,41,41,1135.7,1135.7,2025-11-12,2025-11-12,completed
Item SKU Industrial 145,40,40,814.4,814.4,2025-03-09,2025-03-09,completed
Item SKU Industrial 405,33,33,2972.97,2972.97,2026-01-17,2026-01-17,completed
Item SKU Industrial 459,44,44,799.92,919.91,2025-12-14,2025-12-14,completed
Item SKU Industrial 128,53,53,1726.74,1726.74,2026-01-17,2026-01-19,completed_late
Item SKU Industrial 341,25,25,5289.25,5289.25,2025-04-14,2025-04-14,completed
Item SKU Industrial 396,11,11,186.67,186.67,2025-09-04,2025-09-04,completed
Item SKU Industrial 38,1,1,290.2,290.2,2025-01-25,2025-01-25,completed
Item SKU Industrial 131,16,16,302.4,302.4,2025-09-09,2025-09-09,completed
Item SKU Industrial 396,4,4,67.88,67.88,2024-06-10,2024-06-10,completed
Item SKU Industrial 336,18,18,2029.86,2029.86,2025-09-07,2025-09-07,completed
Item SKU Industrial 402,2,2,55.42,55.42,2024-06-15,2024-06-17,completed_late
Item SKU Industrial 293,22,22,485.76,485.76,2025-04-18,2025-04-18,completed
Item SKU Industrial 419,36,36,3505.32,3505.32,2024-01-12,2024-01-12,completed
Item SKU Industrial 178,28,28,1761.76,2026.02,2025-07-23,2025-07-23,completed
Item SKU Industrial 74,42,42,1582.56,1582.56,2025-10-31,2025-10-31,completed
Item SKU Industrial 130,42,42,4141.62,4141.62,2026-04-19,2026-04-19,completed
Item SKU Industrial 174,18,18,1031.04,1031.04,2025-05-01,2025-05-01,completed
Item SKU Industrial 53,6,6,1107.6,1107.6,2024-09-26,2024-10-04,completed_late
Item SKU Industrial 266,4,4,33.16,33.16,2024-08-02,2024-08-02,completed
Item SKU Industrial 106,44,44,3987.72,3987.72,2025-12-26,2025-12-26,completed
Item SKU Industrial 330,12,12,123.24,123.24,2025-10-26,2025-10-26,completed
Item SKU Industrial 425,4,4,899.44,899.44,2026-05-14,2026-05-14,completed
Item SKU Industrial 108,18,18,952.92,952.92,2024-05-05,2024-05-05,completed
Item SKU Industrial 248,20,20,889.4,889.4,2026-03-27,2026-03-27,completed
Item SKU Industrial 63,16,16,2339.68,2690.63,2025-04-06,2025-04-08,completed_late
Item SKU Industrial 45,5,5,630.8,630.8,2026-02-01,2026-02-01,completed
Item SKU Industrial 442,6,6,540.96,540.96,2026-04-12,2026-04-12,completed
Item SKU Industrial 92,2,2,63.98,63.98,2024-10-28,2024-10-28,completed
Item SKU Industrial 384,22,22,4748.7,4748.7,2025-08-28,2025-08-28,completed
Item SKU Industrial 5,38,38,1199.66,1199.66,2025-09-06,2025-09-06,completed
Item SKU Industrial 169,29,29,2571.72,2571.72,2025-07-21,2025-07-21,completed
Item SKU Industrial 407,5,5,355.35,355.35,2024-11-09,2024-11-11,completed_late
Item SKU Industrial 286,38,38,1515.82,1515.82,2026-02-20,2026-02-20,completed
Item SKU Industrial 283,14,14,581.7,581.7,2026-03-14,2026-03-14,completed
Item SKU Industrial 378,3,3,286.53,286.53,2024-06-22,2024-06-22,completed
Item SKU Industrial 260,34,34,501.16,576.33,2026-04-05,2026-04-05,completed
Item SKU Industrial 91,33,33,1210.44,1210.44,2025-11-21,2025-11-21,completed
Item SKU Industrial 221,38,38,2343.46,2343.46,2026-01-19,2026-01-19,completed
Item SKU Industrial 51,34,34,2509.88,2509.88,2024-12-22,2024-12-24,completed_late
Item SKU Industrial 34,53,53,8832.98,8832.98,2025-01-19,2025-01-19,completed
Item SKU Industrial 457,47,47,2528.13,2528.13,2024-10-14,2024-10-14,completed
Item SKU Industrial 284,44,44,3408.24,3408.24,2024-06-02,2024-06-02,completed
Item SKU Industrial 92,40,40,1279.6,1279.6,2025-04-10,2025-04-10,completed
Item SKU Industrial 43,4,4,177.8,177.8,2025-06-23,2025-06-23,completed
Item SKU Industrial 12,15,15,532.65,532.65,2026-04-27,2026-04-27,completed
Item SKU Industrial 56,5,5,89.15,89.15,2024-03-02,2024-03-04,completed_late
Item SKU Industrial 50,16,16,169.44,194.86,2026-04-07,2026-04-15,completed_late
Item SKU Industrial 84,5,5,53.8,53.8,2026-02-26,2026-02-26,completed
Item SKU Industrial 463,24,24,1094.4,1094.4,2025-09-28,2025-09-28,completed
Item SKU Industrial 145,25,25,509.0,509.0,2025-12-21,2025-12-21,completed
Item SKU Industrial 191,20,20,1790.4,1790.4,2025-05-23,2025-05-23,completed
Item SKU Industrial 9,49,49,9574.6,9574.6,2026-02-12,2026-02-12,completed
Item SKU Industrial 129,13,13,2135.77,2135.77,2026-03-14,2026-03-16,completed_late
Item SKU Industrial 437,37,37,4894.36,4894.36,2025-07-04,2025-07-04,completed
Item SKU Industrial 175,14,14,1554.7,1554.7,2024-06-23,2024-06-23,completed
Item SKU Industrial 345,30,30,3624.0,3624.0,2026-02-12,2026-02-12,completed
Item SKU Industrial 271,48,48,8695.2,8695.2,2024-07-01,2024-07-01,completed
Item SKU Industrial 247,27,27,645.84,742.72,2024-11-15,2024-11-15,completed
Item SKU Industrial 187,45,45,1084.5,1084.5,2025-11-20,2025-11-20,completed
Item SKU Industrial 244,34,34,4836.16,4836.16,2024-12-27,2024-12-29,completed_late
Item SKU Industrial 413,28,28,1197.28,1197.28,2025-01-24,2025-01-24,completed
Item SKU Industrial 89,16,16,1250.08,1250.08,2025-01-06,2025-01-06,completed
Item SKU Industrial 327,23,23,222.87,222.87,2025-10-30,2025-10-30,completed
Item SKU Industrial 222,48,48,4336.32,4336.32,2025-10-30,2025-10-30,completed
Item SKU Industrial 95,41,41,12611.6,12611.6,2025-05-03,2025-05-03,completed
Item SKU Industrial 126,7,7,702.8,702.8,2024-04-07,2024-04-07,completed
Item SKU Industrial 142,46,46,1938.9,1938.9,2024-12-22,2024-12-24,completed_late
Item SKU Industrial 351,53,53,7537.13,7537.13,2024-05-22,2024-05-22,completed
Item SKU Industrial 460,35,35,2409.05,2770.41,2025-11-15,2025-11-15,completed
Item SKU Industrial 326,24,24,1603.68,1603.68,2024-05-31,2024-05-31,completed
Item SKU Industrial 409,13,13,559.78,559.78,2024-02-25,2024-02-25,completed
Item SKU Industrial 148,42,42,12633.18,12633.18,2025-11-16,2025-11-16,completed
Item SKU Industrial 491,24,24,1969.2,1969.2,2024-12-12,2024-12-12,completed
Item SKU Industrial 463,20,20,912.0,912.0,2024-03-03,2024-03-05,completed_late
Item SKU Industrial 381,29,29,3356.46,3356.46,2026-05-04,2026-05-04,completed
Item SKU Industrial 8,29,29,2675.83,2675.83,2025-11-08,2025-11-16,completed_late
Item SKU Industrial 469,22,22,5299.14,5299.14,2026-04-06,2026-04-06,completed
Item SKU Industrial 162,1,1,155.78,155.78,2025-12-08,2025-12-08,completed
Item SKU Industrial 30,30,30,1314.0,1314.0,2024-02-02,2024-02-02,completed
Item SKU Industrial 175,28,28,3109.4,3575.81,2025-08-02,2025-08-02,completed
Item SKU Industrial 409,46,46,1980.76,1980.76,2026-01-29,2026-01-31,completed_late
Item SKU Industrial 68,48,48,1860.0,1860.0,2024-05-18,2024-05-18,completed
Item SKU Industrial 76,46,46,5345.66,5345.66,2025-12-15,2025-12-15,completed
Item SKU Industrial 144,13,13,5239.13,5239.13,2025-11-24,2025-11-24,completed
Item SKU Industrial 116,5,5,286.4,286.4,2025-08-25,2025-08-25,completed
Item SKU Industrial 340,22,22,856.24,856.24,2025-03-08,2025-03-08,completed
Item SKU Industrial 61,44,44,4818.88,4818.88,2024-09-28,2024-09-28,completed
Item SKU Industrial 18,31,31,1351.6,1351.6,2024-11-04,2024-11-06,completed_late
Item SKU Industrial 366,41,41,2250.08,2250.08,2025-06-15,2025-06-15,completed
Item SKU Industrial 305,9,9,1712.43,1712.43,2025-07-20,2025-07-20,completed
Item SKU Industrial 143,2,2,288.98,332.33,2025-12-27,2025-12-27,completed
Item SKU Industrial 88,1,1,120.44,120.44,2025-08-15,2025-08-15,completed
Item SKU Industrial 138,2,2,415.26,415.26,2025-12-28,2025-12-28,completed
Item SKU Industrial 424,29,29,2809.23,2809.23,2025-10-16,2025-10-16,completed
Item SKU Industrial 17,44,44,1792.56,1792.56,2025-09-04,2025-09-06,completed_late
Item SKU Industrial 44,7,7,794.29,794.29,2025-07-13,2025-07-13,completed
Item SKU Industrial 366,33,33,1811.04,1811.04,2025-02-14,2025-02-14,completed
Item SKU Industrial 315,38,38,799.52,799.52,2026-01-17,2026-01-17,completed
Item SKU Industrial 211,2,2,59.4,59.4,2024-07-29,2024-07-29,completed
Item SKU Industrial 336,27,27,3044.79,3044.79,2026-02-06,2026-02-06,completed
Item SKU Industrial 92,36,36,1151.64,1151.64,2024-12-14,2024-12-14,completed
Item SKU Industrial 22,29,29,5612.66,6454.56,2026-03-22,2026-03-24,completed_late
Item SKU Industrial 254,34,34,333.88,333.88,2024-08-25,2024-08-25,completed
Item SKU Industrial 67,28,28,8442.84,8442.84,2024-09-22,2024-09-22,completed
Item SKU Industrial 452,33,33,1198.89,1198.89,2026-02-20,2026-02-28,completed_late
Item SKU Industrial 177,52,52,9206.6,9206.6,2024-12-09,2024-12-09,completed
Item SKU Industrial 174,12,12,687.36,687.36,2024-09-08,2024-09-08,completed
Item SKU Industrial 142,33,33,1390.95,1390.95,2024-10-24,2024-10-24,completed
Item SKU Industrial 359,37,37,2314.35,2314.35,2024-05-24,2024-05-26,completed_late
Item SKU Industrial 201,45,45,10709.55,10709.55,2024-06-21,2024-06-21,completed
Item SKU Industrial 489,11,11,613.36,613.36,2024-02-04,2024-02-04,completed
Item SKU Industrial 62,22,22,242.0,242.0,2025-09-12,2025-09-12,completed
Item SKU Industrial 208,24,24,1255.68,1444.03,2025-12-16,2025-12-16,completed
Item SKU Industrial 23,3,3,131.04,131.04,2025-12-01,2025-12-01,completed
Item SKU Industrial 321,3,3,209.82,209.82,2024-11-09,2024-11-09,completed
Item SKU Industrial 251,22,22,963.82,963.82,2025-02-13,2025-02-15,completed_late
Item SKU Industrial 247,13,13,310.96,310.96,2024-03-15,2024-03-15,completed
Item SKU Industrial 365,47,47,1842.4,1842.4,2024-10-04,2024-10-04,completed
Item SKU Industrial 166,9,9,2186.28,2186.28,2025-12-21,2025-12-21,completed
Item SKU Industrial 483,2,2,100.9,100.9,2024-11-04,2024-11-04,completed
Item SKU Industrial 354,35,35,705.6,705.6,2025-07-06,2025-07-06,completed
Item SKU Industrial 490,34,34,1519.12,1519.12,2024-12-20,2024-12-20,completed
Item SKU Industrial 295,4,4,117.04,117.04,2025-12-11,2025-12-13,completed_late
Item SKU Industrial 18,8,8,348.8,401.12,2024-12-07,2024-12-07,completed
Item SKU Industrial 288,17,17,1201.73,1201.73,2025-07-14,2025-07-14,completed
Item SKU Industrial 445,5,5,160.3,160.3,2024-03-22,2024-03-22,completed
Item SKU Industrial 145,25,25,509.0,509.0,2025-01-12,2025-01-12,completed
Item SKU Industrial 318,34,34,2283.44,2283.44,2025-06-09,2025-06-09,completed
Item SKU Industrial 319,40,40,1035.6,1035.6,2025-02-02,2025-02-02,completed
Item SKU Industrial 51,44,44,3248.08,3248.08,2025-12-14,2025-12-16,completed_late
Item SKU Industrial 153,26,26,747.24,747.24,2025-12-26,2025-12-26,completed
Item SKU Industrial 194,47,47,10356.45,10356.45,2024-07-26,2024-07-26,completed
Item SKU Industrial 486,8,8,1060.8,1060.8,2026-03-05,2026-03-05,completed
Item SKU Industrial 346,41,41,8140.55,8140.55,2024-10-19,2024-10-27,completed_late
Item SKU Industrial 418,48,48,2748.48,3160.75,2025-08-25,2025-08-25,completed
Item SKU Industrial 397,46,46,6773.96,6773.96,2026-02-01,2026-02-01,completed
Item SKU Industrial 361,26,26,3947.32,3947.32,2025-08-03,2025-08-05,completed_late
Item SKU Industrial 160,33,33,4299.24,4299.24,2025-03-03,2025-03-03,completed
Item SKU Industrial 58,45,45,3951.9,3951.9,2025-12-28,2025-12-28,completed
Item SKU Industrial 354,46,46,927.36,927.36,2024-06-20,2024-06-20,completed
Item SKU Industrial 471,29,29,1623.13,1623.13,2026-02-07,2026-02-07,completed
Item SKU Industrial 160,51,51,6644.28,6644.28,2024-01-06,2024-01-06,completed
Item SKU Industrial 323,45,45,3193.65,3193.65,2026-04-11,2026-04-11,completed
Item SKU Industrial 22,13,13,2516.02,2516.02,2025-12-25,2025-12-27,completed_late
Item SKU Industrial 26,12,12,147.36,147.36,2025-08-23,2025-08-23,completed
Item SKU Industrial 436,14,14,4437.44,5103.06,2026-05-01,2026-05-01,completed
Item SKU Industrial 265,19,19,899.27,899.27,2024-03-03,2024-03-03,completed
Item SKU Industrial 31,22,22,3761.56,3761.56,2024-08-23,2024-08-23,completed
Item SKU Industrial 480,11,11,257.84,257.84,2024-04-20,2024-04-20,completed
Item SKU Industrial 114,13,13,3179.54,3179.54,2025-11-29,2025-11-29,completed
Item SKU Industrial 68,3,3,116.25,116.25,2025-05-10,2025-05-12,completed_late
Item SKU Industrial 407,35,35,2487.45,2487.45,2025-02-17,2025-02-17,completed
Item SKU Industrial 316,12,12,408.72,408.72,2025-08-23,2025-08-23,completed
Item SKU Industrial 117,4,4,361.6,361.6,2026-03-20,2026-03-20,completed
Item SKU Industrial 334,17,17,580.21,580.21,2025-11-24,2025-11-24,completed
Item SKU Industrial 86,36,36,624.6,624.6,2024-06-13,2024-06-13,completed
Item SKU Industrial 368,1,1,133.02,152.97,2025-08-02,2025-08-02,completed
Item SKU Industrial 326,51,51,3407.82,3407.82,2025-09-01,2025-09-03,completed_late
Item SKU Industrial 181,52,52,2189.72,2189.72,2025-06-09,2025-06-09,completed
Item SKU Industrial 375,26,26,2629.12,2629.12,2025-05-26,2025-05-26,completed
Item SKU Industrial 485,50,50,614.0,614.0,2024-06-13,2024-06-13,completed
Item SKU Industrial 336,19,19,2142.63,2142.63,2024-01-10,2024-01-10,completed
Item SKU Industrial 448,51,51,1890.06,1890.06,2026-05-01,2026-05-09,completed_late
Item SKU Industrial 93,28,28,5029.08,5029.08,2024-05-26,2024-05-26,completed
Item SKU Industrial 499,17,17,830.28,830.28,2026-01-04,2026-01-06,completed_late
Item SKU Industrial 462,2,2,368.52,368.52,2026-03-12,2026-03-12,completed
Item SKU Industrial 197,18,18,2752.74,2752.74,2025-06-20,2025-06-20,completed
Item SKU Industrial 143,7,7,1011.43,1163.14,2025-01-25,2025-01-25,completed
Item SKU Industrial 155,1,1,179.21,179.21,2025-05-26,2025-05-26,completed
Item SKU Industrial 210,13,13,984.62,984.62,2024-10-03,2024-10-03,completed
Item SKU Industrial 447,39,39,237.9,237.9,2025-06-23,2025-06-23,completed
Item SKU Industrial 399,53,53,2845.57,2845.57,2026-04-15,2026-04-17,completed_late
Item SKU Industrial 210,17,17,1287.58,1287.58,2026-05-15,2026-05-15,completed
Item SKU Industrial 92,34,34,1087.66,1087.66,2024-12-26,2024-12-26,completed
Item SKU Industrial 17,52,52,2118.48,2118.48,2025-03-15,2025-03-15,completed
Item SKU Industrial 372,18,18,810.72,810.72,2024-09-13,2024-09-13,completed
Item SKU Industrial 283,6,6,249.3,249.3,2026-01-16,2026-01-16,completed
Item SKU Industrial 90,34,34,9672.66,9672.66,2025-07-04,2025-07-04,completed
Item SKU Industrial 339,37,37,1757.87,2021.55,2024-08-22,2024-08-24,completed_late
Item SKU Industrial 38,8,8,2321.6,2321.6,2026-02-01,2026-02-01,completed
Item SKU Industrial 497,3,3,86.58,86.58,2024-07-13,2024-07-13,completed
Item SKU Industrial 474,26,26,1582.36,1582.36,2025-04-12,2025-04-12,completed
Item SKU Industrial 194,2,2,440.7,440.7,2025-04-28,2025-04-28,completed
Item SKU Industrial 471,20,20,1119.4,1119.4,2025-07-24,2025-07-24,completed
Item SKU Industrial 499,51,51,2490.84,2490.84,2024-02-22,2024-02-22,completed
Item SKU Industrial 149,3,3,480.24,480.24,2026-05-08,2026-05-10,completed_late
Item SKU Industrial 462,12,12,2211.12,2211.12,2026-04-13,2026-04-13,completed
Item SKU Industrial 367,48,48,1636.8,1636.8,2026-03-07,2026-03-07,completed
Item SKU Industrial 315,50,50,1052.0,1052.0,2025-09-20,2025-09-20,completed
Item SKU Industrial 199,8,8,727.92,837.11,2024-09-05,2024-09-05,completed
Item SKU Industrial 239,4,4,56.48,56.48,2024-11-15,2024-11-15,completed
Item SKU Industrial 395,25,25,3701.75,3701.75,2024-05-11,2024-05-19,completed_late
Item SKU Industrial 180,37,37,7144.7,7144.7,2025-04-24,2025-04-26,completed_late
Item SKU Industrial 202,40,40,652.8,652.8,2024-07-31,2024-07-31,completed
Item SKU Industrial 386,22,22,420.64,420.64,2024-04-28,2024-04-28,completed
Item SKU Industrial 215,29,29,634.52,634.52,2025-10-25,2025-10-25,completed
Item SKU Industrial 272,4,4,374.44,374.44,2025-07-26,2025-07-26,completed
Item SKU Industrial 343,36,36,9944.28,9944.28,2026-03-12,2026-03-12,completed
Item SKU Industrial 26,23,23,282.44,282.44,2024-01-15,2024-01-15,completed
Item SKU Industrial 241,16,16,3828.48,3828.48,2025-11-19,2025-11-21,completed_late
Item SKU Industrial 419,34,34,3310.58,3807.17,2025-09-08,2025-09-08,completed
Item SKU Industrial 301,46,46,14458.26,14458.26,2024-02-17,2024-02-17,completed
Item SKU Industrial 105,38,38,2443.4,2443.4,2024-03-09,2024-03-09,completed
Item SKU Industrial 95,18,18,5536.8,5536.8,2025-10-10,2025-10-10,completed
Item SKU Industrial 123,34,34,340.0,340.0,2024-05-09,2024-05-09,completed
Item SKU Industrial 98,51,51,429.42,429.42,2025-11-27,2025-11-27,completed
Item SKU Industrial 421,33,33,6690.42,6690.42,2025-03-02,2025-03-04,completed_late
Item SKU Industrial 14,11,11,1150.71,1150.71,2026-03-13,2026-03-13,completed
Item SKU Industrial 476,41,41,435.83,435.83,2024-03-24,2024-03-24,completed
Item SKU Industrial 264,7,7,221.48,221.48,2026-04-25,2026-04-25,completed
Item SKU Industrial 316,42,42,1430.52,1430.52,2024-11-25,2024-11-25,completed
Item SKU Industrial 201,17,17,4045.83,4652.7,2025-08-08,2025-08-08,completed
Item SKU Industrial 408,47,47,1447.6,1447.6,2025-01-25,2025-01-25,completed
Item SKU Industrial 425,23,23,5171.78,5171.78,2025-01-09,2025-01-11,completed_late
Item SKU Industrial 138,23,23,4775.49,4775.49,2024-07-19,2024-07-19,completed
Item SKU Industrial 6,19,19,353.59,353.59,2024-07-04,2024-07-04,completed
Item SKU Industrial 72,14,14,5084.8,5084.8,2024-03-04,2024-03-04,completed
Item SKU Industrial 233,9,9,339.3,339.3,2025-10-06,2025-10-06,completed
Item SKU Industrial 63,14,14,2047.22,2047.22,2024-11-30,2024-11-30,completed
Item SKU Industrial 283,3,3,124.65,124.65,2025-05-16,2025-05-16,completed
Item SKU Industrial 430,12,12,713.16,713.16,2025-08-08,2025-08-16,completed_late
Item SKU Industrial 357,22,22,3752.32,3752.32,2026-01-29,2026-01-29,completed
Item SKU Industrial 165,37,37,515.78,593.15,2024-01-13,2024-01-13,completed
Item SKU Industrial 291,17,17,327.93,327.93,2025-11-23,2025-11-23,completed
Item SKU Industrial 260,9,9,132.66,132.66,2024-12-29,2024-12-29,completed
Item SKU Industrial 74,20,20,753.6,753.6,2024-02-16,2024-02-16,completed
Item SKU Industrial 348,28,28,287.0,287.0,2025-11-07,2025-11-07,completed
Item SKU Industrial 418,15,15,858.9,858.9,2025-01-21,2025-01-23,completed_late
Item SKU Industrial 280,48,48,2768.64,2768.64,2025-08-17,2025-08-17,completed
Item SKU Industrial 176,7,7,536.55,536.55,2025-10-19,2025-10-19,completed
Item SKU Industrial 434,22,22,1199.22,1199.22,2025-09-21,2025-09-21,completed
Item SKU Industrial 464,11,11,885.5,885.5,2024-09-28,2024-09-28,completed
Item SKU Industrial 445,35,35,1122.1,1122.1,2025-03-10,2025-03-10,completed
Item SKU Industrial 22,30,30,5806.2,6677.13,2024-02-24,2024-02-24,completed
Item SKU Industrial 492,25,25,508.25,508.25,2025-08-25,2025-08-27,completed_late
Item SKU Industrial 147,31,31,1581.62,1581.62,2025-08-03,2025-08-03,completed
Item SKU Industrial 453,48,48,1940.64,1940.64,2025-04-26,2025-04-26,completed
Item SKU Industrial 343,49,49,13535.27,13535.27,2024-02-10,2024-02-10,completed
Item SKU Industrial 248,12,12,533.64,533.64,2024-02-08,2024-02-08,completed
Item SKU Industrial 483,23,23,1160.35,1160.35,2024-12-06,2024-12-06,completed
Item SKU Industrial 437,37,37,4894.36,4894.36,2025-05-25,2025-05-25,completed
Item SKU Industrial 59,4,4,60.32,60.32,2025-07-14,2025-07-16,completed_late
Item SKU Industrial 431,13,13,1679.21,1679.21,2024-10-28,2024-10-28,completed
Item SKU Industrial 122,35,35,3077.2,3077.2,2024-11-04,2024-11-04,completed
Item SKU Industrial 97,8,8,2777.2,3193.78,2024-10-20,2024-10-20,completed
Item SKU Industrial 264,52,52,1645.28,1645.28,2026-04-19,2026-04-19,completed
Item SKU Industrial 295,17,17,497.42,497.42,2024-02-23,2024-02-23,completed
Item SKU Industrial 458,22,22,349.14,349.14,2026-01-16,2026-01-16,completed
Item SKU Industrial 140,42,42,374.22,374.22,2024-11-17,2024-11-19,completed_late
Item SKU Industrial 82,12,12,74.88,74.88,2025-03-22,2025-03-30,completed_late
Item SKU Industrial 212,39,39,513.24,513.24,2024-04-19,2024-04-19,completed
Item SKU Industrial 119,26,26,622.7,622.7,2024-05-05,2024-05-05,completed
Item SKU Industrial 328,29,29,1234.53,1234.53,2024-06-17,2024-06-17,completed
Item SKU Industrial 376,18,18,234.18,234.18,2026-05-01,2026-05-01,completed
Item SKU Industrial 320,44,44,717.64,717.64,2025-11-29,2025-11-29,completed
Item SKU Industrial 292,8,8,238.16,273.88,2026-05-07,2026-05-09,completed_late
Item SKU Industrial 40,51,51,4674.66,4674.66,2025-10-03,2025-10-03,completed
Item SKU Industrial 65,14,14,198.66,198.66,2024-09-23,2024-09-23,completed
Item SKU Industrial 161,15,15,3917.55,3917.55,2025-01-17,2025-01-17,completed
Item SKU Industrial 184,23,23,2547.48,2547.48,2025-02-03,2025-02-03,completed
Item SKU Industrial 68,23,23,891.25,891.25,2026-04-18,2026-04-18,completed
Item SKU Industrial 238,44,44,4459.4,4459.4,2025-04-25,2025-04-25,completed
Item SKU Industrial 237,52,52,7288.32,7288.32,2024-07-08,2024-07-10,completed_late
Item SKU Industrial 159,13,13,805.22,805.22,2025-11-29,2025-11-29,completed
Item SKU Industrial 444,20,20,228.8,228.8,2025-08-15,2025-08-15,completed
Item SKU Industrial 74,42,42,1582.56,1582.56,2025-03-31,2025-03-31,completed
Item SKU Industrial 383,20,20,1511.2,1737.88,2024-01-28,2024-01-28,completed
Item SKU Industrial 8,29,29,2675.83,2675.83,2024-02-09,2024-02-09,completed
Item SKU Industrial 24,3,3,364.95,364.95,2025-07-21,2025-07-21,completed
Item SKU Industrial 180,52,52,10041.2,10041.2,2025-02-08,2025-02-10,completed_late
Item SKU Industrial 239,47,47,663.64,663.64,2024-06-30,2024-06-30,completed
Item SKU Industrial 85,35,35,605.5,605.5,2025-11-23,2025-11-23,completed
Item SKU Industrial 274,38,38,5131.14,5131.14,2025-04-14,2025-04-14,completed
Item SKU Industrial 486,29,29,3845.4,3845.4,2024-09-12,2024-09-12,completed
Item SKU Industrial 104,30,30,9668.7,9668.7,2024-02-06,2024-02-06,completed
Item SKU Industrial 315,15,15,315.6,315.6,2025-10-05,2025-10-05,completed
Item SKU Industrial 188,19,19,275.69,275.69,2025-03-28,2025-03-30,completed_late
Item SKU Industrial 201,12,12,2855.88,3284.26,2024-02-25,2024-02-25,completed
Item SKU Industrial 333,45,45,6030.9,6030.9,2025-12-04,2025-12-12,completed_late
Item SKU Industrial 394,25,25,906.0,906.0,2025-10-31,2025-10-31,completed
Item SKU Industrial 363,29,29,4424.24,4424.24,2024-12-23,2024-12-23,completed
Item SKU Industrial 438,30,30,544.2,544.2,2025-12-25,2025-12-25,completed
Item SKU Industrial 431,38,38,4908.46,4908.46,2024-05-01,2024-05-01,completed
Item SKU Industrial 41,41,41,2330.03,2330.03,2025-05-19,2025-05-21,completed_late
Item SKU Industrial 479,5,5,855.5,855.5,2026-05-03,2026-05-03,completed
Item SKU Industrial 175,40,40,4442.0,4442.0,2025-04-20,2025-04-20,completed
Item SKU Industrial 102,47,47,623.69,623.69,2026-04-16,2026-04-16,completed
Item SKU Industrial 267,31,31,1178.31,1178.31,2026-03-01,2026-03-01,completed
Item SKU Industrial 87,45,45,4144.05,4765.66,2025-06-02,2025-06-02,completed
Item SKU Industrial 136,49,49,4242.91,4242.91,2026-05-09,2026-05-09,completed
Item SKU Industrial 435,41,41,633.45,633.45,2024-08-12,2024-08-14,completed_late
Item SKU Industrial 92,7,7,223.93,223.93,2024-10-07,2024-10-07,completed
Item SKU Industrial 193,51,51,2321.01,2321.01,2025-02-27,2025-02-27,completed
Item SKU Industrial 471,49,49,2742.53,2742.53,2026-02-12,2026-02-12,completed
Item SKU Industrial 218,11,11,275.22,275.22,2025-08-29,2025-08-29,completed
Item SKU Industrial 165,2,2,27.88,27.88,2024-02-21,2024-02-21,completed
Item SKU Industrial 377,52,52,13408.2,13408.2,2024-12-28,2024-12-28,completed
Item SKU Industrial 313,52,52,1717.04,1717.04,2026-01-22,2026-01-24,completed_late
Item SKU Industrial 20,44,44,1656.6,1656.6,2025-12-23,2025-12-23,completed
Item SKU Industrial 469,16,16,3853.92,4432.01,2025-02-13,2025-02-13,completed
Item SKU Industrial 21,26,26,6459.18,6459.18,2024-09-20,2024-09-20,completed
Item SKU Industrial 441,9,9,686.7,686.7,2025-09-26,2025-09-26,completed
Item SKU Industrial 366,3,3,164.64,164.64,2025-11-26,2025-11-26,completed
Item SKU Industrial 424,4,4,387.48,387.48,2024-01-20,2024-01-20,completed
Item SKU Industrial 110,28,28,2112.6,2112.6,2025-10-03,2025-10-05,completed_late
Item SKU Industrial 181,44,44,1852.84,1852.84,2024-02-24,2024-02-24,completed
Item SKU Industrial 386,37,37,707.44,707.44,2026-01-17,2026-01-17,completed
Item SKU Industrial 181,45,45,1894.95,1894.95,2024-01-06,2024-01-14,completed_late
Item SKU Industrial 93,20,20,3592.2,3592.2,2026-03-23,2026-03-23,completed
Item SKU Industrial 212,48,48,631.68,631.68,2024-12-24,2024-12-24,completed
Item SKU Industrial 265,7,7,331.31,381.01,2026-03-31,2026-03-31,completed
Item SKU Industrial 105,49,49,3150.7,3150.7,2024-03-08,2024-03-10,completed_late
Item SKU Industrial 157,48,48,28830.72,28830.72,2026-01-12,2026-01-12,completed
Item SKU Industrial 157,8,8,4805.12,4805.12,2025-04-24,2025-04-24,completed
Item SKU Industrial 386,15,15,286.8,286.8,2024-11-18,2024-11-18,completed
Item SKU Industrial 491,17,17,1394.85,1394.85,2024-12-08,2024-12-08,completed
Item SKU Industrial 343,18,18,4972.14,4972.14,2025-07-31,2025-07-31,completed
Item SKU Industrial 157,42,42,25226.88,25226.88,2025-10-31,2025-10-31,completed
Item SKU Industrial 106,18,18,1631.34,1631.34,2025-08-01,2025-08-03,completed_late
Item SKU Industrial 51,7,7,516.74,516.74,2025-06-05,2025-06-05,completed
Item SKU Industrial 39,11,11,862.4,862.4,2024-03-21,2024-03-21,completed
Item SKU Industrial 444,12,12,137.28,157.87,2025-07-24,2025-07-24,completed
Item SKU Industrial 113,29,29,809.68,809.68,2024-03-09,2024-03-09,completed
Item SKU Industrial 11,6,6,962.7,962.7,2025-07-17,2025-07-17,completed
Item SKU Industrial 285,51,51,4279.92,4279.92,2025-12-21,2025-12-21,completed
Item SKU Industrial 12,52,52,1846.52,1846.52,2026-01-29,2026-01-31,completed_late
Item SKU Industrial 475,15,15,1269.6,1269.6,2024-07-04,2024-07-04,completed
Item SKU Industrial 436,33,33,10459.68,10459.68,2025-04-06,2025-04-06,completed
Item SKU Industrial 46,17,17,2529.26,2529.26,2025-03-01,2025-03-01,completed
Item SKU Industrial 227,29,29,957.29,957.29,2025-09-04,2025-09-04,completed
Item SKU Industrial 344,38,38,700.72,700.72,2024-10-13,2024-10-13,completed
Item SKU Industrial 480,8,8,187.52,187.52,2025-10-18,2025-10-18,completed
Item SKU Industrial 292,24,24,714.48,821.65,2025-03-14,2025-03-16,completed_late
Item SKU Industrial 158,37,37,14955.77,14955.77,2026-04-11,2026-04-11,completed
Item SKU Industrial 150,42,42,5436.48,5436.48,2024-09-23,2024-09-23,completed
Item SKU Industrial 32,16,16,790.72,790.72,2025-05-29,2025-05-29,completed
Item SKU Industrial 141,34,34,272.0,272.0,2026-02-01,2026-02-09,completed_late
Item SKU Industrial 295,40,40,1170.4,1170.4,2025-05-24,2025-05-24,completed
Item SKU Industrial 79,40,40,9030.0,9030.0,2025-05-19,2025-05-19,completed
Item SKU Industrial 77,25,25,1769.25,1769.25,2026-04-12,2026-04-14,completed_late
Item SKU Industrial 209,9,9,318.87,318.87,2024-11-22,2024-11-22,completed
Item SKU Industrial 89,13,13,1015.69,1015.69,2024-03-23,2024-03-23,completed
Item SKU Industrial 474,31,31,1886.66,1886.66,2025-12-03,2025-12-03,completed
Item SKU Industrial 143,6,6,866.94,996.98,2025-08-07,2025-08-07,completed
Item SKU Industrial 294,26,26,616.98,616.98,2024-07-14,2024-07-14,completed
Item SKU Industrial 414,24,24,1517.04,1517.04,2025-03-20,2025-03-20,completed
Item SKU Industrial 279,4,4,438.24,438.24,2026-01-12,2026-01-14,completed_late
Item SKU Industrial 390,52,52,389.48,389.48,2025-12-05,2025-12-05,completed
Item SKU Industrial 109,41,41,3582.58,3582.58,2024-10-21,2024-10-21,completed
Item SKU Industrial 189,8,8,48.72,48.72,2024-11-14,2024-11-14,completed
Item SKU Industrial 307,45,45,1182.15,1182.15,2025-11-10,2025-11-10,completed
Item SKU Industrial 1,13,13,568.62,568.62,2025-04-17,2025-04-17,completed
Item SKU Industrial 411,22,22,4819.54,4819.54,2026-02-19,2026-02-19,completed
Item SKU Industrial 102,42,42,557.34,557.34,2024-11-25,2024-11-27,completed_late
Item SKU Industrial 437,35,35,4629.8,5324.27,2025-03-20,2025-03-20,completed
Item SKU Industrial 336,6,6,676.62,676.62,2026-05-02,2026-05-02,completed
Item SKU Industrial 288,48,48,3393.12,3393.12,2024-11-28,2024-11-28,completed
Item SKU Industrial 188,47,47,681.97,681.97,2025-05-17,2025-05-17,completed
Item SKU Industrial 138,45,45,9343.35,9343.35,2025-01-26,2025-01-26,completed
Item SKU Industrial 76,23,23,2672.83,2672.83,2026-02-09,2026-02-09,completed
Item SKU Industrial 276,44,44,646.8,646.8,2024-09-27,2024-09-29,completed_late
Item SKU Industrial 64,51,51,5917.53,5917.53,2025-05-12,2025-05-12,completed
Item SKU Industrial 377,41,41,10571.85,10571.85,2026-04-17,2026-04-17,completed
Item SKU Industrial 491,17,17,1394.85,1394.85,2025-10-23,2025-10-23,completed
Item SKU Industrial 371,50,50,11463.0,11463.0,2026-04-20,2026-04-20,completed
Item SKU Industrial 29,35,35,4909.8,5646.27,2025-11-21,2025-11-29,completed_late
Item SKU Industrial 25,41,41,5668.66,5668.66,2025-10-03,2025-10-03,completed
Item SKU Industrial 79,13,13,2934.75,2934.75,2025-01-12,2025-01-14,completed_late
Item SKU Industrial 447,19,19,115.9,115.9,2025-10-17,2025-10-17,completed
Item SKU Industrial 494,17,17,2414.68,2414.68,2025-06-26,2025-06-26,completed
Item SKU Industrial 168,33,33,914.1,914.1,2025-09-04,2025-09-04,completed
Item SKU Industrial 46,33,33,4909.74,4909.74,2026-03-22,2026-03-22,completed
Item SKU Industrial 250,37,37,3389.2,3389.2,2025-04-02,2025-04-02,completed
Item SKU Industrial 357,18,18,3070.08,3070.08,2025-10-20,2025-10-20,completed
Item SKU Industrial 370,41,41,1038.12,1038.12,2024-02-02,2024-02-04,completed_late
Item SKU Industrial 474,34,34,2069.24,2069.24,2025-05-17,2025-05-17,completed
Item SKU Industrial 13,52,52,1225.64,1409.49,2024-08-25,2024-08-25,completed
Item SKU Industrial 490,13,13,580.84,580.84,2026-03-17,2026-03-17,completed
Item SKU Industrial 87,13,13,1197.17,1197.17,2024-05-02,2024-05-02,completed
Item SKU Industrial 471,33,33,1847.01,1847.01,2025-12-11,2025-12-11,completed
Item SKU Industrial 374,39,39,6754.8,6754.8,2026-04-03,2026-04-03,completed
Item SKU Industrial 139,30,30,4877.7,4877.7,2025-10-11,2025-10-13,completed_late
Item SKU Industrial 88,18,18,2167.92,2167.92,2025-01-24,2025-01-24,completed
Item SKU Industrial 93,16,16,2873.76,2873.76,2024-06-06,2024-06-06,completed
Item SKU Industrial 77,13,13,920.01,920.01,2025-05-02,2025-05-02,completed
Item SKU Industrial 166,16,16,3886.72,3886.72,2026-02-27,2026-02-27,completed
Item SKU Industrial 42,1,1,31.63,31.63,2025-03-15,2025-03-15,completed
Item SKU Industrial 215,13,13,284.44,327.11,2025-09-12,2025-09-12,completed
Item SKU Industrial 338,39,39,2345.85,2345.85,2025-09-22,2025-09-24,completed_late
Item SKU Industrial 373,48,48,3225.6,3225.6,2024-11-25,2024-11-25,completed
Item SKU Industrial 392,36,36,4273.56,4273.56,2026-04-26,2026-04-26,completed
Item SKU Industrial 332,38,38,1482.38,1482.38,2025-04-11,2025-04-11,completed
Item SKU Industrial 492,23,23,467.59,467.59,2025-07-26,2025-07-26,completed
Item SKU Industrial 302,29,29,481.11,481.11,2026-03-07,2026-03-07,completed
Item SKU Industrial 403,27,27,3074.76,3074.76,2024-07-22,2024-07-30,completed_late
Item SKU Industrial 491,11,11,902.55,902.55,2026-01-23,2026-01-25,completed_late
Item SKU Industrial 383,30,30,2266.8,2266.8,2026-05-08,2026-05-08,completed
Item SKU Industrial 183,9,9,83.16,83.16,2026-05-19,2026-05-19,completed
Item SKU Industrial 208,26,26,1360.32,1564.37,2024-03-07,2024-03-07,completed
Item SKU Industrial 457,37,37,1990.23,1990.23,2025-12-01,2025-12-01,completed
Item SKU Industrial 25,4,4,553.04,553.04,2025-03-28,2025-03-28,completed
Item SKU Industrial 240,23,23,4660.95,4660.95,2025-07-14,2025-07-14,completed
Item SKU Industrial 228,35,35,781.55,781.55,2024-05-27,2024-05-29,completed_late
Item SKU Industrial 472,2,2,27.82,27.82,2025-11-16,2025-11-16,completed
Item SKU Industrial 235,52,52,5817.24,5817.24,2026-01-25,2026-01-25,completed
Item SKU Industrial 397,51,51,7510.26,7510.26,2024-02-04,2024-02-04,completed
Item SKU Industrial 33,2,2,14.28,14.28,2025-07-07,2025-07-07,completed
Item SKU Industrial 444,12,12,137.28,137.28,2025-07-10,2025-07-10,completed
Item SKU Industrial 146,2,2,156.66,156.66,2025-01-24,2025-01-24,completed
Item SKU Industrial 304,49,49,15269.87,17560.35,2025-11-10,2025-11-12,completed_late
Item SKU Industrial 79,24,24,5418.0,5418.0,2025-01-03,2025-01-03,completed
Item SKU Industrial 463,18,18,820.8,820.8,2026-04-13,2026-04-13,completed
Item SKU Industrial 77,52,52,3680.04,3680.04,2025-10-02,2025-10-02,completed
Item SKU Industrial 132,30,30,6035.7,6035.7,2025-12-22,2025-12-22,completed
Item SKU Industrial 23,42,42,1834.56,1834.56,2024-02-01,2024-02-01,completed
Item SKU Industrial 201,42,42,9995.58,9995.58,2025-12-21,2025-12-21,completed
Item SKU Industrial 223,27,27,596.7,596.7,2025-10-12,2025-10-14,completed_late
Item SKU Industrial 164,5,5,293.05,293.05,2025-11-13,2025-11-13,completed
Item SKU Industrial 382,51,51,3967.8,3967.8,2025-12-04,2025-12-04,completed
Item SKU Industrial 13,37,37,872.09,872.09,2026-02-13,2026-02-13,completed
Item SKU Industrial 141,2,2,16.0,18.4,2024-02-01,2024-02-01,completed
Item SKU Industrial 373,6,6,403.2,403.2,2026-05-08,2026-05-08,completed
Item SKU Industrial 39,52,52,4076.8,4076.8,2025-03-07,2025-03-07,completed
Item SKU Industrial 447,42,42,256.2,256.2,2024-08-01,2024-08-09,completed_late
Item SKU Industrial 109,27,27,2359.26,2359.26,2024-01-05,2024-01-05,completed
Item SKU Industrial 497,48,48,1385.28,1385.28,2025-05-04,2025-05-04,completed
Item SKU Industrial 88,49,49,5901.56,5901.56,2025-08-13,2025-08-13,completed
Item SKU Industrial 168,15,15,415.5,415.5,2025-05-09,2025-05-09,completed
Item SKU Industrial 478,46,46,1139.42,1139.42,2025-09-06,2025-09-06,completed
Item SKU Industrial 71,38,38,8857.42,8857.42,2026-01-12,2026-01-12,completed
Item SKU Industrial 288,28,28,1979.32,1979.32,2025-07-17,2025-07-19,completed_late
Item SKU Industrial 278,6,6,416.58,479.07,2026-03-27,2026-03-27,completed
Item SKU Industrial 244,50,50,7112.0,7112.0,2026-02-11,2026-02-11,completed
Item SKU Industrial 150,11,11,1423.84,1423.84,2024-03-01,2024-03-01,completed
Item SKU Industrial 373,40,40,2688.0,2688.0,2026-05-18,2026-05-18,completed
Item SKU Industrial 442,4,4,360.64,360.64,2026-02-08,2026-02-08,completed
Item SKU Industrial 434,3,3,163.53,163.53,2026-04-13,2026-04-13,completed
Item SKU Industrial 279,5,5,547.8,547.8,2025-04-22,2025-04-24,completed_late
Item SKU Industrial 448,1,1,37.06,37.06,2024-04-04,2024-04-04,completed
Item SKU Industrial 33,4,4,28.56,28.56,2025-10-25,2025-10-25,completed
Item SKU Industrial 441,18,18,1373.4,1373.4,2024-03-07,2024-03-07,completed
Item SKU Industrial 441,53,53,4043.9,4043.9,2026-03-07,2026-03-07,completed
Item SKU Industrial 285,20,20,1678.4,1930.16,2025-03-01,2025-03-01,completed
Item SKU Industrial 164,8,8,468.88,468.88,2026-03-14,2026-03-14,completed
Item SKU Industrial 261,9,9,435.51,435.51,2024-01-12,2024-01-14,completed_late
Item SKU Industrial 447,34,34,207.4,207.4,2025-01-21,2025-01-21,completed
Item SKU Industrial 77,44,44,3113.88,3113.88,2024-12-09,2024-12-09,completed
Item SKU Industrial 232,33,33,836.22,836.22,2026-03-28,2026-03-28,completed
Item SKU Industrial 16,25,25,9993.75,9993.75,2025-11-21,2025-11-21,completed
Item SKU Industrial 376,2,2,26.02,26.02,2026-05-05,2026-05-05,completed
Item SKU Industrial 22,35,35,6773.9,6773.9,2025-12-21,2025-12-21,completed
Item SKU Industrial 130,37,37,3648.57,3648.57,2025-01-16,2025-01-18,completed_late
Item SKU Industrial 138,35,35,7267.05,7267.05,2024-05-09,2024-05-17,completed_late
Item SKU Industrial 111,15,15,2484.75,2857.46,2025-09-27,2025-09-27,completed
Item SKU Industrial 155,5,5,896.05,896.05,2024-05-06,2024-05-06,completed
Item SKU Industrial 290,5,5,75.4,75.4,2026-04-27,2026-04-27,completed
Item SKU Industrial 63,24,24,3509.52,3509.52,2026-04-16,2026-04-16,completed
Item SKU Industrial 363,31,31,4729.36,4729.36,2025-06-30,2025-06-30,completed
Item SKU Industrial 275,52,52,2801.76,2801.76,2025-05-15,2025-05-17,completed_late
Item SKU Industrial 226,12,12,238.32,238.32,2025-10-02,2025-10-02,completed
Item SKU Industrial 486,51,51,6762.6,6762.6,2024-01-27,2024-01-27,completed
Item SKU Industrial 186,11,11,1368.4,1368.4,2026-02-23,2026-02-23,completed
Item SKU Industrial 66,44,44,550.44,550.44,2026-05-14,2026-05-14,completed
Item SKU Industrial 64,30,30,3480.9,3480.9,2026-02-22,2026-02-22,completed
Item SKU Industrial 154,40,40,344.4,396.06,2024-06-15,2024-06-15,completed
Item SKU Industrial 324,48,48,960.48,960.48,2024-04-28,2024-04-30,completed_late
Item SKU Industrial 446,15,15,1725.0,1725.0,2026-01-08,2026-01-08,completed
Item SKU Industrial 294,17,17,403.41,403.41,2025-10-12,2025-10-12,completed
Item SKU Industrial 488,30,30,1778.1,1778.1,2024-10-25,2024-10-25,completed
Item SKU Industrial 416,37,37,588.3,588.3,2024-05-31,2024-05-31,completed
Item SKU Industrial 211,53,53,1574.1,1574.1,2025-08-15,2025-08-15,completed
Item SKU Industrial 263,25,25,740.5,740.5,2026-04-16,2026-04-16,completed
Item SKU Industrial 306,30,30,4792.8,4792.8,2026-04-02,2026-04-04,completed_late
Item SKU Industrial 359,3,3,187.65,187.65,2025-07-18,2025-07-18,completed
Item SKU Industrial 297,47,47,10401.1,10401.1,2024-09-23,2024-09-23,completed
Item SKU Industrial 400,31,31,3729.3,4288.7,2025-04-04,2025-04-04,completed
Item SKU Industrial 425,50,50,11243.0,11243.0,2024-03-30,2024-03-30,completed
Item SKU Industrial 476,30,30,318.9,318.9,2025-02-15,2025-02-15,completed
Item SKU Industrial 206,28,28,1856.12,1856.12,2026-04-29,2026-04-29,completed
Item SKU Industrial 455,1,1,57.55,57.55,2026-04-25,2026-04-27,completed_late
Item SKU Industrial 112,1,1,9.13,9.13,2024-11-16,2024-11-16,completed
Item SKU Industrial 148,20,20,6015.8,6015.8,2024-08-20,2024-08-28,completed_late
Item SKU Industrial 309,16,16,1350.88,1350.88,2024-04-25,2024-04-25,completed
Item SKU Industrial 82,12,12,74.88,74.88,2025-06-19,2025-06-19,completed
Item SKU Industrial 99,53,53,9476.93,9476.93,2024-03-11,2024-03-11,completed
Item SKU Industrial 461,45,45,2070.0,2070.0,2025-10-23,2025-10-23,completed
Item SKU Industrial 181,25,25,1052.75,1210.66,2025-08-21,2025-08-23,completed_late
Item SKU Industrial 297,6,6,1327.8,1327.8,2026-03-07,2026-03-07,completed
Item SKU Industrial 96,2,2,13.74,13.74,2025-04-10,2025-04-10,completed
Item SKU Industrial 354,6,6,120.96,120.96,2026-04-06,2026-04-06,completed
Item SKU Industrial 100,47,47,3033.38,3033.38,2025-12-26,2025-12-26,completed
Item SKU Industrial 365,25,25,980.0,980.0,2025-12-01,2025-12-01,completed
Item SKU Industrial 66,39,39,487.89,487.89,2024-10-19,2024-10-19,completed
Item SKU Industrial 267,53,53,2014.53,2014.53,2024-02-07,2024-02-09,completed_late
Item SKU Industrial 418,20,20,1145.2,1145.2,2025-09-03,2025-09-03,completed
Item SKU Industrial 388,1,1,24.45,24.45,2026-02-20,2026-02-20,completed
Item SKU Industrial 243,7,7,196.91,196.91,2025-01-10,2025-01-10,completed
Item SKU Industrial 27,47,47,10383.24,11940.73,2026-03-26,2026-03-26,completed
Item SKU Industrial 358,23,23,2159.7,2159.7,2026-05-11,2026-05-11,completed
Item SKU Industrial 128,20,20,651.6,651.6,2026-02-15,2026-02-15,completed
Item SKU Industrial 388,19,19,464.55,464.55,2025-09-08,2025-09-10,completed_late
Item SKU Industrial 402,11,11,304.81,304.81,2026-05-03,2026-05-03,completed
Item SKU Industrial 300,49,49,2191.77,2191.77,2025-05-05,2025-05-05,completed
Item SKU Industrial 21,46,46,11427.78,11427.78,2025-08-03,2025-08-03,completed
Item SKU Industrial 390,39,39,292.11,292.11,2026-04-13,2026-04-13,completed
Item SKU Industrial 444,53,53,606.32,606.32,2025-05-18,2025-05-18,completed
Item SKU Industrial 479,25,25,4277.5,4277.5,2025-01-23,2025-01-23,completed
Item SKU Industrial 449,47,47,2135.68,2135.68,2024-02-17,2024-02-19,completed_late
Item SKU Industrial 36,18,18,780.3,897.34,2025-03-28,2025-03-28,completed
Item SKU Industrial 387,20,20,636.4,636.4,2024-07-15,2024-07-15,completed
Item SKU Industrial 246,44,44,974.16,974.16,2026-01-03,2026-01-11,completed_late
Item SKU Industrial 416,11,11,174.9,174.9,2024-02-22,2024-02-22,completed
Item SKU Industrial 467,18,18,1549.62,1549.62,2025-05-31,2025-05-31,completed
Item SKU Industrial 44,35,35,3971.45,3971.45,2024-12-28,2024-12-28,completed
Item SKU Industrial 186,22,22,2736.8,2736.8,2025-09-06,2025-09-08,completed_late
Item SKU Industrial 438,40,40,725.6,725.6,2026-04-10,2026-04-10,completed
Item SKU Industrial 259,42,42,2547.72,2547.72,2025-10-05,2025-10-05,completed
Item SKU Industrial 465,3,3,276.9,276.9,2025-10-11,2025-10-11,completed
Item SKU Industrial 224,12,12,288.48,288.48,2024-06-24,2024-06-24,completed
Item SKU Industrial 472,49,49,681.59,783.83,2026-03-14,2026-03-14,completed
Item SKU Industrial 40,9,9,824.94,824.94,2025-09-27,2025-09-27,completed
Item SKU Industrial 361,37,37,5617.34,5617.34,2026-01-15,2026-01-17,completed_late
Item SKU Industrial 450,44,44,3111.68,3111.68,2025-09-19,2025-09-19,completed
Item SKU Industrial 458,40,40,634.8,634.8,2026-01-25,2026-01-25,completed
Item SKU Industrial 473,28,28,14909.72,14909.72,2024-07-15,2024-07-15,completed
Item SKU Industrial 82,53,53,330.72,330.72,2025-01-05,2025-01-05,completed
Item SKU Industrial 353,6,6,726.0,726.0,2026-05-01,2026-05-01,completed
Item SKU Industrial 485,52,52,638.56,638.56,2024-06-13,2024-06-13,completed
Item SKU Industrial 12,9,9,319.59,319.59,2026-01-31,2026-02-02,completed_late
Item SKU Industrial 264,36,36,1139.04,1139.04,2024-09-20,2024-09-20,completed
Item SKU Industrial 28,44,44,2651.88,3049.66,2025-01-09,2025-01-09,completed
Item SKU Industrial 152,40,40,1715.6,1715.6,2024-04-17,2024-04-17,completed
Item SKU Industrial 373,51,51,3427.2,3427.2,2026-05-25,2026-05-25,completed
Item SKU Industrial 107,50,50,5433.5,5433.5,2024-04-18,2024-04-18,completed
Item SKU Industrial 422,34,34,7943.76,7943.76,2025-09-26,2025-09-26,completed
Item SKU Industrial 199,48,48,4367.52,4367.52,2025-05-15,2025-05-17,completed_late
Item SKU Industrial 476,52,52,552.76,552.76,2024-05-12,2024-05-12,completed
Item SKU Industrial 342,5,5,792.3,792.3,2025-08-10,2025-08-10,completed
Item SKU Industrial 44,27,27,3063.69,3063.69,2026-01-06,2026-01-06,completed
Item SKU Industrial 397,36,36,5301.36,5301.36,2025-05-30,2025-06-07,completed_late
Item SKU Industrial 472,40,40,556.4,556.4,2025-01-24,2025-01-24,completed
Item SKU Industrial 201,42,42,9995.58,11494.92,2024-02-01,2024-02-01,completed
Item SKU Industrial 475,26,26,2200.64,2200.64,2025-04-13,2025-04-15,completed_late
Item SKU Industrial 62,17,17,187.0,187.0,2026-02-05,2026-02-05,completed
Item SKU Industrial 390,12,12,89.88,89.88,2024-07-07,2024-07-07,completed
Item SKU Industrial 14,48,48,5021.28,5021.28,2024-10-09,2024-10-09,completed
Item SKU Industrial 482,16,16,124.64,124.64,2025-04-19,2025-04-19,completed
Item SKU Industrial 15,52,52,6279.52,6279.52,2025-04-16,2025-04-16,completed
Item SKU Industrial 152,13,13,557.57,557.57,2026-03-11,2026-03-11,completed
Item SKU Industrial 417,16,16,1095.2,1095.2,2024-05-20,2024-05-22,completed_late
Item SKU Industrial 486,45,45,5967.0,5967.0,2024-08-01,2024-08-01,completed
Item SKU Industrial 349,11,11,1330.34,1330.34,2024-12-05,2024-12-05,completed
Item SKU Industrial 153,30,30,862.2,991.53,2025-07-11,2025-07-11,completed
Item SKU Industrial 99,8,8,1430.48,1430.48,2026-02-22,2026-02-22,completed
Item SKU Industrial 6,34,34,632.74,632.74,2026-03-29,2026-03-29,completed
Item SKU Industrial 86,35,35,607.25,607.25,2025-09-22,2025-09-22,completed
Item SKU Industrial 38,26,26,7545.2,7545.2,2025-12-13,2025-12-15,completed_late
Item SKU Industrial 90,22,22,6258.78,6258.78,2024-04-19,2024-04-19,completed
Item SKU Industrial 251,14,14,613.34,613.34,2024-04-28,2024-04-28,completed
Item SKU Industrial 314,13,13,1453.01,1453.01,2024-02-25,2024-02-25,completed
Item SKU Industrial 266,22,22,182.38,182.38,2025-04-10,2025-04-10,completed
Item SKU Industrial 217,7,7,588.0,588.0,2026-02-22,2026-02-22,completed
Item SKU Industrial 232,19,19,481.46,481.46,2025-05-08,2025-05-08,completed
Item SKU Industrial 406,31,31,3078.92,3540.76,2024-07-27,2024-07-29,completed_late
Item SKU Industrial 70,48,48,7284.0,7284.0,2025-10-04,2025-10-04,completed
Item SKU Industrial 325,51,51,3235.44,3235.44,2025-01-31,2025-01-31,completed
Item SKU Industrial 131,53,53,1001.7,1001.7,2025-11-01,2025-11-01,completed
Item SKU Industrial 444,40,40,457.6,457.6,2026-05-08,2026-05-08,completed
Item SKU Industrial 90,47,47,13371.03,13371.03,2024-01-12,2024-01-20,completed_late
Item SKU Industrial 107,35,35,3803.45,3803.45,2024-07-27,2024-07-27,completed
Item SKU Industrial 17,36,36,1466.64,1466.64,2025-05-10,2025-05-12,completed_late
Item SKU Industrial 325,36,36,2283.84,2283.84,2024-01-18,2024-01-18,completed
Item SKU Industrial 141,1,1,8.0,8.0,2025-02-07,2025-02-07,completed
Item SKU Industrial 460,4,4,275.32,275.32,2025-05-11,2025-05-11,completed
Item SKU Industrial 341,5,5,1057.85,1216.53,2025-07-26,2025-07-26,completed
Item SKU Industrial 437,8,8,1058.24,1058.24,2024-10-14,2024-10-14,completed
Item SKU Industrial 239,14,14,197.68,197.68,2024-08-31,2024-08-31,completed
Item SKU Industrial 341,44,44,9309.08,9309.08,2025-07-21,2025-07-23,completed_late
Item SKU Industrial 394,36,36,1304.64,1304.64,2024-06-02,2024-06-02,completed
Item SKU Industrial 8,23,23,2122.21,2122.21,2024-10-14,2024-10-14,completed
Item SKU Industrial 354,18,18,362.88,362.88,2026-03-02,2026-03-02,completed
Item SKU Industrial 32,12,12,593.04,593.04,2026-03-09,2026-03-09,completed
Item SKU Industrial 405,37,37,3333.33,3333.33,2025-02-02,2025-02-02,completed
Item SKU Industrial 52,39,39,2304.51,2304.51,2024-11-23,2024-11-23,completed
Item SKU Industrial 493,22,22,432.3,432.3,2026-04-03,2026-04-05,completed_late
Item SKU Industrial 73,12,12,1448.28,1665.52,2025-03-15,2025-03-15,completed
Item SKU Industrial 90,29,29,8250.21,8250.21,2025-02-21,2025-02-21,completed
Item SKU Industrial 286,31,31,1236.59,1236.59,2024-04-12,2024-04-12,completed
Item SKU Industrial 493,45,45,884.25,884.25,2026-01-27,2026-01-27,completed
Item SKU Industrial 495,9,9,1849.32,1849.32,2025-02-27,2025-02-27,completed
Item SKU Industrial 359,36,36,2251.8,2251.8,2024-05-19,2024-05-19,completed
Item SKU Industrial 458,15,15,238.05,238.05,2024-02-15,2024-02-17,completed_late
Item SKU Industrial 210,1,1,75.74,75.74,2024-05-03,2024-05-03,completed
Item SKU Industrial 455,24,24,1381.2,1381.2,2025-04-07,2025-04-07,completed
Item SKU Industrial 94,24,24,655.68,655.68,2024-09-19,2024-09-19,completed
Item SKU Industrial 113,18,18,502.56,502.56,2024-09-02,2024-09-02,completed
Item SKU Industrial 183,53,53,489.72,563.18,2024-10-18,2024-10-18,completed
Item SKU Industrial 230,37,37,583.86,583.86,2025-10-20,2025-10-28,completed_late
Item SKU Industrial 90,31,31,8819.19,8819.19,2025-10-01,2025-10-03,completed_late
Item SKU Industrial 357,36,36,6140.16,6140.16,2025-09-08,2025-09-08,completed
Item SKU Industrial 22,27,27,5225.58,5225.58,2024-02-16,2024-02-16,completed
Item SKU Industrial 219,35,35,1353.1,1353.1,2026-01-09,2026-01-09,completed
Item SKU Industrial 217,7,7,588.0,588.0,2024-05-11,2024-05-11,completed
Item SKU Industrial 98,33,33,277.86,277.86,2026-05-18,2026-05-18,completed
Item SKU Industrial 346,20,20,3971.0,3971.0,2025-01-06,2025-01-06,completed
Item SKU Industrial 428,46,46,3932.54,3932.54,2025-10-10,2025-10-12,completed_late
Item SKU Industrial 491,46,46,3774.3,3774.3,2025-01-14,2025-01-14,completed
Item SKU Industrial 179,23,23,1497.07,1721.63,2026-02-06,2026-02-06,completed
Item SKU Industrial 99,2,2,357.62,357.62,2026-05-04,2026-05-04,completed
Item SKU Industrial 16,51,51,20387.25,20387.25,2024-01-21,2024-01-21,completed
Item SKU Industrial 48,15,15,199.8,199.8,2024-04-08,2024-04-08,completed
Item SKU Industrial 112,11,11,100.43,100.43,2024-12-16,2024-12-16,completed
Item SKU Industrial 128,16,16,521.28,521.28,2024-11-11,2024-11-13,completed_late
Item SKU Industrial 281,47,47,697.48,697.48,2025-11-21,2025-11-21,completed
Item SKU Industrial 231,14,14,650.86,650.86,2024-10-10,2024-10-10,completed
Item SKU Industrial 177,45,45,7967.25,7967.25,2025-06-05,2025-06-05,completed
Item SKU Industrial 345,19,19,2295.2,2295.2,2026-05-13,2026-05-13,completed
Item SKU Industrial 331,51,51,21916.23,21916.23,2024-04-08,2024-04-08,completed
Item SKU Industrial 374,44,44,7620.8,8763.92,2024-08-27,2024-08-27,completed
Item SKU Industrial 303,50,50,2670.0,2670.0,2024-12-22,2024-12-24,completed_late
Item SKU Industrial 401,50,50,1043.5,1043.5,2025-03-10,2025-03-10,completed
Item SKU Industrial 189,20,20,121.8,121.8,2026-04-05,2026-04-05,completed
Item SKU Industrial 421,24,24,4865.76,4865.76,2025-03-17,2025-03-17,completed
Item SKU Industrial 420,30,30,215.7,215.7,2026-03-29,2026-03-29,completed
Item SKU Industrial 104,47,47,15147.63,15147.63,2024-07-11,2024-07-11,completed
Item SKU Industrial 451,17,17,3226.09,3226.09,2025-09-26,2025-09-26,completed
Item SKU Industrial 142,40,40,1686.0,1686.0,2025-02-08,2025-02-16,completed_late
Item SKU Industrial 426,27,27,2506.41,2506.41,2025-02-22,2025-02-22,completed
Item SKU Industrial 228,15,15,334.95,334.95,2025-03-23,2025-03-23,completed
Item SKU Industrial 93,12,12,2155.32,2478.62,2024-06-10,2024-06-10,completed
Item SKU Industrial 133,23,23,3617.21,3617.21,2025-05-09,2025-05-09,completed
Item SKU Industrial 495,33,33,6780.84,6780.84,2024-11-08,2024-11-08,completed
Item SKU Industrial 344,46,46,848.24,848.24,2025-03-23,2025-03-23,completed
Item SKU Industrial 101,2,2,818.56,818.56,2025-12-05,2025-12-07,completed_late
Item SKU Industrial 100,14,14,903.56,903.56,2025-11-10,2025-11-10,completed
Item SKU Industrial 403,51,51,5807.88,5807.88,2026-05-25,2026-05-25,completed
Item SKU Industrial 304,1,1,311.63,311.63,2025-11-22,2025-11-22,completed
Item SKU Industrial 184,26,26,2879.76,2879.76,2024-07-12,2024-07-12,completed
Item SKU Industrial 444,44,44,503.36,503.36,2025-04-12,2025-04-12,completed
Item SKU Industrial 490,30,30,1340.4,1340.4,2024-02-11,2024-02-11,completed
Item SKU Industrial 373,28,28,1881.6,2163.84,2026-01-16,2026-01-18,completed_late
Item SKU Industrial 488,5,5,296.35,296.35,2024-07-20,2024-07-20,completed
Item SKU Industrial 473,18,18,9584.82,9584.82,2025-06-27,2025-06-27,completed
Item SKU Industrial 8,30,30,2768.1,2768.1,2025-02-28,2025-02-28,completed
Item SKU Industrial 349,44,44,5321.36,5321.36,2025-07-14,2025-07-14,completed
Item SKU Industrial 93,3,3,538.83,538.83,2024-05-01,2024-05-01,completed
Item SKU Industrial 355,39,39,754.65,754.65,2026-03-29,2026-03-29,completed
Item SKU Industrial 374,24,24,4156.8,4156.8,2024-03-17,2024-03-19,completed_late
Item SKU Industrial 490,48,48,2144.64,2144.64,2026-05-08,2026-05-08,completed
Item SKU Industrial 220,18,18,3214.98,3214.98,2024-09-21,2024-09-21,completed
Item SKU Industrial 392,25,25,2967.75,2967.75,2024-08-30,2024-08-30,completed
Item SKU Industrial 412,20,20,1352.0,1554.8,2024-11-14,2024-11-14,completed
Item SKU Industrial 22,31,31,5999.74,5999.74,2025-04-22,2025-04-22,completed
Item SKU Industrial 154,27,27,232.47,232.47,2025-10-03,2025-10-03,completed
Item SKU Industrial 456,44,44,1079.76,1079.76,2025-05-09,2025-05-11,completed_late
Item SKU Industrial 393,5,5,841.35,841.35,2025-02-03,2025-02-11,completed_late
Item SKU Industrial 301,22,22,6914.82,6914.82,2024-01-25,2024-01-25,completed
Item SKU Industrial 481,7,7,187.81,187.81,2025-10-24,2025-10-24,completed
Item SKU Industrial 361,33,33,5010.06,5010.06,2024-11-16,2024-11-16,completed
Item SKU Industrial 68,40,40,1550.0,1550.0,2025-06-01,2025-06-01,completed
Item SKU Industrial 402,38,38,1052.98,1052.98,2025-02-17,2025-02-17,completed
Item SKU Industrial 99,25,25,4470.25,4470.25,2025-05-08,2025-05-10,completed_late
Item SKU Industrial 71,26,26,6060.34,6969.39,2024-06-15,2024-06-15,completed
Item SKU Industrial 10,34,34,4556.68,4556.68,2024-02-02,2024-02-02,completed
Item SKU Industrial 54,13,13,445.64,445.64,2025-12-08,2025-12-08,completed
Item SKU Industrial 401,9,9,187.83,187.83,2025-08-18,2025-08-18,completed
Item SKU Industrial 411,34,34,7448.38,7448.38,2025-06-05,2025-06-05,completed
Item SKU Industrial 247,50,50,1196.0,1196.0,2026-05-22,2026-05-22,completed
Item SKU Industrial 178,25,25,1573.0,1573.0,2024-02-02,2024-02-04,completed_late
Item SKU Industrial 93,44,44,7902.84,7902.84,2024-08-09,2024-08-09,completed
Item SKU Industrial 166,4,4,971.68,971.68,2025-04-30,2025-04-30,completed
Item SKU Industrial 385,14,14,1945.72,1945.72,2024-11-13,2024-11-13,completed
Item SKU Industrial 365,16,16,627.2,627.2,2025-01-24,2025-01-24,completed
Item SKU Industrial 463,29,29,1322.4,1520.76,2026-03-09,2026-03-09,completed
Item SKU Industrial 108,39,39,2064.66,2064.66,2024-04-18,2024-04-18,completed
Item SKU Industrial 363,28,28,4271.68,4271.68,2026-03-29,2026-03-31,completed_late
Item SKU Industrial 349,4,4,483.76,483.76,2026-02-11,2026-02-11,completed
Item SKU Industrial 304,22,22,6855.86,6855.86,2026-04-05,2026-04-05,completed
Item SKU Industrial 489,8,8,446.08,446.08,2024-05-06,2024-05-06,completed
Item SKU Industrial 203,31,31,7111.4,7111.4,2025-12-25,2025-12-25,completed
Item SKU Industrial 63,41,41,5995.43,5995.43,2024-01-17,2024-01-17,completed
Item SKU Industrial 329,33,33,473.22,473.22,2024-09-22,2024-09-22,completed
Item SKU Industrial 338,42,42,2526.3,2526.3,2024-06-27,2024-06-29,completed_late
Item SKU Industrial 476,19,19,201.97,201.97,2025-05-09,2025-05-09,completed
Item SKU Industrial 200,20,20,3477.0,3998.55,2026-01-30,2026-02-07,completed_late
Item SKU Industrial 160,26,26,3387.28,3387.28,2025-09-21,2025-09-21,completed
Item SKU Industrial 260,34,34,501.16,501.16,2026-03-23,2026-03-23,completed
Item SKU Industrial 156,48,48,6210.72,6210.72,2024-11-14,2024-11-14,completed
Item SKU Industrial 158,14,14,5658.94,5658.94,2026-01-12,2026-01-12,completed
Item SKU Industrial 359,19,19,1188.45,1188.45,2025-11-17,2025-11-19,completed_late
Item SKU Industrial 189,2,2,12.18,12.18,2025-04-14,2025-04-14,completed
Item SKU Industrial 378,19,19,1814.69,1814.69,2024-02-26,2024-02-26,completed
Item SKU Industrial 108,27,27,1429.38,1429.38,2025-12-01,2025-12-01,completed
Item SKU Industrial 305,26,26,4947.02,4947.02,2026-04-23,2026-04-23,completed
Item SKU Industrial 5,2,2,63.14,63.14,2025-11-27,2025-11-27,completed
Item SKU Industrial 145,13,13,264.68,304.38,2024-11-26,2024-11-26,completed
Item SKU Industrial 100,9,9,580.86,580.86,2025-07-05,2025-07-07,completed_late
Item SKU Industrial 285,33,33,2769.36,2769.36,2025-04-26,2025-04-26,completed
Item SKU Industrial 416,42,42,667.8,667.8,2025-09-19,2025-09-19,completed
Item SKU Industrial 379,44,44,1561.56,1561.56,2025-03-23,2025-03-23,completed
Item SKU Industrial 154,11,11,94.71,94.71,2026-04-06,2026-04-06,completed
Item SKU Industrial 28,9,9,542.43,542.43,2025-05-02,2025-05-02,completed
Item SKU Industrial 295,26,26,760.76,760.76,2026-02-07,2026-02-07,completed
Item SKU Industrial 153,44,44,1264.56,1264.56,2025-06-15,2025-06-17,completed_late
Item SKU Industrial 429,41,41,3157.82,3157.82,2026-03-09,2026-03-09,completed
Item SKU Industrial 335,47,47,5160.13,5160.13,2024-08-02,2024-08-02,completed
Item SKU Industrial 148,40,40,12031.6,13836.34,2026-05-11,2026-05-11,completed
Item SKU Industrial 278,46,46,3193.78,3193.78,2024-04-11,2024-04-11,completed
Item SKU Industrial 435,1,1,15.45,15.45,2025-03-22,2025-03-22,completed
Item SKU Industrial 368,42,42,5586.84,5586.84,2025-12-19,2025-12-19,completed
Item SKU Industrial 424,37,37,3584.19,3584.19,2025-03-14,2025-03-16,completed_late
Item SKU Industrial 439,20,20,3704.6,3704.6,2026-05-16,2026-05-16,completed
Item SKU Industrial 75,2,2,24.5,24.5,2024-05-30,2024-05-30,completed
Item SKU Industrial 294,44,44,1044.12,1044.12,2025-05-05,2025-05-13,completed_late
Item SKU Industrial 109,3,3,262.14,262.14,2026-03-21,2026-03-21,completed
Item SKU Industrial 292,49,49,1458.73,1458.73,2025-05-18,2025-05-18,completed
Item SKU Industrial 139,1,1,162.59,162.59,2025-01-10,2025-01-10,completed
Item SKU Industrial 447,51,51,311.1,357.76,2025-05-26,2025-05-28,completed_late
Item SKU Industrial 423,41,41,3019.24,3019.24,2026-01-19,2026-01-19,completed
Item SKU Industrial 273,12,12,1331.28,1331.28,2024-05-06,2024-05-06,completed
Item SKU Industrial 155,22,22,3942.62,3942.62,2024-10-17,2024-10-17,completed
Item SKU Industrial 149,53,53,8484.24,8484.24,2024-01-06,2024-01-06,completed
Item SKU Industrial 491,23,23,1887.15,1887.15,2024-05-26,2024-05-26,completed
Item SKU Industrial 253,37,37,4293.48,4293.48,2024-09-05,2024-09-05,completed
Item SKU Industrial 355,47,47,909.45,909.45,2025-02-20,2025-02-22,completed_late
Item SKU Industrial 468,15,15,292.05,292.05,2025-11-17,2025-11-17,completed
Item SKU Industrial 67,50,50,15076.5,15076.5,2025-11-24,2025-11-24,completed
Item SKU Industrial 430,5,5,297.15,297.15,2024-05-25,2024-05-25,completed
Item SKU Industrial 159,46,46,2849.24,3276.63,2026-03-28,2026-03-28,completed
Item SKU Industrial 314,50,50,5588.5,5588.5,2025-03-17,2025-03-17,completed
Item SKU Industrial 248,53,53,2356.91,2356.91,2026-01-02,2026-01-02,completed
Item SKU Industrial 400,35,35,4210.5,4210.5,2024-03-22,2024-03-24,completed_late
Item SKU Industrial 167,40,40,3862.0,3862.0,2026-01-11,2026-01-11,completed
Item SKU Industrial 182,7,7,109.83,109.83,2025-01-27,2025-01-27,completed
Item SKU Industrial 176,29,29,2222.85,2222.85,2025-11-30,2025-11-30,completed
Item SKU Industrial 229,20,20,267.6,267.6,2026-05-14,2026-05-14,completed
Item SKU Industrial 488,48,48,2844.96,2844.96,2024-11-30,2024-11-30,completed
Item SKU Industrial 369,24,24,1240.32,1240.32,2024-09-26,2024-09-26,completed
Item SKU Industrial 301,3,3,942.93,942.93,2026-02-15,2026-02-17,completed_late
Item SKU Industrial 483,26,26,1311.7,1508.46,2026-01-21,2026-01-21,completed
Item SKU Industrial 171,16,16,634.72,634.72,2025-05-11,2025-05-11,completed
Item SKU Industrial 18,17,17,741.2,741.2,2024-03-16,2024-03-16,completed
Item SKU Industrial 47,40,40,5583.2,5583.2,2024-10-04,2024-10-12,completed_late
Item SKU Industrial 91,28,28,1027.04,1027.04,2024-05-10,2024-05-10,completed
Item SKU Industrial 446,45,45,5175.0,5175.0,2025-05-17,2025-05-17,completed
Item SKU Industrial 167,36,36,3475.8,3475.8,2025-01-27,2025-01-29,completed_late
Item SKU Industrial 213,40,40,780.0,780.0,2025-04-27,2025-04-27,completed
Item SKU Industrial 151,38,38,2579.44,2579.44,2025-06-09,2025-06-09,completed
Item SKU Industrial 272,20,20,1872.2,1872.2,2026-03-13,2026-03-13,completed
Item SKU Industrial 94,6,6,163.92,163.92,2025-01-01,2025-01-01,completed
Item SKU Industrial 490,11,11,491.48,565.2,2025-06-01,2025-06-01,completed
Item SKU Industrial 481,51,51,1368.33,1368.33,2025-02-06,2025-02-06,completed
Item SKU Industrial 300,48,48,2147.04,2147.04,2025-07-11,2025-07-13,completed_late
Item SKU Industrial 61,16,16,1752.32,1752.32,2024-08-17,2024-08-17,completed
Item SKU Industrial 316,34,34,1158.04,1158.04,2024-11-18,2024-11-18,completed
Item SKU Industrial 383,30,30,2266.8,2266.8,2024-11-14,2024-11-14,completed
Item SKU Industrial 156,18,18,2329.02,2329.02,2024-08-23,2024-08-23,completed
Item SKU Industrial 46,46,46,6843.88,6843.88,2024-05-20,2024-05-20,completed
Item SKU Industrial 44,34,34,3857.98,3857.98,2025-10-25,2025-10-25,completed
Item SKU Industrial 334,7,7,238.91,238.91,2025-08-10,2025-08-12,completed_late
Item SKU Industrial 70,33,33,5007.75,5007.75,2026-01-12,2026-01-12,completed
Item SKU Industrial 195,18,18,846.72,973.73,2024-03-22,2024-03-22,completed
Item SKU Industrial 234,41,41,2727.73,2727.73,2026-05-21,2026-05-21,completed
Item SKU Industrial 89,22,22,1718.86,1718.86,2026-02-09,2026-02-09,completed
Item SKU Industrial 445,15,15,480.9,480.9,2024-12-22,2024-12-22,completed
Item SKU Industrial 46,22,22,3273.16,3273.16,2026-01-09,2026-01-09,completed
Item SKU Industrial 174,7,7,400.96,400.96,2026-05-01,2026-05-03,completed_late
Item SKU Industrial 359,12,12,750.6,750.6,2025-05-16,2025-05-16,completed
Item SKU Industrial 199,38,38,3457.62,3457.62,2025-06-08,2025-06-08,completed
Item SKU Industrial 174,33,33,1890.24,1890.24,2025-03-01,2025-03-01,completed
Item SKU Industrial 8,48,48,4428.96,4428.96,2026-01-06,2026-01-06,completed
Item SKU Industrial 1,23,23,1006.02,1006.02,2026-01-08,2026-01-16,completed_late
Item SKU Industrial 168,52,52,1440.4,1656.46,2025-04-05,2025-04-05,completed
Item SKU Industrial 274,29,29,3915.87,3915.87,2024-08-03,2024-08-05,completed_late
Item SKU Industrial 380,11,11,208.89,208.89,2025-04-25,2025-04-25,completed
Item SKU Industrial 443,11,11,480.26,480.26,2025-02-13,2025-02-13,completed
Item SKU Industrial 499,48,48,2344.32,2344.32,2025-02-04,2025-02-04,completed
Item SKU Industrial 194,8,8,1762.8,1762.8,2025-04-21,2025-04-21,completed
Item SKU Industrial 474,45,45,2738.7,2738.7,2026-05-14,2026-05-14,completed
Item SKU Industrial 410,15,15,334.35,334.35,2026-03-30,2026-03-30,completed
Item SKU Industrial 413,16,16,684.16,684.16,2025-06-12,2025-06-14,completed_late
Item SKU Industrial 142,51,51,2149.65,2149.65,2025-06-12,2025-06-12,completed
Item SKU Industrial 104,22,22,7090.38,7090.38,2024-01-08,2024-01-08,completed
Item SKU Industrial 21,50,50,12421.5,14284.72,2024-07-31,2024-07-31,completed
Item SKU Industrial 480,33,33,773.52,773.52,2024-02-25,2024-02-25,completed
Item SKU Industrial 273,18,18,1996.92,1996.92,2025-10-04,2025-10-04,completed
Item SKU Industrial 272,36,36,3369.96,3369.96,2025-04-27,2025-04-27,completed
Item SKU Industrial 216,49,49,993.72,993.72,2026-03-14,2026-03-16,completed_late
Item SKU Industrial 193,49,49,2229.99,2229.99,2024-03-15,2024-03-15,completed
Item SKU Industrial 325,23,23,1459.12,1459.12,2025-12-26,2025-12-26,completed
Item SKU Industrial 248,5,5,222.35,222.35,2026-04-10,2026-04-10,completed
Item SKU Industrial 174,24,24,1374.72,1374.72,2024-05-11,2024-05-11,completed
Item SKU Industrial 134,3,3,659.46,659.46,2024-05-20,2024-05-20,completed
Item SKU Industrial 241,41,41,9810.48,9810.48,2026-03-04,2026-03-04,completed
Item SKU Industrial 423,36,36,2651.04,3048.7,2025-06-09,2025-06-11,completed_late
Item SKU Industrial 193,39,39,1774.89,1774.89,2024-06-22,2024-06-22,completed
Item SKU Industrial 59,52,52,784.16,784.16,2025-04-11,2025-04-11,completed
Item SKU Industrial 228,41,41,915.53,915.53,2024-09-14,2024-09-14,completed
Item SKU Industrial 289,47,47,1072.07,1072.07,2026-03-21,2026-03-21,completed
Item SKU Industrial 453,14,14,566.02,566.02,2024-03-22,2024-03-22,completed
Item SKU Industrial 197,7,7,1070.51,1070.51,2024-04-06,2024-04-14,completed_late
Item SKU Industrial 324,27,27,540.27,540.27,2024-11-18,2024-11-20,completed_late
Item SKU Industrial 299,44,44,3001.24,3001.24,2026-03-21,2026-03-21,completed
Item SKU Industrial 187,13,13,313.3,313.3,2025-05-01,2025-05-01,completed
Item SKU Industrial 14,22,22,2301.42,2301.42,2024-12-02,2024-12-02,completed
Item SKU Industrial 392,31,31,3680.01,4232.01,2026-01-15,2026-01-15,completed
Item SKU Industrial 51,38,38,2805.16,2805.16,2025-08-03,2025-08-03,completed
Item SKU Industrial 382,13,13,1011.4,1011.4,2024-06-22,2024-06-22,completed
Item SKU Industrial 406,23,23,2284.36,2284.36,2025-05-08,2025-05-10,completed_late
Item SKU Industrial 248,8,8,355.76,355.76,2024-12-21,2024-12-21,completed
Item SKU Industrial 70,53,53,8042.75,8042.75,2024-09-15,2024-09-15,completed
Item SKU Industrial 454,19,19,2404.64,2404.64,2024-10-04,2024-10-04,completed
Item SKU Industrial 275,41,41,2209.08,2209.08,2026-03-22,2026-03-22,completed
Item SKU Industrial 338,36,36,2165.4,2165.4,2026-02-11,2026-02-11,completed
Item SKU Industrial 351,41,41,5830.61,5830.61,2024-02-27,2024-02-27,completed
Item SKU Industrial 205,18,18,614.88,614.88,2024-10-06,2024-10-08,completed_late
Item SKU Industrial 52,14,14,827.26,951.35,2024-10-27,2024-10-27,completed
Item SKU Industrial 106,19,19,1721.97,1721.97,2024-11-29,2024-11-29,completed
Item SKU Industrial 340,35,35,1362.2,1362.2,2024-11-02,2024-11-02,completed
Item SKU Industrial 43,35,35,1555.75,1555.75,2026-02-28,2026-02-28,completed
Item SKU Industrial 425,9,9,2023.74,2023.74,2025-12-01,2025-12-01,completed
Item SKU Industrial 278,48,48,3332.64,3332.64,2025-08-14,2025-08-14,completed
Item SKU Industrial 250,29,29,2656.4,2656.4,2024-07-29,2024-07-31,completed_late
Item SKU Industrial 362,20,20,1088.8,1088.8,2024-10-17,2024-10-17,completed
Item SKU Industrial 11,20,20,3209.0,3209.0,2024-07-11,2024-07-11,completed
Item SKU Industrial 459,38,38,690.84,690.84,2026-01-26,2026-01-26,completed
Item SKU Industrial 365,50,50,1960.0,1960.0,2024-03-22,2024-03-22,completed
Item SKU Industrial 30,38,38,1664.4,1914.06,2024-01-20,2024-01-20,completed
Item SKU Industrial 430,23,23,1366.89,1366.89,2026-05-14,2026-05-14,completed
Item SKU Industrial 335,50,50,5489.5,5489.5,2025-02-21,2025-03-01,completed_late
Item SKU Industrial 446,41,41,4715.0,4715.0,2026-04-16,2026-04-16,completed
Item SKU Industrial 124,40,40,12710.0,12710.0,2025-04-26,2025-04-26,completed
Item SKU Industrial 180,12,12,2317.2,2317.2,2024-04-20,2024-04-20,completed
Item SKU Industrial 28,28,28,1687.56,1687.56,2026-02-27,2026-02-27,completed
Item SKU Industrial 64,28,28,3248.84,3248.84,2025-12-15,2025-12-15,completed
Item SKU Industrial 436,13,13,4120.48,4120.48,2024-05-19,2024-05-19,completed
Item SKU Industrial 204,27,27,1548.18,1548.18,2025-06-21,2025-06-23,completed_late
Item SKU Industrial 130,11,11,1084.71,1084.71,2026-03-26,2026-03-26,completed
Item SKU Industrial 496,40,40,1679.6,1931.54,2025-12-30,2025-12-30,completed
Item SKU Industrial 374,46,46,7967.2,7967.2,2024-11-23,2024-11-23,completed
Item SKU Industrial 425,6,6,1349.16,1349.16,2025-05-15,2025-05-15,completed
Item SKU Industrial 296,18,18,362.34,362.34,2025-11-17,2025-11-17,completed
Item SKU Industrial 45,50,50,6308.0,6308.0,2025-04-20,2025-04-20,completed
Item SKU Industrial 425,18,18,4047.48,4047.48,2025-05-26,2025-05-28,completed_late
Item SKU Industrial 32,2,2,98.84,98.84,2026-03-02,2026-03-02,completed
Item SKU Industrial 65,26,26,368.94,368.94,2026-04-27,2026-04-27,completed
Item SKU Industrial 137,14,14,817.32,817.32,2024-09-02,2024-09-02,completed
Item SKU Industrial 491,39,39,3199.95,3199.95,2025-08-29,2025-08-29,completed
Item SKU Industrial 110,22,22,1659.9,1659.9,2026-05-04,2026-05-04,completed
Item SKU Industrial 113,8,8,223.36,256.86,2024-06-09,2024-06-09,completed
Item SKU Industrial 271,16,16,2898.4,2898.4,2025-07-05,2025-07-07,completed_late
Item SKU Industrial 38,35,35,10157.0,10157.0,2025-01-09,2025-01-09,completed
Item SKU Industrial 482,50,50,389.5,389.5,2026-05-23,2026-05-23,completed
Item SKU Industrial 334,8,8,273.04,273.04,2024-11-12,2024-11-12,completed
Item SKU Industrial 204,35,35,2006.9,2006.9,2025-12-26,2025-12-26,completed
Item SKU Industrial 352,1,1,17.64,17.64,2024-02-09,2024-02-09,completed
Item SKU Industrial 19,26,26,3002.48,3002.48,2024-12-13,2024-12-13,completed
Item SKU Industrial 373,15,15,1008.0,1008.0,2026-03-14,2026-03-16,completed_late
Item SKU Industrial 323,37,37,2625.89,2625.89,2025-11-30,2025-12-08,completed_late
Item SKU Industrial 141,53,53,424.0,424.0,2025-01-03,2025-01-03,completed
Item SKU Industrial 190,52,52,2395.12,2754.39,2025-04-26,2025-04-26,completed
Item SKU Industrial 383,6,6,453.36,453.36,2026-02-02,2026-02-02,completed
Item SKU Industrial 480,53,53,1242.32,1242.32,2025-06-07,2025-06-07,completed
Item SKU Industrial 406,36,36,3575.52,3575.52,2025-12-18,2025-12-18,completed
Item SKU Industrial 264,3,3,94.92,94.92,2025-11-16,2025-11-18,completed_late
Item SKU Industrial 111,23,23,3809.95,3809.95,2024-06-27,2024-06-27,completed
Item SKU Industrial 283,42,42,1745.1,1745.1,2025-10-13,2025-10-13,completed
Item SKU Industrial 45,15,15,1892.4,1892.4,2025-01-06,2025-01-06,completed
Item SKU Industrial 447,53,53,323.3,323.3,2024-11-16,2024-11-16,completed
Item SKU Industrial 26,26,26,319.28,319.28,2026-05-16,2026-05-16,completed
Item SKU Industrial 256,20,20,2530.6,2530.6,2025-04-06,2025-04-06,completed
Item SKU Industrial 64,48,48,5569.44,6404.86,2025-09-17,2025-09-19,completed_late
Item SKU Industrial 61,7,7,766.64,766.64,2024-04-13,2024-04-13,completed
Item SKU Industrial 497,19,19,548.34,548.34,2025-04-05,2025-04-05,completed
Item SKU Industrial 49,9,9,588.42,588.42,2026-04-26,2026-04-26,completed
Item SKU Industrial 490,50,50,2234.0,2234.0,2026-05-04,2026-05-04,completed
Item SKU Industrial 54,24,24,822.72,822.72,2026-05-18,2026-05-18,completed
Item SKU Industrial 196,24,24,1617.84,1617.84,2026-05-10,2026-05-10,completed
Item SKU Industrial 117,17,17,1536.8,1536.8,2024-05-11,2024-05-13,completed_late
Item SKU Industrial 158,28,28,11317.88,11317.88,2024-12-16,2024-12-16,completed
Item SKU Industrial 380,8,8,151.92,151.92,2025-11-02,2025-11-02,completed
Item SKU Industrial 192,53,53,2709.89,2709.89,2025-11-17,2025-11-17,completed
Item SKU Industrial 302,19,19,315.21,362.49,2025-12-05,2025-12-05,completed
Item SKU Industrial 96,8,8,54.96,54.96,2024-12-12,2024-12-12,completed
Item SKU Industrial 218,19,19,475.38,475.38,2024-12-12,2024-12-12,completed
Item SKU Industrial 97,27,27,9373.05,9373.05,2025-08-10,2025-08-12,completed_late
Item SKU Industrial 375,51,51,5157.12,5157.12,2026-04-04,2026-04-04,completed
Item SKU Industrial 305,34,34,6469.18,6469.18,2025-12-18,2025-12-26,completed_late
Item SKU Industrial 47,16,16,2233.28,2233.28,2024-10-07,2024-10-07,completed
Item SKU Industrial 45,33,33,4163.28,4163.28,2026-03-31,2026-03-31,completed
Item SKU Industrial 106,38,38,3443.94,3443.94,2025-10-19,2025-10-19,completed
Item SKU Industrial 478,46,46,1139.42,1139.42,2024-04-26,2024-04-26,completed
Item SKU Industrial 175,28,28,3109.4,3109.4,2025-12-06,2025-12-08,completed_late
Item SKU Industrial 267,15,15,570.15,655.67,2024-10-18,2024-10-18,completed
Item SKU Industrial 210,5,5,378.7,378.7,2026-01-31,2026-01-31,completed
Item SKU Industrial 437,13,13,1719.64,1719.64,2026-04-09,2026-04-09,completed
Item SKU Industrial 89,46,46,3593.98,3593.98,2025-04-13,2025-04-13,completed
Item SKU Industrial 173,22,22,1850.42,1850.42,2026-02-28,2026-02-28,completed
Item SKU Industrial 366,38,38,2085.44,2085.44,2025-06-22,2025-06-22,completed
Item SKU Industrial 194,50,50,11017.5,11017.5,2025-03-15,2025-03-17,completed_late
Item SKU Industrial 287,4,4,1456.96,1456.96,2024-03-14,2024-03-14,completed
Item SKU Industrial 138,48,48,9966.24,9966.24,2024-09-08,2024-09-08,completed
Item SKU Industrial 31,42,42,7181.16,7181.16,2024-05-23,2024-05-23,completed
Item SKU Industrial 14,18,18,1882.98,1882.98,2024-02-02,2024-02-02,completed
Item SKU Industrial 378,38,38,3629.38,4173.79,2024-11-30,2024-11-30,completed
Item SKU Industrial 58,26,26,2283.32,2283.32,2024-11-17,2024-11-17,completed
Item SKU Industrial 442,39,39,3516.24,3516.24,2025-10-12,2025-10-14,completed_late
Item SKU Industrial 249,7,7,458.99,458.99,2025-11-15,2025-11-15,completed
Item SKU Industrial 135,40,40,4406.4,4406.4,2026-01-05,2026-01-05,completed
Item SKU Industrial 456,2,2,49.08,49.08,2025-12-12,2025-12-12,completed
Item SKU Industrial 405,37,37,3333.33,3333.33,2024-01-13,2024-01-13,completed
Item SKU Industrial 102,35,35,464.45,464.45,2025-11-08,2025-11-08,completed
Item SKU Industrial 242,47,47,431.46,431.46,2026-04-17,2026-04-17,completed
Item SKU Industrial 9,42,42,8206.8,8206.8,2025-10-09,2025-10-11,completed_late
Item SKU Industrial 256,30,30,3795.9,3795.9,2025-02-03,2025-02-03,completed
Item SKU Industrial 497,7,7,202.02,232.32,2025-11-17,2025-11-17,completed
Item SKU Industrial 98,31,31,261.02,261.02,2026-05-17,2026-05-25,completed_late
Item SKU Industrial 376,13,13,169.13,169.13,2026-04-05,2026-04-05,completed
Item SKU Industrial 288,44,44,3110.36,3110.36,2024-05-27,2024-05-27,completed
Item SKU Industrial 27,16,16,3534.72,3534.72,2024-07-02,2024-07-02,completed
Item SKU Industrial 240,33,33,6687.45,6687.45,2026-04-06,2026-04-08,completed_late
Item SKU Industrial 121,15,15,599.1,599.1,2024-10-08,2024-10-08,completed
Item SKU Industrial 111,48,48,7951.2,7951.2,2025-02-18,2025-02-18,completed
Item SKU Industrial 463,40,40,1824.0,1824.0,2026-05-24,2026-05-24,completed
Item SKU Industrial 474,2,2,121.72,121.72,2026-02-05,2026-02-05,completed
Item SKU Industrial 131,11,11,207.9,207.9,2026-03-01,2026-03-01,completed
Item SKU Industrial 402,37,37,1025.27,1179.06,2026-01-25,2026-01-25,completed
Item SKU Industrial 57,36,36,4819.32,4819.32,2024-09-22,2024-09-24,completed_late
Item SKU Industrial 94,24,24,655.68,655.68,2025-04-09,2025-04-09,completed
Item SKU Industrial 357,33,33,5628.48,5628.48,2025-07-07,2025-07-07,completed
Item SKU Industrial 38,9,9,2611.8,2611.8,2026-05-02,2026-05-02,completed
Item SKU Industrial 31,40,40,6839.2,6839.2,2024-12-22,2024-12-22,completed
Item SKU Industrial 165,11,11,153.34,153.34,2025-04-20,2025-04-20,completed
Item SKU Industrial 404,31,31,3290.65,3290.65,2024-08-18,2024-08-18,completed
Item SKU Industrial 349,37,37,4474.78,4474.78,2025-06-27,2025-06-29,completed_late
Item SKU Industrial 237,16,16,2242.56,2242.56,2026-04-18,2026-04-18,completed
Item SKU Industrial 153,27,27,775.98,775.98,2024-05-27,2024-05-27,completed
Item SKU Industrial 406,50,50,4966.0,5710.9,2024-03-04,2024-03-04,completed
Item SKU Industrial 43,51,51,2266.95,2266.95,2025-03-01,2025-03-01,completed
Item SKU Industrial 18,34,34,1482.4,1482.4,2024-03-22,2024-03-22,completed
Item SKU Industrial 274,35,35,4726.05,4726.05,2025-04-18,2025-04-18,completed
Item SKU Industrial 287,34,34,12384.16,12384.16,2025-07-12,2025-07-14,completed_late
Item SKU Industrial 389,36,36,3654.36,3654.36,2025-10-24,2025-10-24,completed
Item SKU Industrial 281,51,51,756.84,756.84,2024-11-22,2024-11-22,completed
Item SKU Industrial 362,6,6,326.64,326.64,2024-01-08,2024-01-08,completed
Item SKU Industrial 87,42,42,3867.78,3867.78,2026-01-21,2026-01-29,completed_late
Item SKU Industrial 240,11,11,2229.15,2229.15,2025-05-25,2025-05-25,completed
Item SKU Industrial 212,3,3,39.48,39.48,2025-06-26,2025-06-26,completed
Item SKU Industrial 251,37,37,1620.97,1864.12,2026-04-03,2026-04-05,completed_late
Item SKU Industrial 370,48,48,1215.36,1215.36,2025-12-25,2025-12-25,completed
Item SKU Industrial 304,8,8,2493.04,2493.04,2024-11-28,2024-11-28,completed
Item SKU Industrial 389,3,3,304.53,304.53,2026-03-08,2026-03-08,completed
Item SKU Industrial 151,51,51,3461.88,3461.88,2025-01-03,2025-01-03,completed
Item SKU Industrial 441,30,30,2289.0,2289.0,2025-11-22,2025-11-22,completed
Item SKU Industrial 1,47,47,2055.78,2055.78,2024-03-30,2024-03-30,completed
Item SKU Industrial 306,15,15,2396.4,2396.4,2026-03-23,2026-03-25,completed_late
Item SKU Industrial 347,31,31,716.72,716.72,2024-06-07,2024-06-07,completed
Item SKU Industrial 49,13,13,849.94,849.94,2026-03-26,2026-03-26,completed
Item SKU Industrial 442,8,8,721.28,721.28,2026-01-09,2026-01-09,completed
Item SKU Industrial 477,20,20,2419.4,2782.31,2025-10-12,2025-10-12,completed
Item SKU Industrial 271,30,30,5434.5,5434.5,2025-01-17,2025-01-17,completed
Item SKU Industrial 218,48,48,1200.96,1200.96,2025-03-22,2025-03-22,completed
Item SKU Industrial 52,19,19,1122.71,1122.71,2024-02-02,2024-02-04,completed_late
Item SKU Industrial 382,47,47,3656.6,3656.6,2025-11-14,2025-11-14,completed
Item SKU Industrial 353,3,3,363.0,363.0,2025-12-29,2025-12-29,completed
Item SKU Industrial 435,8,8,123.6,123.6,2025-08-31,2025-08-31,completed
Item SKU Industrial 381,53,53,6134.22,6134.22,2024-12-28,2024-12-28,completed
Item SKU Industrial 276,23,23,338.1,338.1,2024-03-21,2024-03-21,completed
Item SKU Industrial 337,46,46,3884.24,3884.24,2025-06-15,2025-06-15,completed
Item SKU Industrial 260,1,1,14.74,14.74,2026-05-14,2026-05-16,completed_late
Item SKU Industrial 440,31,31,5571.01,6406.66,2024-08-16,2024-08-16,completed
Item SKU Industrial 132,34,34,6840.46,6840.46,2025-09-26,2025-09-26,completed
Item SKU Industrial 438,25,25,453.5,453.5,2026-05-25,2026-05-25,completed
Item SKU Industrial 120,45,45,2385.9,2385.9,2026-04-15,2026-04-15,completed
Item SKU Industrial 75,1,1,12.25,12.25,2025-09-27,2025-10-05,completed_late
Item SKU Industrial 225,40,40,366.0,366.0,2025-04-05,2025-04-05,completed
Item SKU Industrial 16,37,37,14790.75,14790.75,2025-02-17,2025-02-19,completed_late
Item SKU Industrial 289,34,34,775.54,775.54,2024-09-22,2024-09-22,completed
Item SKU Industrial 498,15,15,1432.8,1432.8,2026-05-24,2026-05-24,completed
Item SKU Industrial 182,37,37,580.53,580.53,2026-02-01,2026-02-01,completed
Item SKU Industrial 445,51,51,1635.06,1635.06,2025-03-14,2025-03-14,completed
Item SKU Industrial 371,13,13,2980.38,3427.44,2025-11-19,2025-11-19,completed
Item SKU Industrial 344,39,39,719.16,719.16,2024-08-08,2024-08-08,completed
Item SKU Industrial 486,6,6,795.6,795.6,2025-01-11,2025-01-13,completed_late
Item SKU Industrial 30,30,30,1314.0,1314.0,2025-03-25,2025-03-25,completed
Item SKU Industrial 367,38,38,1295.8,1295.8,2026-05-04,2026-05-04,completed
Item SKU Industrial 366,11,11,603.68,603.68,2024-06-13,2024-06-13,completed
Item SKU Industrial 18,6,6,261.6,261.6,2024-09-28,2024-09-28,completed
Item SKU Industrial 8,12,12,1107.24,1107.24,2024-06-21,2024-06-21,completed
Item SKU Industrial 449,6,6,272.64,272.64,2025-03-08,2025-03-08,completed
Item SKU Industrial 74,3,3,113.04,113.04,2025-06-13,2025-06-15,completed_late
Item SKU Industrial 196,8,8,539.28,539.28,2024-08-13,2024-08-13,completed
Item SKU Industrial 103,39,39,2541.24,2922.43,2025-11-20,2025-11-20,completed
Item SKU Industrial 197,13,13,1988.09,1988.09,2025-11-17,2025-11-17,completed
Item SKU Industrial 277,20,20,1531.4,1531.4,2025-07-10,2025-07-10,completed
Item SKU Industrial 185,14,14,1265.74,1265.74,2024-08-16,2024-08-16,completed
Item SKU Industrial 492,15,15,304.95,304.95,2024-04-13,2024-04-13,completed
Item SKU Industrial 212,5,5,65.8,65.8,2025-11-20,2025-11-22,completed_late
Item SKU Industrial 112,16,16,146.08,146.08,2024-07-13,2024-07-13,completed
Item SKU Industrial 401,15,15,313.05,313.05,2024-06-24,2024-06-24,completed
Item SKU Industrial 109,19,19,1660.22,1660.22,2025-10-27,2025-10-27,completed
Item SKU Industrial 398,14,14,272.3,272.3,2026-03-28,2026-03-28,completed
Item SKU Industrial 387,39,39,1240.98,1240.98,2025-10-31,2025-10-31,completed
Item SKU Industrial 335,36,36,3952.44,4545.31,2025-03-30,2025-04-07,completed_late
Item SKU Industrial 84,37,37,398.12,398.12,2024-07-15,2024-07-17,completed_late
Item SKU Industrial 139,1,1,162.59,162.59,2024-06-12,2024-06-12,completed
Item SKU Industrial 268,50,50,1292.0,1292.0,2025-02-28,2025-02-28,completed
Item SKU Industrial 366,14,14,768.32,768.32,2026-03-22,2026-03-22,completed
Item SKU Industrial 242,13,13,119.34,119.34,2025-02-06,2025-02-06,completed
Item SKU Industrial 377,30,30,7735.5,7735.5,2025-05-01,2025-05-01,completed
Item SKU Industrial 462,9,9,1658.34,1658.34,2025-09-12,2025-09-12,completed
Item SKU Industrial 170,1,1,85.59,85.59,2025-05-12,2025-05-14,completed_late
Item SKU Industrial 396,28,28,475.16,475.16,2025-03-17,2025-03-17,completed
Item SKU Industrial 76,53,53,6159.13,6159.13,2024-01-22,2024-01-22,completed
Item SKU Industrial 350,41,41,3319.77,3817.74,2026-04-30,2026-04-30,completed
Item SKU Industrial 29,9,9,1262.52,1262.52,2026-02-16,2026-02-16,completed
Item SKU Industrial 496,23,23,965.77,965.77,2025-11-20,2025-11-20,completed
Item SKU Industrial 149,31,31,4962.48,4962.48,2025-05-08,2025-05-08,completed
Item SKU Industrial 206,15,15,994.35,994.35,2025-06-28,2025-06-30,completed_late
Item SKU Industrial 393,12,12,2019.24,2019.24,2026-02-19,2026-02-19,completed
Item SKU Industrial 118,49,49,1349.95,1349.95,2025-10-03,2025-10-03,completed
Item SKU Industrial 113,35,35,977.2,977.2,2025-10-20,2025-10-20,completed
Item SKU Industrial 486,2,2,265.2,265.2,2026-02-09,2026-02-09,completed
Item SKU Industrial 83,7,7,454.51,454.51,2025-07-12,2025-07-12,completed
Item SKU Industrial 366,52,52,2853.76,2853.76,2025-06-27,2025-06-27,completed
Item SKU Industrial 55,45,45,623.25,716.74,2025-03-14,2025-03-16,completed_late
Item SKU Industrial 93,46,46,8262.06,8262.06,2025-07-29,2025-07-29,completed
Item SKU Industrial 456,51,51,1251.54,1251.54,2024-03-24,2024-03-24,completed
Item SKU Industrial 186,35,35,4354.0,4354.0,2025-05-09,2025-05-09,completed
Item SKU Industrial 55,16,16,221.6,221.6,2024-11-14,2024-11-14,completed
Item SKU Industrial 110,25,25,1886.25,1886.25,2024-12-24,2024-12-24,completed
Item SKU Industrial 494,50,50,7102.0,7102.0,2026-02-06,2026-02-06,completed
Item SKU Industrial 65,41,41,581.79,581.79,2025-11-10,2025-11-18,completed_late
Item SKU Industrial 479,49,49,8383.9,8383.9,2025-06-08,2025-06-08,completed
Item SKU Industrial 382,4,4,311.2,311.2,2024-07-01,2024-07-01,completed
Item SKU Industrial 154,34,34,292.74,292.74,2025-04-07,2025-04-07,completed
Item SKU Industrial 456,20,20,490.8,564.42,2025-05-10,2025-05-10,completed
Item SKU Industrial 470,18,18,357.12,357.12,2024-04-12,2024-04-12,completed
Item SKU Industrial 210,51,51,3862.74,3862.74,2025-04-06,2025-04-06,completed
Item SKU Industrial 62,11,11,121.0,121.0,2025-07-03,2025-07-05,completed_late
Item SKU Industrial 23,38,38,1659.84,1659.84,2025-11-16,2025-11-16,completed
Item SKU Industrial 464,50,50,4025.0,4025.0,2026-05-24,2026-05-24,completed
Item SKU Industrial 206,29,29,1922.41,1922.41,2024-06-02,2024-06-02,completed
Item SKU Industrial 490,25,25,1117.0,1117.0,2025-09-29,2025-09-29,completed
Item SKU Industrial 122,6,6,527.52,527.52,2024-05-05,2024-05-05,completed
Item SKU Industrial 448,1,1,37.06,37.06,2026-03-22,2026-03-22,completed
Item SKU Industrial 496,18,18,755.82,755.82,2025-03-03,2025-03-05,completed_late
Item SKU Industrial 496,16,16,671.84,772.62,2025-11-01,2025-11-01,completed
Item SKU Industrial 148,1,1,300.79,300.79,2025-03-02,2025-03-02,completed
Item SKU Industrial 277,13,13,995.41,995.41,2025-06-09,2025-06-09,completed
Item SKU Industrial 131,47,47,888.3,888.3,2025-08-30,2025-08-30,completed
Item SKU Industrial 238,5,5,506.75,506.75,2025-12-14,2025-12-14,completed
Item SKU Industrial 216,25,25,507.0,507.0,2025-09-25,2025-09-25,completed
Item SKU Industrial 331,38,38,16329.74,16329.74,2024-03-07,2024-03-09,completed_late
Item SKU Industrial 468,8,8,155.76,155.76,2024-11-17,2024-11-17,completed
Item SKU Industrial 397,29,29,4270.54,4270.54,2025-02-06,2025-02-06,completed
Item SKU Industrial 324,46,46,920.46,920.46,2026-01-30,2026-01-30,completed
Item SKU Industrial 330,18,18,184.86,184.86,2026-01-24,2026-01-24,completed
Item SKU Industrial 123,52,52,520.0,598.0,2025-05-20,2025-05-20,completed
Item SKU Industrial 364,24,24,1395.36,1395.36,2026-03-01,2026-03-01,completed
Item SKU Industrial 499,14,14,683.76,683.76,2024-05-05,2024-05-07,completed_late
Item SKU Industrial 235,39,39,4362.93,4362.93,2024-07-18,2024-07-26,completed_late
Item SKU Industrial 428,42,42,3590.58,3590.58,2025-07-29,2025-07-29,completed
Item SKU Industrial 143,50,50,7224.5,7224.5,2024-12-12,2024-12-12,completed
Item SKU Industrial 251,14,14,613.34,613.34,2024-04-25,2024-04-25,completed
Item SKU Industrial 447,47,47,286.7,286.7,2024-12-05,2024-12-05,completed
Item SKU Industrial 173,42,42,3532.62,3532.62,2024-07-14,2024-07-14,completed
Item SKU Industrial 253,1,1,116.04,116.04,2026-01-10,2026-01-12,completed_late
Item SKU Industrial 105,16,16,1028.8,1028.8,2024-11-09,2024-11-09,completed
Item SKU Industrial 310,45,45,9116.1,10483.52,2024-06-07,2024-06-07,completed
Item SKU Industrial 271,45,45,8151.75,8151.75,2024-10-20,2024-10-20,completed
Item SKU Industrial 381,5,5,578.7,578.7,2025-03-13,2025-03-13,completed
Item SKU Industrial 377,50,50,12892.5,12892.5,2026-04-27,2026-04-27,completed
Item SKU Industrial 350,26,26,2105.22,2105.22,2026-04-30,2026-04-30,completed
Item SKU Industrial 232,47,47,1190.98,1190.98,2024-02-24,2024-02-26,completed_late
Item SKU Industrial 108,44,44,2329.36,2329.36,2026-04-06,2026-04-06,completed
Item SKU Industrial 125,44,44,16359.2,16359.2,2026-05-15,2026-05-15,completed
Item SKU Industrial 345,37,37,4469.6,4469.6,2025-04-22,2025-04-22,completed
Item SKU Industrial 40,35,35,3208.1,3208.1,2024-12-05,2024-12-05,completed
Item SKU Industrial 273,26,26,2884.44,2884.44,2025-07-21,2025-07-21,completed
Item SKU Industrial 112,26,26,237.38,272.99,2025-02-01,2025-02-01,completed
Item SKU Industrial 176,49,49,3755.85,3755.85,2026-02-20,2026-02-22,completed_late
Item SKU Industrial 327,40,40,387.6,387.6,2025-08-16,2025-08-16,completed
Item SKU Industrial 58,51,51,4478.82,4478.82,2024-03-08,2024-03-08,completed
Item SKU Industrial 321,12,12,839.28,839.28,2024-05-23,2024-05-23,completed
Item SKU Industrial 27,4,4,883.68,883.68,2024-07-21,2024-07-21,completed
Item SKU Industrial 232,2,2,50.68,50.68,2024-08-26,2024-08-26,completed
Item SKU Industrial 342,33,33,5229.18,5229.18,2025-09-08,2025-09-08,completed
Item SKU Industrial 60,36,36,455.4,455.4,2026-03-01,2026-03-03,completed_late
Item SKU Industrial 346,50,50,9927.5,9927.5,2026-02-16,2026-02-16,completed
Item SKU Industrial 479,35,35,5988.5,5988.5,2025-02-02,2025-02-10,completed_late
Item SKU Industrial 292,48,48,1428.96,1643.3,2025-03-16,2025-03-16,completed
Item SKU Industrial 395,35,35,5182.45,5182.45,2025-04-13,2025-04-13,completed
Item SKU Industrial 435,42,42,648.9,648.9,2025-12-27,2025-12-27,completed
Item SKU Industrial 225,52,52,475.8,475.8,2026-03-09,2026-03-09,completed
Item SKU Industrial 31,9,9,1538.82,1538.82,2025-03-29,2025-03-31,completed_late
Item SKU Industrial 385,49,49,6810.02,6810.02,2025-04-20,2025-04-20,completed
Item SKU Industrial 72,50,50,18160.0,18160.0,2025-03-15,2025-03-15,completed
Item SKU Industrial 228,24,24,535.92,535.92,2025-04-12,2025-04-12,completed
Item SKU Industrial 352,34,34,599.76,599.76,2025-12-04,2025-12-04,completed
Item SKU Industrial 56,39,39,695.37,695.37,2025-05-26,2025-05-26,completed
Item SKU Industrial 67,47,47,14171.91,14171.91,2025-02-15,2025-02-15,completed
Item SKU Industrial 84,3,3,32.28,37.12,2025-05-05,2025-05-07,completed_late
Item SKU Industrial 203,3,3,688.2,688.2,2025-06-09,2025-06-09,completed
Item SKU Industrial 148,4,4,1203.16,1203.16,2025-10-13,2025-10-13,completed
Item SKU Industrial 357,8,8,1364.48,1364.48,2024-11-16,2024-11-16,completed
Item SKU Industrial 198,22,22,1160.94,1160.94,2024-12-21,2024-12-21,completed
Item SKU Industrial 298,49,49,667.38,667.38,2025-06-26,2025-06-26,completed
Item SKU Industrial 314,46,46,5141.42,5141.42,2026-04-02,2026-04-02,completed
Item SKU Industrial 320,11,11,179.41,179.41,2025-12-25,2025-12-27,completed_late
Item SKU Industrial 82,12,12,74.88,74.88,2025-03-27,2025-03-27,completed
Item SKU Industrial 169,35,35,3103.8,3103.8,2025-03-23,2025-03-23,completed
Item SKU Industrial 247,19,19,454.48,454.48,2025-10-17,2025-10-17,completed
Item SKU Industrial 314,22,22,2458.94,2827.78,2024-04-12,2024-04-12,completed
Item SKU Industrial 56,9,9,160.47,160.47,2025-06-21,2025-06-21,completed
Item SKU Industrial 30,16,16,700.8,700.8,2025-12-02,2025-12-02,completed
Item SKU Industrial 11,44,44,7059.8,7059.8,2024-01-06,2024-01-08,completed_late
Item SKU Industrial 31,22,22,3761.56,3761.56,2025-01-20,2025-01-20,completed
Item SKU Industrial 214,36,36,591.12,591.12,2025-02-06,2025-02-06,completed
Item SKU Industrial 126,26,26,2610.4,2610.4,2025-07-28,2025-08-05,completed_late
Item SKU Industrial 283,3,3,124.65,124.65,2025-10-27,2025-10-27,completed
Item SKU Industrial 146,42,42,3289.86,3289.86,2026-03-01,2026-03-01,completed
Item SKU Industrial 188,27,27,391.77,391.77,2026-03-05,2026-03-05,completed
Item SKU Industrial 211,22,22,653.4,653.4,2024-01-18,2024-01-20,completed_late
Item SKU Industrial 176,35,35,2682.75,3085.16,2024-07-11,2024-07-11,completed
Item SKU Industrial 356,31,31,597.99,597.99,2025-07-31,2025-07-31,completed
Item SKU Industrial 356,53,53,1022.37,1022.37,2024-04-29,2024-04-29,completed
Item SKU Industrial 153,33,33,948.42,948.42,2025-12-29,2025-12-29,completed
Item SKU Industrial 452,11,11,399.63,399.63,2025-01-21,2025-01-21,completed
Item SKU Industrial 259,33,33,2001.78,2001.78,2025-11-13,2025-11-13,completed
Item SKU Industrial 163,29,29,833.17,833.17,2024-11-17,2024-11-19,completed_late
Item SKU Industrial 299,6,6,409.26,409.26,2026-01-05,2026-01-05,completed
Item SKU Industrial 273,35,35,3882.9,3882.9,2024-11-14,2024-11-14,completed
Item SKU Industrial 454,19,19,2404.64,2404.64,2026-05-09,2026-05-09,completed
Item SKU Industrial 150,22,22,2847.68,2847.68,2026-04-08,2026-04-08,completed
Item SKU Industrial 203,16,16,3670.4,4220.96,2026-03-06,2026-03-06,completed
Item SKU Industrial 402,38,38,1052.98,1052.98,2024-10-26,2024-10-26,completed
Item SKU Industrial 447,46,46,280.6,280.6,2026-01-07,2026-01-09,completed_late
Item SKU Industrial 50,24,24,254.16,254.16,2024-01-21,2024-01-21,completed
Item SKU Industrial 453,41,41,1657.63,1657.63,2024-01-25,2024-01-25,completed
Item SKU Industrial 451,34,34,6452.18,6452.18,2025-03-22,2025-03-22,completed
Item SKU Industrial 171,22,22,872.74,872.74,2025-07-24,2025-07-24,completed
Item SKU Industrial 357,38,38,6481.28,6481.28,2024-12-13,2024-12-13,completed
Item SKU Industrial 465,27,27,2492.1,2492.1,2025-03-25,2025-03-25,completed
Item SKU Industrial 57,53,53,7095.11,7095.11,2026-02-13,2026-02-15,completed_late
Item SKU Industrial 229,51,51,682.38,682.38,2026-01-10,2026-01-10,completed
Item SKU Industrial 281,14,14,207.76,238.92,2024-03-04,2024-03-04,completed
Item SKU Industrial 123,42,42,420.0,420.0,2025-02-09,2025-02-09,completed
Item SKU Industrial 412,46,46,3109.6,3109.6,2024-09-08,2024-09-16,completed_late
Item SKU Industrial 328,9,9,383.13,383.13,2025-02-27,2025-02-27,completed
Item SKU Industrial 191,52,52,4655.04,4655.04,2025-08-24,2025-08-24,completed
Item SKU Industrial 29,46,46,6452.88,6452.88,2025-11-20,2025-11-22,completed_late
Item SKU Industrial 99,14,14,2503.34,2503.34,2026-01-01,2026-01-01,completed
Item SKU Industrial 317,3,3,137.22,137.22,2026-03-19,2026-03-19,completed
Item SKU Industrial 481,35,35,939.05,939.05,2024-07-15,2024-07-15,completed
Item SKU Industrial 239,29,29,409.48,409.48,2025-01-27,2025-01-27,completed
Item SKU Industrial 363,17,17,2593.52,2593.52,2026-01-23,2026-01-23,completed
Item SKU Industrial 162,52,52,8100.56,9315.64,2026-01-12,2026-01-12,completed
Item SKU Industrial 31,52,52,8890.96,8890.96,2024-03-27,2024-03-29,completed_late
Item SKU Industrial 274,8,8,1080.24,1080.24,2025-02-27,2025-02-27,completed
Item SKU Industrial 211,29,29,861.3,861.3,2024-07-24,2024-07-24,completed
Item SKU Industrial 307,37,37,971.99,971.99,2025-11-22,2025-11-22,completed
Item SKU Industrial 226,9,9,178.74,178.74,2026-02-22,2026-02-22,completed
Item SKU Industrial 29,19,19,2665.32,2665.32,2025-09-14,2025-09-14,completed
Item SKU Industrial 436,5,5,1584.8,1584.8,2024-05-02,2024-05-02,completed
Item SKU Industrial 106,34,34,3081.42,3081.42,2024-04-12,2024-04-14,completed_late
Item SKU Industrial 68,15,15,581.25,581.25,2024-04-12,2024-04-12,completed
Item SKU Industrial 310,8,8,1620.64,1620.64,2025-05-01,2025-05-01,completed
Item SKU Industrial 403,31,31,3530.28,4059.82,2025-02-20,2025-02-20,completed
Item SKU Industrial 352,42,42,740.88,740.88,2025-04-26,2025-04-26,completed
Item SKU Industrial 484,31,31,2230.45,2230.45,2025-04-27,2025-04-27,completed
Item SKU Industrial 61,14,14,1533.28,1533.28,2026-02-02,2026-02-02,completed
Item SKU Industrial 317,8,8,365.92,365.92,2025-04-06,2025-04-08,completed_late
Item SKU Industrial 265,44,44,2082.52,2082.52,2025-06-28,2025-06-28,completed
Item SKU Industrial 301,40,40,12572.4,12572.4,2025-08-15,2025-08-15,completed
Item SKU Industrial 17,7,7,285.18,285.18,2025-01-08,2025-01-08,completed
Item SKU Industrial 150,27,27,3494.88,3494.88,2026-04-23,2026-04-23,completed
Item SKU Industrial 360,5,5,217.0,217.0,2025-07-14,2025-07-22,completed_late
Item SKU Industrial 93,36,36,6465.96,6465.96,2025-05-12,2025-05-12,completed
Item SKU Industrial 440,29,29,5211.59,5993.33,2024-03-22,2024-03-24,completed_late
Item SKU Industrial 414,38,38,2401.98,2401.98,2024-06-21,2024-06-21,completed
Item SKU Industrial 125,44,44,16359.2,16359.2,2025-01-05,2025-01-05,completed
Item SKU Industrial 410,30,30,668.7,668.7,2024-01-12,2024-01-12,completed
Item SKU Industrial 4,27,27,4156.65,4156.65,2026-04-16,2026-04-16,completed
Item SKU Industrial 107,47,47,5107.49,5107.49,2024-12-05,2024-12-05,completed
Item SKU Industrial 470,6,6,119.04,119.04,2026-03-13,2026-03-13,completed
Item SKU Industrial 208,12,12,627.84,627.84,2024-04-25,2024-04-27,completed_late
Item SKU Industrial 51,13,13,959.66,959.66,2025-08-03,2025-08-03,completed
Item SKU Industrial 94,38,38,1038.16,1038.16,2024-10-10,2024-10-10,completed
Item SKU Industrial 279,51,51,5587.56,5587.56,2026-02-17,2026-02-17,completed
Item SKU Industrial 486,5,5,663.0,762.45,2024-12-06,2024-12-06,completed
Item SKU Industrial 420,50,50,359.5,359.5,2024-10-03,2024-10-03,completed
Item SKU Industrial 178,15,15,943.8,943.8,2024-09-02,2024-09-02,completed
Item SKU Industrial 273,3,3,332.82,332.82,2024-03-18,2024-03-20,completed_late
Item SKU Industrial 439,25,25,4630.75,4630.75,2025-08-07,2025-08-07,completed
Item SKU Industrial 79,16,16,3612.0,3612.0,2026-05-17,2026-05-17,completed
Item SKU Industrial 273,13,13,1442.22,1442.22,2024-05-16,2024-05-16,completed
Item SKU Industrial 426,30,30,2784.9,2784.9,2025-11-22,2025-11-22,completed
Item SKU Industrial 126,39,39,3915.6,3915.6,2025-11-02,2025-11-02,completed
Item SKU Industrial 424,24,24,2324.88,2324.88,2025-02-15,2025-02-15,completed
Item SKU Industrial 469,28,28,6744.36,6744.36,2026-01-29,2026-01-31,completed_late
Item SKU Industrial 494,34,34,4829.36,5553.76,2026-04-20,2026-04-20,completed
Item SKU Industrial 30,31,31,1357.8,1357.8,2026-04-16,2026-04-16,completed
Item SKU Industrial 38,51,51,14800.2,14800.2,2025-10-24,2025-10-24,completed
Item SKU Industrial 63,29,29,4240.67,4240.67,2026-02-15,2026-02-15,completed
Item SKU Industrial 390,42,42,314.58,314.58,2025-03-22,2025-03-22,completed
Item SKU Industrial 42,12,12,379.56,379.56,2026-04-10,2026-04-18,completed_late
Item SKU Industrial 121,39,39,1557.66,1557.66,2025-05-28,2025-05-30,completed_late
Item SKU Industrial 94,52,52,1420.64,1420.64,2024-10-14,2024-10-14,completed
Item SKU Industrial 208,11,11,575.52,575.52,2025-02-04,2025-02-04,completed
Item SKU Industrial 82,38,38,237.12,237.12,2025-08-01,2025-08-01,completed
Item SKU Industrial 221,20,20,1233.4,1233.4,2024-09-26,2024-09-26,completed
Item SKU Industrial 43,44,44,1955.8,2249.17,2025-11-23,2025-11-23,completed
Item SKU Industrial 446,44,44,5060.0,5060.0,2025-04-28,2025-04-28,completed
Item SKU Industrial 422,51,51,11915.64,11915.64,2026-04-05,2026-04-07,completed_late
Item SKU Industrial 191,6,6,537.12,537.12,2024-05-30,2024-05-30,completed
Item SKU Industrial 144,26,26,10478.26,10478.26,2025-12-18,2025-12-18,completed
Item SKU Industrial 439,13,13,2407.99,2407.99,2026-03-12,2026-03-12,completed
Item SKU Industrial 416,13,13,206.7,206.7,2026-05-08,2026-05-08,completed
Item SKU Industrial 6,41,41,763.01,763.01,2025-07-07,2025-07-07,completed
Item SKU Industrial 188,2,2,29.02,29.02,2025-03-01,2025-03-01,completed
Item SKU Industrial 121,38,38,1517.72,1517.72,2026-04-26,2026-04-28,completed_late
Item SKU Industrial 489,3,3,167.28,167.28,2025-07-13,2025-07-13,completed
Item SKU Industrial 14,49,49,5125.89,5894.77,2024-04-01,2024-04-01,completed
Item SKU Industrial 144,8,8,3224.08,3224.08,2024-12-02,2024-12-02,completed
Item SKU Industrial 478,9,9,222.93,222.93,2025-05-26,2025-05-26,completed
Item SKU Industrial 215,37,37,809.56,809.56,2026-01-16,2026-01-16,completed
Item SKU Industrial 294,38,38,901.74,901.74,2025-09-13,2025-09-13,completed
Item SKU Industrial 304,5,5,1558.15,1558.15,2024-12-30,2025-01-01,completed_late
Item SKU Industrial 58,52,52,4566.64,4566.64,2026-01-19,2026-01-19,completed
Item SKU Industrial 52,28,28,1654.52,1654.52,2026-02-23,2026-02-23,completed
Item SKU Industrial 227,4,4,132.04,132.04,2024-11-26,2024-11-26,completed
Item SKU Industrial 365,13,13,509.6,509.6,2025-12-29,2025-12-29,completed
Item SKU Industrial 71,36,36,8391.24,8391.24,2024-02-16,2024-02-16,completed
Item SKU Industrial 443,4,4,174.64,200.84,2025-09-22,2025-09-22,completed
Item SKU Industrial 229,9,9,120.42,120.42,2024-11-18,2024-11-26,completed_late
Item SKU Industrial 449,34,34,1544.96,1544.96,2025-02-06,2025-02-06,completed
Item SKU Industrial 186,15,15,1866.0,1866.0,2024-08-02,2024-08-02,completed
Item SKU Industrial 97,2,2,694.3,694.3,2024-11-07,2024-11-07,completed
Item SKU Industrial 33,28,28,199.92,199.92,2026-01-15,2026-01-15,completed
Item SKU Industrial 322,47,47,1373.34,1373.34,2025-10-20,2025-10-20,completed
Item SKU Industrial 268,51,51,1317.84,1317.84,2025-08-08,2025-08-08,completed
Item SKU Industrial 437,19,19,2513.32,2513.32,2024-05-27,2024-05-29,completed_late
Item SKU Industrial 9,8,8,1563.2,1563.2,2026-03-06,2026-03-06,completed
Item SKU Industrial 456,41,41,1006.14,1006.14,2025-01-30,2025-01-30,completed
Item SKU Industrial 218,35,35,875.7,1007.06,2025-12-29,2025-12-29,completed
Item SKU Industrial 300,9,9,402.57,402.57,2026-05-10,2026-05-10,completed
Item SKU Industrial 404,3,3,318.45,318.45,2025-11-02,2025-11-02,completed
Item SKU Industrial 114,25,25,6114.5,6114.5,2025-08-09,2025-08-09,completed
Item SKU Industrial 394,45,45,1630.8,1630.8,2026-04-17,2026-04-19,completed_late
Item SKU Industrial 91,41,41,1503.88,1503.88,2025-04-18,2025-04-18,completed
Item SKU Industrial 164,47,47,2754.67,2754.67,2024-03-22,2024-03-22,completed
Item SKU Industrial 302,30,30,497.7,497.7,2026-03-05,2026-03-05,completed
Item SKU Industrial 377,18,18,4641.3,4641.3,2025-04-07,2025-04-07,completed
Item SKU Industrial 226,19,19,377.34,377.34,2026-05-15,2026-05-15,completed
Item SKU Industrial 498,36,36,3438.72,3438.72,2025-02-24,2025-02-24,completed
Item SKU Industrial 65,38,38,539.22,620.1,2026-03-30,2026-04-01,completed_late
Item SKU Industrial 57,26,26,3480.62,3480.62,2025-03-21,2025-03-21,completed
Item SKU Industrial 460,25,25,1720.75,1720.75,2025-11-07,2025-11-07,completed
Item SKU Industrial 463,5,5,228.0,228.0,2025-09-02,2025-09-02,completed
Item SKU Industrial 397,27,27,3976.02,3976.02,2025-12-31,2025-12-31,completed
Item SKU Industrial 26,37,37,454.36,454.36,2024-08-01,2024-08-01,completed
Item SKU Industrial 346,37,37,7346.35,7346.35,2025-12-25,2025-12-25,completed
Item SKU Industrial 195,15,15,705.6,705.6,2026-02-11,2026-02-13,completed_late
Item SKU Industrial 370,50,50,1266.0,1266.0,2024-04-12,2024-04-20,completed_late
Item SKU Industrial 199,8,8,727.92,727.92,2024-07-29,2024-07-29,completed
Item SKU Industrial 259,7,7,424.62,424.62,2025-05-12,2025-05-12,completed
Item SKU Industrial 252,20,20,1267.4,1457.51,2024-05-05,2024-05-05,completed
Item SKU Industrial 353,50,50,6050.0,6050.0,2025-05-30,2025-05-30,completed
Item SKU Industrial 496,30,30,1259.7,1259.7,2025-05-09,2025-05-09,completed
Item SKU Industrial 220,4,4,714.44,714.44,2025-05-23,2025-05-25,completed_late
Item SKU Industrial 85,53,53,916.9,916.9,2026-04-15,2026-04-15,completed
Item SKU Industrial 9,31,31,6057.4,6057.4,2024-12-27,2024-12-27,completed
Item SKU Industrial 309,46,46,3883.78,3883.78,2026-05-23,2026-05-23,completed
Item SKU Industrial 277,35,35,2679.95,2679.95,2025-10-04,2025-10-04,completed
Item SKU Industrial 342,40,40,6338.4,6338.4,2025-11-13,2025-11-13,completed
Item SKU Industrial 327,27,27,261.63,261.63,2026-04-04,2026-04-04,completed
Item SKU Industrial 262,25,25,1499.25,1499.25,2025-12-22,2025-12-24,completed_late
Item SKU Industrial 78,4,4,182.16,209.48,2025-05-31,2025-05-31,completed
Item SKU Industrial 125,23,23,8551.4,8551.4,2025-08-18,2025-08-18,completed
Item SKU Industrial 63,18,18,2632.14,2632.14,2024-12-26,2024-12-26,completed
Item SKU Industrial 112,37,37,337.81,337.81,2026-05-04,2026-05-04,completed
Item SKU Industrial 406,41,41,4072.12,4072.12,2024-01-22,2024-01-22,completed
Item SKU Industrial 169,6,6,532.08,532.08,2024-12-13,2024-12-13,completed
Item SKU Industrial 333,38,38,5092.76,5092.76,2024-08-22,2024-08-24,completed_late
Item SKU Industrial 166,13,13,3157.96,3157.96,2024-05-23,2024-05-23,completed
Item SKU Industrial 138,50,50,10381.5,10381.5,2025-02-24,2025-02-24,completed
Item SKU Industrial 87,44,44,4051.96,4051.96,2024-11-11,2024-11-11,completed
Item SKU Industrial 208,29,29,1517.28,1517.28,2025-12-04,2025-12-04,completed
Item SKU Industrial 329,31,31,444.54,511.22,2026-03-16,2026-03-16,completed
Item SKU Industrial 98,48,48,404.16,404.16,2025-04-28,2025-04-28,completed
Item SKU Industrial 419,2,2,194.74,194.74,2026-02-28,2026-03-02,completed_late
Item SKU Industrial 354,50,50,1008.0,1008.0,2024-06-01,2024-06-01,completed
Item SKU Industrial 46,5,5,743.9,743.9,2025-11-08,2025-11-16,completed_late
Item SKU Industrial 157,18,18,10811.52,10811.52,2025-05-15,2025-05-15,completed
Item SKU Industrial 189,33,33,200.97,200.97,2026-03-02,2026-03-02,completed
Item SKU Industrial 274,40,40,5401.2,5401.2,2024-05-30,2024-05-30,completed
Item SKU Industrial 326,1,1,66.82,66.82,2026-01-02,2026-01-02,completed
Item SKU Industrial 439,33,33,6112.59,6112.59,2025-12-12,2025-12-14,completed_late
Item SKU Industrial 11,18,18,2888.1,2888.1,2025-04-12,2025-04-12,completed
Item SKU Industrial 82,34,34,212.16,243.98,2024-06-17,2024-06-17,completed
Item SKU Industrial 109,38,38,3320.44,3320.44,2026-04-04,2026-04-04,completed
Item SKU Industrial 320,40,40,652.4,652.4,2024-08-25,2024-08-25,completed
Item SKU Industrial 471,42,42,2350.74,2350.74,2025-03-30,2025-03-30,completed
Item SKU Industrial 130,13,13,1281.93,1281.93,2026-04-26,2026-04-26,completed
Item SKU Industrial 81,37,37,2655.86,2655.86,2026-02-12,2026-02-14,completed_late
Item SKU Industrial 349,7,7,846.58,846.58,2025-11-23,2025-11-23,completed
Item SKU Industrial 92,35,35,1119.65,1119.65,2026-02-12,2026-02-12,completed
Item SKU Industrial 167,24,24,2317.2,2317.2,2025-11-06,2025-11-06,completed
Item SKU Industrial 302,44,44,729.96,729.96,2025-11-16,2025-11-16,completed
Item SKU Industrial 474,27,27,1643.22,1643.22,2024-03-16,2024-03-16,completed
Item SKU Industrial 16,14,14,5596.5,6435.98,2025-11-02,2025-11-02,completed
Item SKU Industrial 116,47,47,2692.16,2692.16,2025-10-26,2025-10-28,completed_late
Item SKU Industrial 151,38,38,2579.44,2579.44,2025-11-09,2025-11-09,completed
Item SKU Industrial 97,29,29,10067.35,10067.35,2025-10-30,2025-10-30,completed
Item SKU Industrial 499,25,25,1221.0,1221.0,2026-01-23,2026-01-23,completed
Item SKU Industrial 49,26,26,1699.88,1699.88,2024-03-02,2024-03-02,completed
Item SKU Industrial 72,41,41,14891.2,14891.2,2026-02-23,2026-02-23,completed
Item SKU Industrial 414,16,16,1011.36,1011.36,2024-04-25,2024-04-25,completed
Item SKU Industrial 250,27,27,2473.2,2473.2,2026-03-20,2026-03-22,completed_late
Item SKU Industrial 447,14,14,85.4,85.4,2025-03-20,2025-03-20,completed
Item SKU Industrial 118,42,42,1157.1,1157.1,2026-02-16,2026-02-16,completed
Item SKU Industrial 317,7,7,320.18,368.21,2025-11-28,2025-12-06,completed_late
Item SKU Industrial 224,11,11,264.44,264.44,2025-08-16,2025-08-16,completed
Item SKU Industrial 418,11,11,629.86,629.86,2024-12-29,2024-12-29,completed
Item SKU Industrial 425,26,26,5846.36,5846.36,2024-12-14,2024-12-14,completed
Item SKU Industrial 306,45,45,7189.2,7189.2,2026-03-27,2026-03-29,completed_late
Item SKU Industrial 289,24,24,547.44,547.44,2024-07-14,2024-07-14,completed
Item SKU Industrial 424,46,46,4456.02,4456.02,2024-04-26,2024-04-26,completed
Item SKU Industrial 311,22,22,1812.36,1812.36,2025-03-22,2025-03-22,completed
Item SKU Industrial 154,30,30,258.3,258.3,2024-07-09,2024-07-09,completed
Item SKU Industrial 222,53,53,4788.02,4788.02,2024-08-24,2024-08-24,completed
Item SKU Industrial 4,37,37,5696.15,5696.15,2024-12-22,2024-12-22,completed
Item SKU Industrial 395,51,51,7551.57,8684.31,2025-01-16,2025-01-18,completed_late
Item SKU Industrial 481,8,8,214.64,214.64,2024-11-09,2024-11-09,completed
Item SKU Industrial 358,40,40,3756.0,3756.0,2024-09-19,2024-09-19,completed
Item SKU Industrial 471,49,49,2742.53,2742.53,2026-03-26,2026-03-26,completed
Item SKU Industrial 235,25,25,2796.75,2796.75,2026-01-30,2026-01-30,completed
Item SKU Industrial 28,24,24,1446.48,1446.48,2024-02-29,2024-02-29,completed
Item SKU Industrial 359,1,1,62.55,62.55,2026-05-24,2026-05-24,completed
Item SKU Industrial 367,52,52,1773.2,1773.2,2025-12-29,2025-12-31,completed_late
Item SKU Industrial 220,17,17,3036.37,3036.37,2024-12-15,2024-12-15,completed
Item SKU Industrial 378,8,8,764.08,764.08,2025-03-02,2025-03-02,completed
Item SKU Industrial 118,33,33,909.15,909.15,2026-04-06,2026-04-06,completed
Item SKU Industrial 475,12,12,1015.68,1168.03,2026-01-29,2026-01-29,completed
Item SKU Industrial 140,11,11,98.01,98.01,2026-02-26,2026-02-26,completed
Item SKU Industrial 369,41,41,2118.88,2118.88,2025-05-29,2025-05-29,completed
Item SKU Industrial 68,7,7,271.25,271.25,2025-05-17,2025-05-19,completed_late
Item SKU Industrial 111,11,11,1822.15,1822.15,2024-06-29,2024-06-29,completed
Item SKU Industrial 349,41,41,4958.54,4958.54,2025-10-19,2025-10-19,completed
Item SKU Industrial 475,48,48,4062.72,4062.72,2026-01-25,2026-01-25,completed
Item SKU Industrial 418,20,20,1145.2,1145.2,2025-03-07,2025-03-15,completed_late
Item SKU Industrial 46,44,44,6546.32,6546.32,2024-11-30,2024-11-30,completed
Item SKU Industrial 472,48,48,667.68,667.68,2024-08-15,2024-08-15,completed
Item SKU Industrial 190,36,36,1658.16,1658.16,2025-05-15,2025-05-17,completed_late
Item SKU Industrial 460,14,14,963.62,1108.16,2024-03-03,2024-03-03,completed
Item SKU Industrial 484,24,24,1726.8,1726.8,2024-10-12,2024-10-12,completed
Item SKU Industrial 101,16,16,6548.48,6548.48,2026-05-09,2026-05-09,completed
Item SKU Industrial 425,26,26,5846.36,5846.36,2024-11-25,2024-11-25,completed
Item SKU Industrial 341,40,40,8462.8,8462.8,2024-01-28,2024-01-28,completed
Item SKU Industrial 492,29,29,589.57,589.57,2024-01-28,2024-01-28,completed
Item SKU Industrial 283,25,25,1038.75,1038.75,2024-03-09,2024-03-11,completed_late
Item SKU Industrial 125,26,26,9666.8,9666.8,2025-08-15,2025-08-15,completed
Item SKU Industrial 451,48,48,9108.96,9108.96,2025-06-14,2025-06-14,completed
Item SKU Industrial 213,14,14,273.0,273.0,2025-10-18,2025-10-18,completed
Item SKU Industrial 431,39,39,5037.63,5037.63,2024-03-16,2024-03-16,completed
Item SKU Industrial 416,2,2,31.8,36.57,2024-09-24,2024-09-24,completed
Item SKU Industrial 420,26,26,186.94,186.94,2025-07-04,2025-07-04,completed
Item SKU Industrial 189,5,5,30.45,30.45,2025-10-31,2025-11-02,completed_late
Item SKU Industrial 347,26,26,601.12,601.12,2025-11-10,2025-11-10,completed
Item SKU Industrial 108,23,23,1217.62,1217.62,2024-04-30,2024-04-30,completed
Item SKU Industrial 471,5,5,279.85,279.85,2026-02-28,2026-02-28,completed
Item SKU Industrial 308,48,48,978.24,978.24,2026-01-01,2026-01-01,completed
Item SKU Industrial 220,26,26,4643.86,4643.86,2024-11-07,2024-11-07,completed
Item SKU Industrial 329,33,33,473.22,473.22,2026-05-01,2026-05-01,completed
Item SKU Industrial 240,2,2,405.3,405.3,2025-10-06,2025-10-08,completed_late
Item SKU Industrial 496,40,40,1679.6,1679.6,2024-09-02,2024-09-02,completed
Item SKU Industrial 482,29,29,225.91,259.8,2025-03-01,2025-03-01,completed
Item SKU Industrial 17,52,52,2118.48,2118.48,2025-03-27,2025-03-27,completed
Item SKU Industrial 286,35,35,1396.15,1396.15,2024-06-02,2024-06-02,completed
Item SKU Industrial 415,39,39,9058.14,9058.14,2026-02-13,2026-02-21,completed_late
Item SKU Industrial 377,23,23,5930.55,5930.55,2025-06-22,2025-06-22,completed
Item SKU Industrial 492,27,27,548.91,548.91,2024-08-17,2024-08-19,completed_late
Item SKU Industrial 138,47,47,9758.61,9758.61,2024-11-24,2024-11-24,completed
Item SKU Industrial 483,3,3,151.35,151.35,2024-07-27,2024-07-27,completed
Item SKU Industrial 94,13,13,355.16,355.16,2025-10-01,2025-10-01,completed
Item SKU Industrial 319,40,40,1035.6,1035.6,2024-04-01,2024-04-01,completed
Item SKU Industrial 117,17,17,1536.8,1536.8,2025-07-22,2025-07-22,completed
Item SKU Industrial 196,19,19,1280.79,1472.91,2024-09-12,2024-09-12,completed
Item SKU Industrial 102,48,48,636.96,636.96,2026-03-17,2026-03-19,completed_late
Item SKU Industrial 473,49,49,26092.01,26092.01,2025-09-14,2025-09-14,completed
Item SKU Industrial 111,3,3,496.95,496.95,2024-09-07,2024-09-07,completed
Item SKU Industrial 494,29,29,4119.16,4119.16,2025-05-18,2025-05-18,completed
Item SKU Industrial 390,13,13,97.37,97.37,2024-09-29,2024-09-29,completed
Item SKU Industrial 385,26,26,3613.48,3613.48,2025-10-25,2025-10-25,completed
Item SKU Industrial 169,28,28,2483.04,2483.04,2025-11-13,2025-11-13,completed
Item SKU Industrial 409,51,51,2196.06,2196.06,2025-08-23,2025-08-25,completed_late
Item SKU Industrial 110,30,30,2263.5,2263.5,2026-01-05,2026-01-05,completed
Item SKU Industrial 435,22,22,339.9,339.9,2026-04-30,2026-04-30,completed
Item SKU Industrial 76,28,28,3253.88,3741.96,2024-04-01,2024-04-01,completed
Item SKU Industrial 242,44,44,403.92,403.92,2025-11-16,2025-11-16,completed
Item SKU Industrial 323,41,41,2909.77,2909.77,2025-06-12,2025-06-12,completed
Item SKU Industrial 461,44,44,2024.0,2024.0,2024-05-06,2024-05-06,completed
Item SKU Industrial 382,45,45,3501.0,3501.0,2025-01-10,2025-01-12,completed_late
Item SKU Industrial 5,51,51,1610.07,1610.07,2025-08-14,2025-08-14,completed
Item SKU Industrial 428,7,7,598.43,598.43,2024-05-31,2024-05-31,completed
Item SKU Industrial 466,15,15,89.1,89.1,2026-01-09,2026-01-09,completed
Item SKU Industrial 287,33,33,12019.92,12019.92,2024-04-05,2024-04-05,completed
Item SKU Industrial 120,2,2,106.04,106.04,2025-06-12,2025-06-12,completed
Item SKU Industrial 163,33,33,948.09,948.09,2025-10-31,2025-11-08,completed_late
Item SKU Industrial 497,31,31,894.66,1028.86,2025-10-24,2025-10-26,completed_late
Item SKU Industrial 174,46,46,2634.88,2634.88,2024-07-24,2024-07-24,completed
Item SKU Industrial 445,1,1,32.06,32.06,2026-05-19,2026-05-19,completed
Item SKU Industrial 454,18,18,2278.08,2278.08,2024-01-19,2024-01-19,completed
Item SKU Industrial 329,17,17,243.78,243.78,2025-08-03,2025-08-03,completed
Item SKU Industrial 279,1,1,109.56,109.56,2024-02-26,2024-02-26,completed
Item SKU Industrial 492,45,45,914.85,914.85,2024-01-13,2024-01-13,completed
Item SKU Industrial 381,28,28,3240.72,3240.72,2024-11-12,2024-11-14,completed_late
Item SKU Industrial 146,19,19,1488.27,1488.27,2025-07-07,2025-07-07,completed
Item SKU Industrial 66,36,36,450.36,450.36,2025-06-27,2025-06-27,completed
Item SKU Industrial 371,20,20,4585.2,4585.2,2024-08-21,2024-08-21,completed
Item SKU Industrial 431,1,1,129.17,148.55,2025-02-28,2025-02-28,completed
Item SKU Industrial 446,51,51,5865.0,5865.0,2025-11-01,2025-11-01,completed
Item SKU Industrial 292,37,37,1101.49,1101.49,2025-08-03,2025-08-03,completed
Item SKU Industrial 48,17,17,226.44,226.44,2025-03-29,2025-03-31,completed_late
Item SKU Industrial 470,35,35,694.4,694.4,2026-03-22,2026-03-22,completed
Item SKU Industrial 243,13,13,365.69,365.69,2025-09-05,2025-09-05,completed
Item SKU Industrial 247,14,14,334.88,334.88,2026-01-09,2026-01-09,completed
Item SKU Industrial 172,50,50,781.5,781.5,2025-10-03,2025-10-03,completed
Item SKU Industrial 164,23,23,1348.03,1348.03,2024-05-10,2024-05-10,completed
Item SKU Industrial 438,7,7,126.98,126.98,2025-12-29,2025-12-29,completed
Item SKU Industrial 262,9,9,539.73,539.73,2025-05-26,2025-05-28,completed_late
Item SKU Industrial 95,36,36,11073.6,12734.64,2026-05-09,2026-05-09,completed
Item SKU Industrial 18,15,15,654.0,654.0,2025-07-28,2025-07-28,completed
Item SKU Industrial 421,24,24,4865.76,4865.76,2024-06-22,2024-06-22,completed
Item SKU Industrial 43,17,17,755.65,755.65,2026-04-27,2026-04-27,completed
Item SKU Industrial 347,25,25,578.0,578.0,2024-11-01,2024-11-01,completed
Item SKU Industrial 242,11,11,100.98,100.98,2025-05-16,2025-05-16,completed
Item SKU Industrial 310,52,52,10534.16,10534.16,2025-01-31,2025-02-08,completed_late
Item SKU Industrial 41,50,50,2841.5,2841.5,2025-02-16,2025-02-16,completed
Item SKU Industrial 250,35,35,3206.0,3206.0,2026-03-13,2026-03-13,completed
Item SKU Industrial 131,17,17,321.3,321.3,2025-06-13,2025-06-13,completed
Item SKU Industrial 104,39,39,12569.31,12569.31,2024-08-29,2024-08-29,completed
Item SKU Industrial 420,23,23,165.37,190.18,2024-08-25,2024-08-25,completed
Item SKU Industrial 313,9,9,297.18,297.18,2024-07-04,2024-07-04,completed
Item SKU Industrial 351,35,35,4977.35,4977.35,2024-11-23,2024-11-25,completed_late
Item SKU Industrial 266,12,12,99.48,99.48,2026-04-02,2026-04-02,completed
Item SKU Industrial 465,20,20,1846.0,1846.0,2024-10-12,2024-10-12,completed
Item SKU Industrial 124,38,38,12074.5,12074.5,2026-02-27,2026-02-27,completed
Item SKU Industrial 483,26,26,1311.7,1311.7,2024-11-05,2024-11-05,completed
Item SKU Industrial 409,25,25,1076.5,1076.5,2025-04-18,2025-04-18,completed
Item SKU Industrial 212,6,6,78.96,78.96,2024-06-09,2024-06-09,completed
Item SKU Industrial 339,45,45,2137.95,2137.95,2026-04-27,2026-04-29,completed_late
Item SKU Industrial 89,15,15,1171.95,1171.95,2024-06-13,2024-06-13,completed
Item SKU Industrial 137,27,27,1576.26,1812.7,2025-11-30,2025-11-30,completed
Item SKU Industrial 427,9,9,197.37,197.37,2024-07-16,2024-07-16,completed
Item SKU Industrial 218,9,9,225.18,225.18,2025-01-04,2025-01-04,completed
Item SKU Industrial 18,9,9,392.4,392.4,2025-04-11,2025-04-11,completed
Item SKU Industrial 122,9,9,791.28,791.28,2025-09-11,2025-09-11,completed
Item SKU Industrial 89,14,14,1093.82,1093.82,2024-09-01,2024-09-03,completed_late
Item SKU Industrial 480,4,4,93.76,93.76,2025-10-06,2025-10-06,completed
Item SKU Industrial 315,26,26,547.04,547.04,2026-05-18,2026-05-18,completed
Item SKU Industrial 132,15,15,3017.85,3017.85,2024-06-17,2024-06-17,completed
Item SKU Industrial 73,53,53,6396.57,6396.57,2025-11-10,2025-11-10,completed
Item SKU Industrial 413,26,26,1111.76,1111.76,2025-08-15,2025-08-15,completed
Item SKU Industrial 484,27,27,1942.65,2234.05,2025-04-25,2025-04-25,completed
Item SKU Industrial 50,13,13,137.67,137.67,2025-02-25,2025-02-27,completed_late
Item SKU Industrial 55,11,11,152.35,152.35,2025-03-29,2025-04-06,completed_late
Item SKU Industrial 450,52,52,3677.44,3677.44,2024-12-14,2024-12-14,completed
Item SKU Industrial 42,44,44,1391.72,1391.72,2026-03-01,2026-03-01,completed
Item SKU Industrial 253,26,26,3017.04,3017.04,2024-02-27,2024-02-27,completed
Item SKU Industrial 219,38,38,1469.08,1469.08,2024-01-08,2024-01-08,completed
Item SKU Industrial 233,27,27,1017.9,1017.9,2024-11-25,2024-11-25,completed
Item SKU Industrial 108,40,40,2117.6,2117.6,2026-05-10,2026-05-12,completed_late
Item SKU Industrial 280,25,25,1442.0,1442.0,2025-07-18,2025-07-18,completed
Item SKU Industrial 31,16,16,2735.68,2735.68,2025-08-15,2025-08-15,completed
Item SKU Industrial 312,33,33,2464.77,2834.49,2026-03-07,2026-03-07,completed
Item SKU Industrial 128,42,42,1368.36,1368.36,2025-06-30,2025-06-30,completed
Item SKU Industrial 128,44,44,1433.52,1433.52,2025-05-17,2025-05-17,completed
Item SKU Industrial 408,6,6,184.8,184.8,2026-01-19,2026-01-19,completed
Item SKU Industrial 327,51,51,494.19,494.19,2025-12-15,2025-12-17,completed_late
Item SKU Industrial 337,22,22,1857.68,1857.68,2026-04-16,2026-04-16,completed
Item SKU Industrial 249,25,25,1639.25,1639.25,2026-05-07,2026-05-07,completed
Item SKU Industrial 222,37,37,3342.58,3342.58,2026-01-05,2026-01-05,completed
Item SKU Industrial 144,5,5,2015.05,2015.05,2025-10-13,2025-10-13,completed
Item SKU Industrial 287,25,25,9106.0,9106.0,2025-05-12,2025-05-12,completed
Item SKU Industrial 352,48,48,846.72,846.72,2025-10-04,2025-10-04,completed
Item SKU Industrial 419,34,34,3310.58,3807.17,2025-06-19,2025-06-21,completed_late
Item SKU Industrial 201,39,39,9281.61,9281.61,2025-05-30,2025-05-30,completed
Item SKU Industrial 212,17,17,223.72,223.72,2024-05-25,2024-05-25,completed
Item SKU Industrial 244,3,3,426.72,426.72,2026-04-06,2026-04-06,completed
Item SKU Industrial 194,50,50,11017.5,11017.5,2025-02-08,2025-02-08,completed
Item SKU Industrial 482,52,52,405.08,405.08,2025-11-22,2025-11-22,completed
Item SKU Industrial 6,49,49,911.89,911.89,2025-12-15,2025-12-15,completed
Item SKU Industrial 258,29,29,1792.78,1792.78,2026-03-15,2026-03-17,completed_late
Item SKU Industrial 310,53,53,10736.74,10736.74,2025-09-11,2025-09-11,completed
Item SKU Industrial 18,4,4,174.4,174.4,2025-05-21,2025-05-29,completed_late
Item SKU Industrial 459,31,31,563.58,563.58,2025-09-26,2025-09-26,completed
Item SKU Industrial 451,42,42,7970.34,9165.89,2026-01-01,2026-01-01,completed
Item SKU Industrial 485,16,16,196.48,196.48,2024-02-25,2024-02-25,completed
Item SKU Industrial 347,42,42,971.04,971.04,2024-01-22,2024-01-22,completed
Item SKU Industrial 299,52,52,3546.92,3546.92,2024-04-19,2024-04-21,completed_late
Item SKU Industrial 462,47,47,8660.22,8660.22,2026-05-11,2026-05-11,completed
Item SKU Industrial 70,16,16,2428.0,2428.0,2026-02-06,2026-02-06,completed
Item SKU Industrial 206,8,8,530.32,530.32,2025-02-08,2025-02-08,completed
Item SKU Industrial 189,5,5,30.45,30.45,2024-01-18,2024-01-18,completed
Item SKU Industrial 129,14,14,2300.06,2300.06,2026-03-13,2026-03-13,completed
Item SKU Industrial 423,31,31,2282.84,2282.84,2026-04-18,2026-04-18,completed
Item SKU Industrial 355,15,15,290.25,290.25,2026-02-03,2026-02-05,completed_late
Item SKU Industrial 33,47,47,335.58,385.92,2025-04-26,2025-04-26,completed
Item SKU Industrial 147,36,36,1836.72,1836.72,2026-04-17,2026-04-17,completed
Item SKU Industrial 486,51,51,6762.6,6762.6,2026-04-03,2026-04-03,completed
Item SKU Industrial 255,38,38,946.2,946.2,2025-11-25,2025-11-25,completed
Item SKU Industrial 325,30,30,1903.2,1903.2,2025-06-22,2025-06-22,completed
Item SKU Industrial 486,22,22,2917.2,2917.2,2024-03-04,2024-03-04,completed
Item SKU Industrial 292,7,7,208.39,208.39,2024-04-30,2024-05-02,completed_late
Item SKU Industrial 311,37,37,3048.06,3048.06,2025-10-30,2025-10-30,completed
Item SKU Industrial 314,29,29,3241.33,3241.33,2025-06-29,2025-06-29,completed
Item SKU Industrial 279,24,24,2629.44,2629.44,2024-07-21,2024-07-21,completed
Item SKU Industrial 254,5,5,49.1,49.1,2026-02-08,2026-02-08,completed
Item SKU Industrial 216,37,37,750.36,862.91,2024-01-10,2024-01-10,completed
Item SKU Industrial 268,51,51,1317.84,1317.84,2025-11-07,2025-11-07,completed
Item SKU Industrial 19,24,24,2771.52,2771.52,2025-12-28,2025-12-30,completed_late
Item SKU Industrial 150,1,1,129.44,129.44,2024-07-09,2024-07-09,completed
Item SKU Industrial 300,42,42,1878.66,1878.66,2025-08-22,2025-08-22,completed
Item SKU Industrial 203,53,53,12158.2,12158.2,2026-01-18,2026-01-26,completed_late
Item SKU Industrial 87,26,26,2394.34,2394.34,2025-12-07,2025-12-07,completed
Item SKU Industrial 127,52,52,3238.56,3238.56,2024-12-05,2024-12-05,completed
Item SKU Industrial 375,5,5,505.6,505.6,2026-01-12,2026-01-12,completed
Item SKU Industrial 403,53,53,6035.64,6035.64,2026-02-14,2026-02-16,completed_late
Item SKU Industrial 273,11,11,1220.34,1220.34,2026-01-23,2026-01-23,completed
Item SKU Industrial 408,42,42,1293.6,1487.64,2026-02-16,2026-02-16,completed
Item SKU Industrial 151,42,42,2850.96,2850.96,2025-03-28,2025-03-28,completed
Item SKU Industrial 83,29,29,1882.97,1882.97,2026-04-06,2026-04-06,completed
Item SKU Industrial 186,42,42,5224.8,5224.8,2024-09-23,2024-09-23,completed
Item SKU Industrial 335,45,45,4940.55,4940.55,2024-11-30,2024-11-30,completed
Item SKU Industrial 224,18,18,432.72,432.72,2024-10-03,2024-10-05,completed_late
Item SKU Industrial 282,7,7,266.35,266.35,2025-12-27,2025-12-27,completed
Item SKU Industrial 278,52,52,3610.36,3610.36,2024-03-30,2024-03-30,completed
Item SKU Industrial 309,14,14,1182.02,1182.02,2025-11-21,2025-11-21,completed
Item SKU Industrial 330,50,50,513.5,513.5,2024-01-14,2024-01-14,completed
Item SKU Industrial 460,16,16,1101.28,1101.28,2024-12-28,2024-12-28,completed
Item SKU Industrial 212,20,20,263.2,302.68,2025-11-01,2025-11-01,completed
Item SKU Industrial 116,12,12,687.36,687.36,2026-02-21,2026-02-23,completed_late
Item SKU Industrial 50,19,19,201.21,201.21,2025-03-13,2025-03-13,completed
Item SKU Industrial 327,6,6,58.14,58.14,2024-06-10,2024-06-10,completed
Item SKU Industrial 177,34,34,6019.7,6019.7,2025-09-14,2025-09-14,completed
Item SKU Industrial 283,2,2,83.1,83.1,2024-03-16,2024-03-16,completed
Item SKU Industrial 216,17,17,344.76,344.76,2024-07-07,2024-07-07,completed
Item SKU Industrial 317,30,30,1372.2,1372.2,2025-04-05,2025-04-05,completed
Item SKU Industrial 251,16,16,700.96,700.96,2024-12-22,2024-12-24,completed_late
Item SKU Industrial 390,37,37,277.13,277.13,2026-04-02,2026-04-02,completed
Item SKU Industrial 322,46,46,1344.12,1344.12,2025-08-01,2025-08-01,completed
Item SKU Industrial 144,5,5,2015.05,2317.31,2026-05-01,2026-05-01,completed
Item SKU Industrial 209,44,44,1558.92,1558.92,2024-03-01,2024-03-09,completed_late
Item SKU Industrial 259,2,2,121.32,121.32,2026-02-13,2026-02-13,completed
Item SKU Industrial 220,47,47,8394.67,8394.67,2025-03-15,2025-03-15,completed
Item SKU Industrial 58,52,52,4566.64,4566.64,2025-09-11,2025-09-13,completed_late
Item SKU Industrial 392,31,31,3680.01,3680.01,2025-12-17,2025-12-17,completed
Item SKU Industrial 475,29,29,2454.56,2454.56,2025-05-24,2025-05-24,completed
Item SKU Industrial 82,48,48,299.52,299.52,2025-01-12,2025-01-12,completed
Item SKU Industrial 437,36,36,4762.08,4762.08,2026-01-30,2026-01-30,completed
Item SKU Industrial 273,48,48,5325.12,5325.12,2025-10-04,2025-10-04,completed
Item SKU Industrial 242,35,35,321.3,321.3,2025-11-02,2025-11-02,completed
Item SKU Industrial 216,22,22,446.16,513.08,2025-04-15,2025-04-17,completed_late
Item SKU Industrial 217,24,24,2016.0,2016.0,2025-06-02,2025-06-02,completed
Item SKU Industrial 198,7,7,369.39,369.39,2026-01-19,2026-01-19,completed
Item SKU Industrial 34,22,22,3666.52,3666.52,2024-10-05,2024-10-05,completed
Item SKU Industrial 39,40,40,3136.0,3136.0,2025-05-05,2025-05-05,completed
Item SKU Industrial 427,6,6,131.58,131.58,2026-04-30,2026-04-30,completed
Item SKU Industrial 51,22,22,1624.04,1624.04,2024-09-04,2024-09-04,completed
Item SKU Industrial 321,33,33,2308.02,2308.02,2025-08-31,2025-09-02,completed_late
Item SKU Industrial 376,45,45,585.45,585.45,2024-01-27,2024-01-27,completed
Item SKU Industrial 347,19,19,439.28,439.28,2025-04-21,2025-04-21,completed
Item SKU Industrial 66,9,9,112.59,112.59,2024-06-17,2024-06-17,completed
Item SKU Industrial 404,7,7,743.05,854.51,2025-02-12,2025-02-12,completed
Item SKU Industrial 359,37,37,2314.35,2314.35,2025-02-17,2025-02-17,completed
Item SKU Industrial 369,30,30,1550.4,1550.4,2025-08-19,2025-08-19,completed
Item SKU Industrial 173,16,16,1345.76,1345.76,2025-08-18,2025-08-20,completed_late
Item SKU Industrial 316,37,37,1260.22,1260.22,2025-03-17,2025-03-17,completed
Item SKU Industrial 130,5,5,493.05,493.05,2025-11-16,2025-11-16,completed
Item SKU Industrial 248,50,50,2223.5,2223.5,2024-01-19,2024-01-19,completed
Item SKU Industrial 409,29,29,1248.74,1248.74,2024-04-07,2024-04-07,completed
Item SKU Industrial 21,50,50,12421.5,12421.5,2024-10-10,2024-10-18,completed_late
Item SKU Industrial 383,25,25,1889.0,1889.0,2026-05-24,2026-05-24,completed
Item SKU Industrial 71,14,14,3263.26,3263.26,2024-04-19,2024-04-21,completed_late
Item SKU Industrial 32,39,39,1927.38,2216.49,2025-04-03,2025-04-03,completed
Item SKU Industrial 90,38,38,10810.62,10810.62,2026-03-16,2026-03-16,completed
Item SKU Industrial 453,8,8,323.44,323.44,2026-04-26,2026-04-26,completed
Item SKU Industrial 358,30,30,2817.0,2817.0,2025-02-03,2025-02-03,completed
Item SKU Industrial 445,46,46,1474.76,1474.76,2025-08-31,2025-08-31,completed
Item SKU Industrial 499,39,39,1904.76,1904.76,2025-09-28,2025-09-28,completed
Item SKU Industrial 427,11,11,241.23,241.23,2024-12-14,2024-12-16,completed_late
Item SKU Industrial 339,27,27,1282.77,1282.77,2026-04-15,2026-04-15,completed
Item SKU Industrial 22,45,45,8709.3,8709.3,2024-02-15,2024-02-15,completed
Item SKU Industrial 252,7,7,443.59,443.59,2025-10-23,2025-10-23,completed
Item SKU Industrial 323,37,37,2625.89,2625.89,2025-06-06,2025-06-06,completed
Item SKU Industrial 60,47,47,594.55,683.73,2026-04-03,2026-04-03,completed
Item SKU Industrial 492,17,17,345.61,345.61,2025-08-17,2025-08-17,completed
Item SKU Industrial 244,40,40,5689.6,5689.6,2026-04-04,2026-04-06,completed_late
Item SKU Industrial 129,27,27,4435.83,4435.83,2024-02-19,2024-02-19,completed
Item SKU Industrial 371,2,2,458.52,458.52,2025-04-06,2025-04-06,completed
Item SKU Industrial 488,33,33,1955.91,1955.91,2024-01-06,2024-01-06,completed
Item SKU Industrial 132,14,14,2816.66,2816.66,2026-01-14,2026-01-14,completed
Item SKU Industrial 339,23,23,1092.73,1092.73,2024-04-25,2024-04-25,completed
Item SKU Industrial 468,14,14,272.58,272.58,2025-02-17,2025-02-17,completed
Item SKU Industrial 160,22,22,2866.16,2866.16,2025-01-12,2025-01-14,completed_late
Item SKU Industrial 73,26,26,3137.94,3137.94,2026-04-17,2026-04-17,completed
Item SKU Industrial 162,51,51,7944.78,9136.5,2024-02-03,2024-02-03,completed
Item SKU Industrial 329,8,8,114.72,114.72,2026-01-08,2026-01-08,completed
Item SKU Industrial 481,6,6,160.98,160.98,2024-05-10,2024-05-10,completed
Item SKU Industrial 494,15,15,2130.6,2130.6,2025-06-28,2025-06-28,completed
Item SKU Industrial 249,46,46,3016.22,3016.22,2024-11-02,2024-11-10,completed_late
Item SKU Industrial 266,30,30,248.7,248.7,2024-04-30,2024-05-02,completed_late
Item SKU Industrial 232,11,11,278.74,278.74,2024-05-06,2024-05-06,completed
Item SKU Industrial 398,13,13,252.85,252.85,2024-06-20,2024-06-20,completed
Item SKU Industrial 58,14,14,1229.48,1229.48,2026-01-26,2026-01-26,completed
Item SKU Industrial 118,14,14,385.7,385.7,2025-10-10,2025-10-10,completed
Item SKU Industrial 498,3,3,286.56,286.56,2025-08-03,2025-08-03,completed
Item SKU Industrial 261,9,9,435.51,500.84,2026-02-23,2026-02-23,completed
Item SKU Industrial 333,40,40,5360.8,5360.8,2025-04-07,2025-04-09,completed_late
Item SKU Industrial 249,29,29,1901.53,1901.53,2026-04-30,2026-04-30,completed
Item SKU Industrial 51,20,20,1476.4,1476.4,2024-11-05,2024-11-05,completed
Item SKU Industrial 29,17,17,2384.76,2384.76,2024-02-05,2024-02-05,completed
Item SKU Industrial 254,37,37,363.34,363.34,2026-03-07,2026-03-07,completed
Item SKU Industrial 406,2,2,198.64,198.64,2025-11-11,2025-11-11,completed
Item SKU Industrial 161,19,19,4962.23,4962.23,2024-07-13,2024-07-13,completed
Item SKU Industrial 195,13,13,611.52,611.52,2025-05-12,2025-05-14,completed_late
Item SKU Industrial 380,5,5,94.95,94.95,2026-01-05,2026-01-05,completed
Item SKU Industrial 215,2,2,43.76,43.76,2024-08-02,2024-08-02,completed
Item SKU Industrial 210,50,50,3787.0,4355.05,2024-03-05,2024-03-05,completed
Item SKU Industrial 138,40,40,8305.2,8305.2,2026-04-16,2026-04-16,completed
Item SKU Industrial 258,33,33,2040.06,2040.06,2025-08-03,2025-08-03,completed
Item SKU Industrial 2,34,34,4724.3,4724.3,2025-04-25,2025-04-25,completed
Item SKU Industrial 50,2,2,21.18,21.18,2025-02-22,2025-02-24,completed_late
Item SKU Industrial 159,40,40,2477.6,2477.6,2025-06-09,2025-06-09,completed
Item SKU Industrial 366,19,19,1042.72,1042.72,2025-08-18,2025-08-18,completed
Item SKU Industrial 5,6,6,189.42,189.42,2026-03-19,2026-03-19,completed
Item SKU Industrial 450,4,4,282.88,282.88,2025-07-17,2025-07-17,completed
Item SKU Industrial 312,18,18,1344.42,1344.42,2026-04-26,2026-04-26,completed
Item SKU Industrial 474,30,30,1825.8,1825.8,2025-06-01,2025-06-01,completed
Item SKU Industrial 179,31,31,2017.79,2320.46,2025-02-08,2025-02-16,completed_late
Item SKU Industrial 86,14,14,242.9,242.9,2025-03-10,2025-03-10,completed
Item SKU Industrial 469,50,50,12043.5,12043.5,2026-03-16,2026-03-16,completed
Item SKU Industrial 306,47,47,7508.72,7508.72,2025-05-02,2025-05-02,completed
Item SKU Industrial 376,46,46,598.46,598.46,2026-01-04,2026-01-04,completed
Item SKU Industrial 207,15,15,5377.8,5377.8,2026-04-18,2026-04-18,completed
Item SKU Industrial 210,29,29,2196.46,2196.46,2026-02-24,2026-02-24,completed
Item SKU Industrial 374,6,6,1039.2,1039.2,2025-06-21,2025-06-23,completed_late
Item SKU Industrial 394,18,18,652.32,652.32,2026-04-04,2026-04-04,completed
Item SKU Industrial 52,48,48,2836.32,2836.32,2025-12-29,2025-12-29,completed
Item SKU Industrial 412,5,5,338.0,338.0,2025-12-15,2025-12-15,completed
Item SKU Industrial 279,48,48,5258.88,6047.71,2025-08-01,2025-08-01,completed
Item SKU Industrial 19,22,22,2540.56,2540.56,2024-04-21,2024-04-21,completed
Item SKU Industrial 127,26,26,1619.28,1619.28,2026-04-25,2026-04-25,completed
Item SKU Industrial 221,25,25,1541.75,1541.75,2025-05-17,2025-05-19,completed_late
Item SKU Industrial 298,47,47,640.14,640.14,2024-02-04,2024-02-04,completed
Item SKU Industrial 106,9,9,815.67,815.67,2026-03-27,2026-03-27,completed
Item SKU Industrial 41,40,40,2273.2,2273.2,2026-02-06,2026-02-06,completed
Item SKU Industrial 420,23,23,165.37,165.37,2024-04-29,2024-04-29,completed
Item SKU Industrial 444,23,23,263.12,263.12,2025-03-24,2025-03-24,completed
Item SKU Industrial 372,39,39,1756.56,1756.56,2024-11-21,2024-11-21,completed
Item SKU Industrial 233,20,20,754.0,754.0,2025-06-29,2025-07-01,completed_late
Item SKU Industrial 216,12,12,243.36,279.86,2025-07-14,2025-07-14,completed
Item SKU Industrial 424,45,45,4359.15,4359.15,2025-07-26,2025-07-26,completed
Item SKU Industrial 165,6,6,83.64,83.64,2025-04-23,2025-04-23,completed
Item SKU Industrial 468,41,41,798.27,798.27,2025-01-12,2025-01-12,completed
Item SKU Industrial 33,18,18,128.52,128.52,2026-04-13,2026-04-13,completed
Item SKU Industrial 479,31,31,5304.1,5304.1,2025-02-20,2025-02-20,completed
Item SKU Industrial 329,8,8,114.72,114.72,2026-02-06,2026-02-08,completed_late
Item SKU Industrial 84,35,35,376.6,376.6,2024-10-31,2024-11-08,completed_late
Item SKU Industrial 41,31,31,1761.73,1761.73,2025-02-17,2025-02-17,completed
Item SKU Industrial 94,4,4,109.28,109.28,2026-03-20,2026-03-20,completed
Item SKU Industrial 413,18,18,769.68,769.68,2026-01-27,2026-01-27,completed
Item SKU Industrial 400,30,30,3609.0,4150.35,2026-04-25,2026-04-25,completed
Item SKU Industrial 148,17,17,5113.43,5113.43,2025-01-12,2025-01-12,completed
Item SKU Industrial 339,52,52,2470.52,2470.52,2024-11-02,2024-11-04,completed_late
Item SKU Industrial 121,23,23,918.62,918.62,2024-04-21,2024-04-21,completed
Item SKU Industrial 448,23,23,852.38,852.38,2026-05-07,2026-05-07,completed
Item SKU Industrial 183,47,47,434.28,434.28,2025-05-25,2025-05-25,completed
Item SKU Industrial 188,52,52,754.52,754.52,2024-09-07,2024-09-07,completed
Item SKU Industrial 156,30,30,3881.7,3881.7,2026-03-06,2026-03-06,completed
Item SKU Industrial 343,6,6,1657.38,1657.38,2026-01-16,2026-01-16,completed
Item SKU Industrial 77,29,29,2052.33,2052.33,2026-05-01,2026-05-03,completed_late
Item SKU Industrial 261,7,7,338.73,338.73,2025-06-06,2025-06-06,completed
Item SKU Industrial 402,11,11,304.81,350.53,2024-12-07,2024-12-07,completed
Item SKU Industrial 246,38,38,841.32,841.32,2026-05-09,2026-05-09,completed
Item SKU Industrial 113,50,50,1396.0,1396.0,2025-02-28,2025-02-28,completed
Item SKU Industrial 377,42,42,10829.7,10829.7,2025-09-28,2025-09-28,completed
Item SKU Industrial 195,22,22,1034.88,1034.88,2025-02-13,2025-02-13,completed
Item SKU Industrial 139,29,29,4715.11,4715.11,2025-06-06,2025-06-08,completed_late
Item SKU Industrial 62,26,26,286.0,286.0,2024-11-01,2024-11-01,completed
Item SKU Industrial 492,4,4,81.32,81.32,2026-04-11,2026-04-11,completed
Item SKU Industrial 28,23,23,1386.21,1386.21,2024-07-12,2024-07-12,completed
Item SKU Industrial 155,44,44,7885.24,7885.24,2024-10-18,2024-10-18,completed
Item SKU Industrial 288,52,52,3675.88,3675.88,2024-03-13,2024-03-13,completed
Item SKU Industrial 323,26,26,1845.22,2122.0,2024-07-19,2024-07-19,completed
Item SKU Industrial 323,38,38,2696.86,2696.86,2024-05-23,2024-05-25,completed_late
Item SKU Industrial 301,5,5,1571.55,1571.55,2026-05-15,2026-05-15,completed
Item SKU Industrial 361,2,2,303.64,303.64,2024-07-26,2024-08-03,completed_late
Item SKU Industrial 232,31,31,785.54,785.54,2025-01-17,2025-01-17,completed
Item SKU Industrial 428,28,28,2393.72,2393.72,2026-03-26,2026-03-26,completed
Item SKU Industrial 403,2,2,227.76,227.76,2025-06-01,2025-06-01,completed
Item SKU Industrial 70,38,38,5766.5,5766.5,2026-04-13,2026-04-13,completed
Item SKU Industrial 319,26,26,673.14,673.14,2026-04-26,2026-04-28,completed_late
Item SKU Industrial 43,4,4,177.8,177.8,2026-04-11,2026-04-11,completed
Item SKU Industrial 456,46,46,1128.84,1128.84,2025-09-27,2025-09-27,completed
Item SKU Industrial 10,25,25,3350.5,3853.08,2026-02-15,2026-02-15,completed
Item SKU Industrial 146,52,52,4073.16,4073.16,2024-03-31,2024-03-31,completed
Item SKU Industrial 267,20,20,760.2,760.2,2025-09-17,2025-09-17,completed
Item SKU Industrial 366,36,36,1975.68,1975.68,2025-02-07,2025-02-07,completed
Item SKU Industrial 327,35,35,339.15,339.15,2024-05-05,2024-05-07,completed_late
Item SKU Industrial 225,23,23,210.45,210.45,2025-02-20,2025-02-20,completed
Item SKU Industrial 48,22,22,293.04,293.04,2024-08-24,2024-08-24,completed
Item SKU Industrial 189,22,22,133.98,133.98,2025-01-05,2025-01-05,completed
Item SKU Industrial 29,11,11,1543.08,1543.08,2025-01-18,2025-01-18,completed
Item SKU Industrial 79,45,45,10158.75,10158.75,2025-03-06,2025-03-06,completed
Item SKU Industrial 32,38,38,1877.96,1877.96,2026-04-03,2026-04-03,completed
Item SKU Industrial 407,50,50,3553.5,4086.52,2025-08-16,2025-08-18,completed_late
Item SKU Industrial 201,49,49,11661.51,11661.51,2025-11-23,2025-11-23,completed
Item SKU Industrial 418,23,23,1316.98,1316.98,2026-04-12,2026-04-12,completed
Item SKU Industrial 455,36,36,2071.8,2071.8,2026-05-23,2026-05-23,completed
Item SKU Industrial 237,41,41,5746.56,5746.56,2026-04-09,2026-04-09,completed
Item SKU Industrial 348,14,14,143.5,143.5,2025-02-13,2025-02-13,completed
Item SKU Industrial 382,35,35,2723.0,2723.0,2025-03-31,2025-03-31,completed
Item SKU Industrial 311,22,22,1812.36,1812.36,2024-12-27,2024-12-29,completed_late
Item SKU Industrial 308,15,15,305.7,305.7,2026-05-15,2026-05-15,completed
Item SKU Industrial 411,35,35,7667.45,7667.45,2025-10-31,2025-10-31,completed
Item SKU Industrial 232,8,8,202.72,202.72,2026-04-17,2026-04-25,completed_late
Item SKU Industrial 126,6,6,602.4,692.76,2025-10-24,2025-10-24,completed
Item SKU Industrial 72,20,20,7264.0,7264.0,2024-03-07,2024-03-07,completed
Item SKU Industrial 354,41,41,826.56,826.56,2024-01-20,2024-01-20,completed
Item SKU Industrial 329,11,11,157.74,157.74,2024-04-05,2024-04-07,completed_late
Item SKU Industrial 296,33,33,664.29,664.29,2025-07-17,2025-07-17,completed
Item SKU Industrial 244,17,17,2418.08,2418.08,2026-03-23,2026-03-23,completed
Item SKU Industrial 250,6,6,549.6,549.6,2026-02-22,2026-02-22,completed
Item SKU Industrial 186,50,50,6220.0,6220.0,2025-03-22,2025-03-22,completed
Item SKU Industrial 369,27,27,1395.36,1395.36,2025-09-08,2025-09-08,completed
Item SKU Industrial 391,3,3,212.34,212.34,2024-07-11,2024-07-11,completed
Item SKU Industrial 305,7,7,1331.89,1331.89,2025-09-22,2025-09-24,completed_late
Item SKU Industrial 78,35,35,1593.9,1832.98,2025-08-03,2025-08-03,completed
Item SKU Industrial 316,31,31,1055.86,1055.86,2026-03-02,2026-03-02,completed
Item SKU Industrial 161,28,28,7312.76,7312.76,2025-12-08,2025-12-08,completed
Item SKU Industrial 209,13,13,460.59,460.59,2025-01-04,2025-01-04,completed
Item SKU Industrial 67,45,45,13568.85,13568.85,2025-03-03,2025-03-03,completed
Item SKU Industrial 58,34,34,2985.88,2985.88,2024-03-08,2024-03-08,completed
Item SKU Industrial 269,5,5,162.65,162.65,2026-04-06,2026-04-08,completed_late
Item SKU Industrial 237,23,23,3223.68,3223.68,2025-01-18,2025-01-18,completed
Item SKU Industrial 208,39,39,2040.48,2040.48,2026-03-26,2026-03-26,completed
Item SKU Industrial 249,1,1,65.57,65.57,2024-07-05,2024-07-05,completed
Item SKU Industrial 428,19,19,1624.31,1624.31,2025-04-05,2025-04-05,completed
Item SKU Industrial 320,44,44,717.64,825.29,2025-08-11,2025-08-11,completed
Item SKU Industrial 142,46,46,1938.9,1938.9,2024-10-03,2024-10-03,completed
Item SKU Industrial 266,1,1,8.29,8.29,2025-09-14,2025-09-16,completed_late
Item SKU Industrial 143,50,50,7224.5,7224.5,2026-05-01,2026-05-01,completed
Item SKU Industrial 398,52,52,1011.4,1011.4,2025-01-15,2025-01-15,completed
Item SKU Industrial 494,53,53,7528.12,7528.12,2025-07-07,2025-07-07,completed
Item SKU Industrial 202,33,33,538.56,538.56,2026-03-12,2026-03-20,completed_late
Item SKU Industrial 335,45,45,4940.55,4940.55,2025-04-24,2025-04-24,completed
Item SKU Industrial 48,4,4,53.28,53.28,2024-08-04,2024-08-04,completed
Item SKU Industrial 353,31,31,3751.0,3751.0,2025-06-29,2025-07-01,completed_late
Item SKU Industrial 285,3,3,251.76,251.76,2024-04-12,2024-04-12,completed
Item SKU Industrial 48,4,4,53.28,61.27,2024-08-02,2024-08-02,completed
Item SKU Industrial 156,4,4,517.56,517.56,2025-12-13,2025-12-13,completed
Item SKU Industrial 327,3,3,29.07,29.07,2024-07-04,2024-07-04,completed
Item SKU Industrial 285,13,13,1090.96,1090.96,2024-05-16,2024-05-16,completed
Item SKU Industrial 233,46,46,1734.2,1734.2,2025-10-17,2025-10-17,completed
Item SKU Industrial 401,44,44,918.28,918.28,2025-07-22,2025-07-24,completed_late
Item SKU Industrial 484,15,15,1079.25,1079.25,2026-04-02,2026-04-02,completed
Item SKU Industrial 397,41,41,6037.66,6037.66,2025-11-24,2025-11-24,completed
Item SKU Industrial 442,41,41,3696.56,3696.56,2025-05-18,2025-05-18,completed
Item SKU Industrial 49,42,42,2745.96,2745.96,2025-08-01,2025-08-01,completed
Item SKU Industrial 266,24,24,198.96,198.96,2025-01-27,2025-01-27,completed
Item SKU Industrial 162,1,1,155.78,179.15,2024-11-01,2024-11-01,completed
Item SKU Industrial 157,26,26,15616.64,15616.64,2025-08-18,2025-08-20,completed_late
Item SKU Industrial 109,4,4,349.52,349.52,2025-10-23,2025-10-23,completed
Item SKU Industrial 129,29,29,4764.41,4764.41,2024-01-12,2024-01-12,completed
Item SKU Industrial 227,12,12,396.12,396.12,2025-12-18,2025-12-18,completed
Item SKU Industrial 496,8,8,335.92,335.92,2026-05-18,2026-05-18,completed
Item SKU Industrial 230,27,27,426.06,426.06,2024-10-13,2024-10-13,completed
Item SKU Industrial 127,3,3,186.84,186.84,2025-09-04,2025-09-04,completed
Item SKU Industrial 254,41,41,402.62,402.62,2025-09-06,2025-09-08,completed_late
Item SKU Industrial 417,3,3,205.35,205.35,2024-01-25,2024-01-25,completed
Item SKU Industrial 456,6,6,147.24,147.24,2025-10-20,2025-10-20,completed
Item SKU Industrial 316,47,47,1600.82,1840.94,2025-11-26,2025-11-26,completed
Item SKU Industrial 306,17,17,2715.92,2715.92,2026-04-18,2026-04-18,completed
Item SKU Industrial 104,6,6,1933.74,1933.74,2026-04-13,2026-04-21,completed_late
Item SKU Industrial 362,42,42,2286.48,2286.48,2025-10-21,2025-10-21,completed
Item SKU Industrial 69,48,48,1732.32,1732.32,2026-03-11,2026-03-13,completed_late
Item SKU Industrial 56,38,38,677.54,677.54,2024-04-09,2024-04-09,completed
Item SKU Industrial 11,19,19,3048.55,3048.55,2025-06-21,2025-06-21,completed
Item SKU Industrial 433,3,3,568.77,568.77,2025-01-31,2025-01-31,completed
Item SKU Industrial 117,3,3,271.2,271.2,2025-05-05,2025-05-05,completed
Item SKU Industrial 92,11,11,351.89,351.89,2026-05-13,2026-05-13,completed
Item SKU Industrial 8,28,28,2583.56,2583.56,2026-03-31,2026-03-31,completed
Item SKU Industrial 5,38,38,1199.66,1379.61,2026-01-13,2026-01-15,completed_late
Item SKU Industrial 112,29,29,264.77,264.77,2025-09-25,2025-09-25,completed
Item SKU Industrial 155,26,26,4659.46,4659.46,2026-04-17,2026-04-17,completed
Item SKU Industrial 252,28,28,1774.36,1774.36,2025-03-16,2025-03-16,completed
Item SKU Industrial 105,34,34,2186.2,2186.2,2025-08-10,2025-08-10,completed
Item SKU Industrial 3,7,7,51.45,51.45,2025-05-08,2025-05-08,completed
Item SKU Industrial 192,48,48,2454.24,2454.24,2024-01-12,2024-01-12,completed
Item SKU Industrial 423,25,25,1841.0,1841.0,2024-07-13,2024-07-15,completed_late
Item SKU Industrial 239,26,26,367.12,367.12,2024-11-12,2024-11-12,completed
Item SKU Industrial 333,22,22,2948.44,2948.44,2025-11-24,2025-11-24,completed
Item SKU Industrial 443,49,49,2139.34,2139.34,2024-12-18,2024-12-18,completed
Item SKU Industrial 307,24,24,630.48,725.05,2024-07-13,2024-07-13,completed
Item SKU Industrial 293,46,46,1015.68,1015.68,2025-01-04,2025-01-04,completed
Item SKU Industrial 341,30,30,6347.1,6347.1,2024-10-26,2024-10-26,completed
Item SKU Industrial 26,16,16,196.48,196.48,2024-11-22,2024-11-24,completed_late
Item SKU Industrial 161,40,40,10446.8,10446.8,2024-02-18,2024-02-18,completed
Item SKU Industrial 492,44,44,894.52,894.52,2024-12-22,2024-12-22,completed
Item SKU Industrial 41,50,50,2841.5,2841.5,2026-04-03,2026-04-03,completed
Item SKU Industrial 449,35,35,1590.4,1590.4,2025-03-14,2025-03-14,completed
Item SKU Industrial 362,34,34,1850.96,1850.96,2024-06-30,2024-06-30,completed
Item SKU Industrial 429,11,11,847.22,847.22,2025-02-08,2025-02-16,completed_late
Item SKU Industrial 201,2,2,475.98,475.98,2026-02-16,2026-02-18,completed_late
Item SKU Industrial 360,14,14,607.6,698.74,2025-04-21,2025-04-21,completed
Item SKU Industrial 99,11,11,1966.91,1966.91,2025-09-11,2025-09-11,completed
Item SKU Industrial 383,25,25,1889.0,1889.0,2026-01-08,2026-01-08,completed
Item SKU Industrial 4,25,25,3848.75,3848.75,2025-07-26,2025-07-26,completed
Item SKU Industrial 203,5,5,1147.0,1147.0,2026-01-02,2026-01-02,completed
Item SKU Industrial 203,14,14,3211.6,3211.6,2025-04-21,2025-04-21,completed
Item SKU Industrial 500,45,45,313.65,313.65,2025-06-15,2025-06-17,completed_late
Item SKU Industrial 463,13,13,592.8,592.8,2026-01-31,2026-01-31,completed
Item SKU Industrial 245,15,15,1624.2,1624.2,2025-11-20,2025-11-20,completed
Item SKU Industrial 179,47,47,3059.23,3059.23,2024-05-18,2024-05-18,completed
Item SKU Industrial 467,28,28,2410.52,2410.52,2025-12-08,2025-12-08,completed
Item SKU Industrial 489,48,48,2676.48,3077.95,2025-10-31,2025-10-31,completed
Item SKU Industrial 284,28,28,2168.88,2168.88,2026-02-09,2026-02-09,completed
Item SKU Industrial 177,37,37,6550.85,6550.85,2024-06-10,2024-06-12,completed_late
Item SKU Industrial 112,45,45,410.85,410.85,2025-06-05,2025-06-05,completed
Item SKU Industrial 96,12,12,82.44,82.44,2025-01-26,2025-01-26,completed
Item SKU Industrial 421,1,1,202.74,202.74,2024-11-11,2024-11-11,completed
Item SKU Industrial 368,48,48,6384.96,6384.96,2025-09-22,2025-09-22,completed
Item SKU Industrial 274,9,9,1215.27,1215.27,2024-12-25,2024-12-25,completed
Item SKU Industrial 387,6,6,190.92,190.92,2025-11-15,2025-11-15,completed
Item SKU Industrial 3,39,39,286.65,286.65,2025-04-17,2025-04-19,completed_late
Item SKU Industrial 194,41,41,9034.35,9034.35,2025-06-09,2025-06-09,completed
Item SKU Industrial 462,24,24,4422.24,5085.58,2025-12-28,2025-12-28,completed
Item SKU Industrial 38,19,19,5513.8,5513.8,2025-03-22,2025-03-22,completed
Item SKU Industrial 78,35,35,1593.9,1593.9,2025-11-23,2025-11-23,completed
Item SKU Industrial 461,27,27,1242.0,1242.0,2025-03-01,2025-03-01,completed
Item SKU Industrial 233,25,25,942.5,942.5,2024-04-19,2024-04-19,completed
Item SKU Industrial 69,11,11,396.99,396.99,2025-02-16,2025-02-24,completed_late
Item SKU Industrial 393,25,25,4206.75,4206.75,2025-10-17,2025-10-17,completed
Item SKU Industrial 491,45,45,3692.25,3692.25,2025-01-31,2025-01-31,completed
Item SKU Industrial 39,29,29,2273.6,2273.6,2025-11-01,2025-11-01,completed
Item SKU Industrial 495,47,47,9657.56,9657.56,2026-03-26,2026-03-26,completed
Item SKU Industrial 100,27,27,1742.58,1742.58,2025-12-19,2025-12-19,completed
Item SKU Industrial 404,30,30,3184.5,3662.18,2025-10-13,2025-10-13,completed
Item SKU Industrial 294,52,52,1233.96,1233.96,2025-01-05,2025-01-07,completed_late
Item SKU Industrial 471,49,49,2742.53,2742.53,2024-05-02,2024-05-02,completed
Item SKU Industrial 156,48,48,6210.72,6210.72,2024-06-22,2024-06-22,completed
Item SKU Industrial 215,24,24,525.12,525.12,2024-10-03,2024-10-03,completed
Item SKU Industrial 56,34,34,606.22,606.22,2024-10-10,2024-10-10,completed
Item SKU Industrial 12,16,16,568.16,568.16,2024-12-21,2024-12-21,completed
Item SKU Industrial 187,48,48,1156.8,1156.8,2025-03-22,2025-03-22,completed
Item SKU Industrial 371,35,35,8024.1,8024.1,2024-01-29,2024-01-31,completed_late
Item SKU Industrial 289,28,28,638.68,638.68,2024-08-31,2024-08-31,completed
Item SKU Industrial 447,26,26,158.6,158.6,2024-09-06,2024-09-06,completed
Item SKU Industrial 71,44,44,10255.96,11794.35,2024-11-29,2024-11-29,completed
Item SKU Industrial 242,13,13,119.34,119.34,2026-02-22,2026-02-22,completed
Item SKU Industrial 224,53,53,1274.12,1274.12,2024-02-24,2024-02-24,completed
Item SKU Industrial 101,41,41,16780.48,16780.48,2024-04-03,2024-04-03,completed
Item SKU Industrial 239,26,26,367.12,367.12,2025-02-16,2025-02-18,completed_late
Item SKU Industrial 130,16,16,1577.76,1577.76,2025-01-15,2025-01-15,completed
Item SKU Industrial 298,13,13,177.06,177.06,2024-11-03,2024-11-03,completed
Item SKU Industrial 365,7,7,274.4,274.4,2025-04-03,2025-04-03,completed
Item SKU Industrial 298,29,29,394.98,394.98,2025-06-20,2025-06-20,completed
Item SKU Industrial 306,15,15,2396.4,2396.4,2025-08-17,2025-08-17,completed
Item SKU Industrial 493,25,25,491.25,491.25,2024-03-11,2024-03-11,completed
Item SKU Industrial 199,46,46,4185.54,4813.37,2026-04-23,2026-04-25,completed_late
Item SKU Industrial 409,18,18,775.08,775.08,2025-08-16,2025-08-24,completed_late
Item SKU Industrial 190,15,15,690.9,690.9,2026-01-10,2026-01-10,completed
Item SKU Industrial 166,42,42,10202.64,10202.64,2025-04-25,2025-04-25,completed
Item SKU Industrial 296,15,15,301.95,301.95,2025-11-15,2025-11-15,completed
Item SKU Industrial 208,11,11,575.52,575.52,2026-01-17,2026-01-17,completed
Item SKU Industrial 221,48,48,2960.16,2960.16,2025-05-30,2025-05-30,completed
Item SKU Industrial 320,17,17,277.27,277.27,2024-01-12,2024-01-14,completed_late
Item SKU Industrial 409,37,37,1593.22,1593.22,2025-03-07,2025-03-07,completed
Item SKU Industrial 34,49,49,8166.34,8166.34,2026-01-09,2026-01-09,completed
Item SKU Industrial 100,23,23,1484.42,1484.42,2026-04-23,2026-04-23,completed
Item SKU Industrial 242,33,33,302.94,348.38,2025-11-22,2025-11-22,completed
Item SKU Industrial 146,51,51,3994.83,3994.83,2024-08-21,2024-08-21,completed
Item SKU Industrial 118,34,34,936.7,936.7,2026-03-15,2026-03-15,completed
Item SKU Industrial 172,35,35,547.05,547.05,2025-08-19,2025-08-21,completed_late
Item SKU Industrial 194,41,41,9034.35,9034.35,2025-11-17,2025-11-17,completed
Item SKU Industrial 392,41,41,4867.11,4867.11,2025-07-26,2025-07-26,completed
Item SKU Industrial 64,11,11,1276.33,1276.33,2026-05-22,2026-05-22,completed
Item SKU Industrial 210,28,28,2120.72,2120.72,2024-12-30,2024-12-30,completed
Item SKU Industrial 95,47,47,14457.2,14457.2,2026-02-14,2026-02-14,completed
Item SKU Industrial 101,23,23,9413.44,9413.44,2025-11-24,2025-11-24,completed
Item SKU Industrial 78,40,40,1821.6,1821.6,2026-03-29,2026-03-31,completed_late
Item SKU Industrial 255,24,24,597.6,687.24,2025-11-23,2025-11-23,completed
Item SKU Industrial 75,3,3,36.75,36.75,2025-04-19,2025-04-19,completed
Item SKU Industrial 130,33,33,3254.13,3254.13,2025-03-27,2025-03-27,completed
Item SKU Industrial 62,27,27,297.0,297.0,2024-06-17,2024-06-17,completed
Item SKU Industrial 408,33,33,1016.4,1016.4,2025-05-29,2025-05-29,completed
Item SKU Industrial 111,37,37,6129.05,6129.05,2025-02-05,2025-02-05,completed
Item SKU Industrial 61,42,42,4599.84,4599.84,2024-03-10,2024-03-12,completed_late
Item SKU Industrial 320,41,41,668.71,668.71,2024-11-29,2024-11-29,completed
Item SKU Industrial 66,27,27,337.77,337.77,2025-06-09,2025-06-17,completed_late
Item SKU Industrial 294,53,53,1257.69,1257.69,2024-04-28,2024-04-28,completed
Item SKU Industrial 113,5,5,139.6,139.6,2025-11-08,2025-11-08,completed
Item SKU Industrial 173,52,52,4373.72,5029.78,2024-04-07,2024-04-07,completed
Item SKU Industrial 314,41,41,4582.57,4582.57,2024-10-19,2024-10-19,completed
Item SKU Industrial 6,27,27,502.47,502.47,2025-12-28,2025-12-30,completed_late
Item SKU Industrial 81,45,45,3230.1,3230.1,2026-01-22,2026-01-22,completed
Item SKU Industrial 319,14,14,362.46,362.46,2024-03-03,2024-03-03,completed
Item SKU Industrial 336,40,40,4510.8,4510.8,2025-05-26,2025-05-26,completed
Item SKU Industrial 9,53,53,10356.2,10356.2,2025-06-30,2025-06-30,completed
Item SKU Industrial 99,33,33,5900.73,5900.73,2025-08-23,2025-08-23,completed
Item SKU Industrial 151,40,40,2715.2,2715.2,2025-02-02,2025-02-02,completed
Item SKU Industrial 272,22,22,2059.42,2059.42,2025-12-15,2025-12-17,completed_late
Item SKU Industrial 185,26,26,2350.66,2350.66,2024-02-12,2024-02-12,completed
Item SKU Industrial 374,36,36,6235.2,7170.48,2025-07-08,2025-07-08,completed
Item SKU Industrial 309,52,52,4390.36,4390.36,2024-06-01,2024-06-01,completed
Item SKU Industrial 409,13,13,559.78,559.78,2024-09-02,2024-09-02,completed
Item SKU Industrial 493,30,30,589.5,589.5,2024-02-17,2024-02-17,completed
Item SKU Industrial 282,23,23,875.15,875.15,2024-05-20,2024-05-20,completed
Item SKU Industrial 496,25,25,1049.75,1049.75,2025-12-27,2025-12-29,completed_late
Item SKU Industrial 281,44,44,652.96,652.96,2025-10-31,2025-10-31,completed
Item SKU Industrial 43,24,24,1066.8,1066.8,2025-10-20,2025-10-20,completed
Item SKU Industrial 157,2,2,1201.28,1201.28,2025-12-06,2025-12-06,completed
Item SKU Industrial 317,42,42,1921.08,1921.08,2024-11-16,2024-11-16,completed
Item SKU Industrial 69,27,27,974.43,974.43,2025-04-19,2025-04-19,completed
Item SKU Industrial 394,9,9,326.16,375.08,2026-03-26,2026-03-26,completed
Item SKU Industrial 497,45,45,1298.7,1298.7,2024-08-16,2024-08-18,completed_late
Item SKU Industrial 126,14,14,1405.6,1405.6,2025-07-03,2025-07-03,completed
Item SKU Industrial 169,3,3,266.04,266.04,2025-07-06,2025-07-06,completed
Item SKU Industrial 285,44,44,3692.48,3692.48,2024-04-07,2024-04-15,completed_late
Item SKU Industrial 361,41,41,6224.62,6224.62,2025-09-07,2025-09-07,completed
Item SKU Industrial 248,18,18,800.46,800.46,2026-03-28,2026-03-28,completed
Item SKU Industrial 464,22,22,1771.0,1771.0,2024-05-13,2024-05-13,completed
Item SKU Industrial 173,24,24,2018.64,2018.64,2026-05-07,2026-05-09,completed_late
Item SKU Industrial 467,8,8,688.72,688.72,2025-12-29,2025-12-29,completed
Item SKU Industrial 94,31,31,846.92,846.92,2025-11-21,2025-11-21,completed
Item SKU Industrial 63,37,37,5410.51,6222.09,2026-01-09,2026-01-09,completed
Item SKU Industrial 422,28,28,6541.92,6541.92,2026-02-08,2026-02-08,completed
Item SKU Industrial 273,3,3,332.82,332.82,2026-01-01,2026-01-01,completed
Item SKU Industrial 59,52,52,784.16,784.16,2024-08-08,2024-08-08,completed
Item SKU Industrial 247,14,14,334.88,334.88,2025-07-25,2025-07-27,completed_late
Item SKU Industrial 343,35,35,9668.05,9668.05,2025-08-18,2025-08-18,completed
Item SKU Industrial 110,5,5,377.25,377.25,2026-03-07,2026-03-07,completed
Item SKU Industrial 344,4,4,73.76,73.76,2024-01-20,2024-01-20,completed
Item SKU Industrial 238,38,38,3851.3,3851.3,2024-04-01,2024-04-01,completed
Item SKU Industrial 392,42,42,4985.82,4985.82,2026-01-16,2026-01-16,completed
Item SKU Industrial 65,24,24,340.56,340.56,2025-10-16,2025-10-16,completed
Item SKU Industrial 341,38,38,8039.66,9245.61,2026-05-21,2026-05-23,completed_late
Item SKU Industrial 167,33,33,3186.15,3186.15,2025-06-09,2025-06-09,completed
Item SKU Industrial 373,1,1,67.2,67.2,2026-01-02,2026-01-02,completed
Item SKU Industrial 245,42,42,4547.76,4547.76,2025-10-23,2025-10-23,completed
Item SKU Industrial 204,41,41,2350.94,2350.94,2025-01-26,2025-01-26,completed
Item SKU Industrial 457,25,25,1344.75,1344.75,2025-12-28,2025-12-28,completed
Item SKU Industrial 174,20,20,1145.6,1145.6,2025-12-18,2025-12-18,completed
Item SKU Industrial 246,9,9,199.26,199.26,2026-04-13,2026-04-15,completed_late
Item SKU Industrial 169,51,51,4522.68,4522.68,2026-05-03,2026-05-03,completed
Item SKU Industrial 214,28,28,459.76,459.76,2025-08-01,2025-08-01,completed
Item SKU Industrial 66,5,5,62.55,62.55,2026-04-02,2026-04-02,completed
Item SKU Industrial 315,22,22,462.88,532.31,2024-09-01,2024-09-09,completed_late
Item SKU Industrial 271,46,46,8332.9,8332.9,2024-03-14,2024-03-14,completed
Item SKU Industrial 272,28,28,2621.08,2621.08,2024-09-15,2024-09-15,completed
Item SKU Industrial 352,45,45,793.8,793.8,2025-04-04,2025-04-06,completed_late
Item SKU Industrial 81,11,11,789.58,789.58,2024-09-20,2024-09-20,completed
Item SKU Industrial 47,8,8,1116.64,1116.64,2025-12-08,2025-12-08,completed
Item SKU Industrial 120,50,50,2651.0,2651.0,2026-03-05,2026-03-05,completed
Item SKU Industrial 280,6,6,346.08,346.08,2024-12-16,2024-12-16,completed
Item SKU Industrial 191,40,40,3580.8,3580.8,2025-06-21,2025-06-21,completed
Item SKU Industrial 164,25,25,1465.25,1465.25,2024-02-01,2024-02-01,completed
Item SKU Industrial 232,41,41,1038.94,1038.94,2025-09-26,2025-09-28,completed_late
Item SKU Industrial 340,31,31,1206.52,1387.5,2025-07-11,2025-07-11,completed
Item SKU Industrial 294,48,48,1139.04,1139.04,2025-02-07,2025-02-07,completed
Item SKU Industrial 446,15,15,1725.0,1725.0,2024-05-04,2024-05-04,completed
Item SKU Industrial 132,33,33,6639.27,6639.27,2024-06-22,2024-06-22,completed
Item SKU Industrial 427,25,25,548.25,548.25,2025-12-14,2025-12-14,completed
Item SKU Industrial 223,8,8,176.8,176.8,2024-08-16,2024-08-16,completed
Item SKU Industrial 446,17,17,1955.0,1955.0,2026-01-05,2026-01-07,completed_late
Item SKU Industrial 140,49,49,436.59,436.59,2025-01-03,2025-01-03,completed
Item SKU Industrial 441,7,7,534.1,534.1,2026-01-01,2026-01-01,completed
Item SKU Industrial 93,26,26,4669.86,4669.86,2024-08-05,2024-08-05,completed
Item SKU Industrial 389,51,51,5177.01,5177.01,2024-02-01,2024-02-01,completed
Item SKU Industrial 324,53,53,1060.53,1219.61,2024-08-03,2024-08-03,completed
Item SKU Industrial 294,17,17,403.41,403.41,2025-09-04,2025-09-04,completed
Item SKU Industrial 105,23,23,1478.9,1478.9,2025-11-29,2025-12-01,completed_late
Item SKU Industrial 385,26,26,3613.48,3613.48,2026-03-12,2026-03-12,completed
Item SKU Industrial 13,15,15,353.55,353.55,2024-11-15,2024-11-15,completed
Item SKU Industrial 213,9,9,175.5,175.5,2025-01-06,2025-01-06,completed
Item SKU Industrial 432,53,53,12938.36,12938.36,2025-10-10,2025-10-10,completed
Item SKU Industrial 302,19,19,315.21,315.21,2025-04-15,2025-04-23,completed_late
Item SKU Industrial 69,42,42,1515.78,1515.78,2026-05-18,2026-05-18,completed
Item SKU Industrial 155,53,53,9498.13,9498.13,2024-04-18,2024-04-20,completed_late
Item SKU Industrial 471,22,22,1231.34,1231.34,2025-12-27,2025-12-27,completed
Item SKU Industrial 377,12,12,3094.2,3558.33,2026-03-16,2026-03-16,completed
Item SKU Industrial 319,16,16,414.24,414.24,2025-09-13,2025-09-13,completed
Item SKU Industrial 407,2,2,142.14,142.14,2025-03-17,2025-03-17,completed
Item SKU Industrial 452,51,51,1852.83,1852.83,2025-10-18,2025-10-18,completed
Item SKU Industrial 352,13,13,229.32,229.32,2024-03-18,2024-03-18,completed
Item SKU Industrial 17,52,52,2118.48,2118.48,2025-01-05,2025-01-07,completed_late
Item SKU Industrial 410,11,11,245.19,245.19,2025-10-11,2025-10-11,completed
Item SKU Industrial 371,11,11,2521.86,2521.86,2026-03-17,2026-03-17,completed
Item SKU Industrial 296,28,28,563.64,563.64,2026-05-01,2026-05-01,completed
Item SKU Industrial 428,45,45,3847.05,3847.05,2024-06-09,2024-06-09,completed
Item SKU Industrial 96,27,27,185.49,185.49,2025-11-04,2025-11-04,completed
Item SKU Industrial 62,18,18,198.0,227.7,2025-01-27,2025-01-27,completed
Item SKU Industrial 87,41,41,3775.69,3775.69,2024-09-01,2024-09-03,completed_late
Item SKU Industrial 262,15,15,899.55,899.55,2025-06-07,2025-06-07,completed
Item SKU Industrial 231,35,35,1627.15,1627.15,2025-03-17,2025-03-17,completed
Item SKU Industrial 100,8,8,516.32,516.32,2025-04-17,2025-04-17,completed
Item SKU Industrial 183,48,48,443.52,443.52,2025-08-06,2025-08-06,completed
Item SKU Industrial 293,16,16,353.28,353.28,2025-12-11,2025-12-11,completed
Item SKU Industrial 457,34,34,1828.86,1828.86,2024-04-28,2024-04-28,completed
Item SKU Industrial 81,33,33,2368.74,2368.74,2025-04-18,2025-04-20,completed_late
Item SKU Industrial 337,48,48,4053.12,4053.12,2024-03-12,2024-03-12,completed
Item SKU Industrial 374,18,18,3117.6,3117.6,2025-02-09,2025-02-09,completed
Item SKU Industrial 43,31,31,1377.95,1584.64,2024-06-24,2024-06-24,completed
Item SKU Industrial 443,48,48,2095.68,2095.68,2026-02-27,2026-02-27,completed
Item SKU Industrial 447,27,27,164.7,164.7,2024-03-15,2024-03-15,completed
Item SKU Industrial 376,42,42,546.42,546.42,2024-01-13,2024-01-21,completed_late
Item SKU Industrial 274,29,29,3915.87,3915.87,2024-12-26,2024-12-28,completed_late
Item SKU Industrial 369,47,47,2428.96,2428.96,2025-08-29,2025-08-29,completed
Item SKU Industrial 131,37,37,699.3,699.3,2026-03-21,2026-03-21,completed
Item SKU Industrial 222,29,29,2619.86,2619.86,2025-11-10,2025-11-10,completed
Item SKU Industrial 53,25,25,4615.0,4615.0,2025-06-13,2025-06-13,completed
Item SKU Industrial 224,30,30,721.2,721.2,2025-06-21,2025-06-21,completed
Item SKU Industrial 80,42,42,563.64,563.64,2025-05-22,2025-05-22,completed
Item SKU Industrial 348,53,53,543.25,624.74,2024-10-18,2024-10-20,completed_late
Item SKU Industrial 328,4,4,170.28,170.28,2025-09-18,2025-09-18,completed
Item SKU Industrial 456,52,52,1276.08,1276.08,2025-09-22,2025-09-22,completed
Item SKU Industrial 99,36,36,6437.16,6437.16,2024-10-20,2024-10-20,completed
Item SKU Industrial 146,29,29,2271.57,2271.57,2024-05-03,2024-05-03,completed
Item SKU Industrial 498,4,4,382.08,382.08,2024-01-12,2024-01-12,completed
Item SKU Industrial 200,33,33,5737.05,5737.05,2024-03-10,2024-03-10,completed
Item SKU Industrial 22,49,49,9483.46,9483.46,2025-11-16,2025-11-18,completed_late
Item SKU Industrial 222,41,41,3703.94,3703.94,2025-09-07,2025-09-07,completed
Item SKU Industrial 320,50,50,815.5,815.5,2025-03-14,2025-03-14,completed
Item SKU Industrial 273,24,24,2662.56,2662.56,2026-04-13,2026-04-13,completed
Item SKU Industrial 275,40,40,2155.2,2478.48,2025-04-16,2025-04-16,completed
Item SKU Industrial 174,15,15,859.2,859.2,2025-09-21,2025-09-21,completed
Item SKU Industrial 142,3,3,126.45,126.45,2024-07-28,2024-07-28,completed
Item SKU Industrial 57,44,44,5890.28,5890.28,2024-05-01,2024-05-03,completed_late
Item SKU Industrial 354,49,49,987.84,987.84,2025-07-21,2025-07-21,completed
Item SKU Industrial 89,2,2,156.26,156.26,2025-05-03,2025-05-03,completed
Item SKU Industrial 318,14,14,940.24,940.24,2025-01-06,2025-01-06,completed
Item SKU Industrial 480,20,20,468.8,468.8,2025-03-27,2025-03-27,completed
Item SKU Industrial 146,36,36,2819.88,2819.88,2024-05-17,2024-05-17,completed
Item SKU Industrial 353,41,41,4961.0,4961.0,2026-05-09,2026-05-09,completed
Item SKU Industrial 346,52,52,10324.6,10324.6,2025-11-10,2025-11-18,completed_late
Item SKU Industrial 327,8,8,77.52,89.15,2025-11-10,2025-11-10,completed
Item SKU Industrial 313,9,9,297.18,297.18,2024-06-11,2024-06-11,completed
Item SKU Industrial 445,30,30,961.8,961.8,2025-11-23,2025-11-23,completed
Item SKU Industrial 338,33,33,1984.95,1984.95,2024-07-20,2024-07-20,completed
Item SKU Industrial 205,42,42,1434.72,1434.72,2025-11-16,2025-11-16,completed
Item SKU Industrial 465,42,42,3876.6,3876.6,2026-03-18,2026-03-18,completed
Item SKU Industrial 390,52,52,389.48,389.48,2025-11-16,2025-11-18,completed_late
Item SKU Industrial 476,18,18,191.34,191.34,2024-11-11,2024-11-11,completed
Item SKU Industrial 487,46,46,2712.16,2712.16,2024-08-26,2024-08-26,completed
Item SKU Industrial 120,47,47,2491.94,2491.94,2025-12-19,2025-12-19,completed
Item SKU Industrial 113,41,41,1144.72,1144.72,2025-02-23,2025-02-23,completed
Item SKU Industrial 132,47,47,9455.93,10874.32,2025-06-05,2025-06-05,completed
Item SKU Industrial 432,6,6,1464.72,1464.72,2025-09-14,2025-09-14,completed
Item SKU Industrial 494,12,12,1704.48,1704.48,2024-05-31,2024-06-02,completed_late
Item SKU Industrial 327,17,17,164.73,164.73,2025-08-15,2025-08-15,completed
Item SKU Industrial 230,42,42,662.76,662.76,2025-01-24,2025-01-24,completed
Item SKU Industrial 286,45,45,1795.05,1795.05,2025-04-24,2025-04-24,completed
Item SKU Industrial 153,28,28,804.72,804.72,2025-09-01,2025-09-01,completed
Item SKU Industrial 442,44,44,3967.04,3967.04,2026-03-05,2026-03-05,completed
Item SKU Industrial 43,25,25,1111.25,1111.25,2024-02-15,2024-02-15,completed
Item SKU Industrial 134,18,18,3956.76,3956.76,2025-08-24,2025-08-26,completed_late
Item SKU Industrial 155,29,29,5197.09,5197.09,2025-12-08,2025-12-08,completed
Item SKU Industrial 6,8,8,148.88,171.21,2024-04-07,2024-04-07,completed
Item SKU Industrial 223,47,47,1038.7,1038.7,2025-02-21,2025-02-21,completed
Item SKU Industrial 195,35,35,1646.4,1646.4,2024-11-07,2024-11-07,completed
Item SKU Industrial 465,14,14,1292.2,1292.2,2024-08-17,2024-08-17,completed
Item SKU Industrial 158,2,2,808.42,808.42,2026-02-14,2026-02-14,completed
Item SKU Industrial 369,16,16,826.88,826.88,2024-03-29,2024-03-31,completed_late
Item SKU Industrial 215,1,1,21.88,21.88,2026-02-12,2026-02-20,completed_late
Item SKU Industrial 273,53,53,5879.82,5879.82,2026-03-12,2026-03-12,completed
Item SKU Industrial 78,15,15,683.1,683.1,2024-03-11,2024-03-11,completed
Item SKU Industrial 5,27,27,852.39,852.39,2024-07-17,2024-07-17,completed
Item SKU Industrial 410,53,53,1181.37,1181.37,2024-06-13,2024-06-13,completed
Item SKU Industrial 134,19,19,4176.58,4803.07,2024-12-05,2024-12-05,completed
Item SKU Industrial 368,49,49,6517.98,6517.98,2025-07-25,2025-07-27,completed_late
Item SKU Industrial 30,2,2,87.6,87.6,2025-08-14,2025-08-14,completed
Item SKU Industrial 290,11,11,165.88,165.88,2025-02-04,2025-02-04,completed
Item SKU Industrial 351,19,19,2701.99,2701.99,2025-12-12,2025-12-12,completed
Item SKU Industrial 450,12,12,848.64,848.64,2025-07-11,2025-07-11,completed
Item SKU Industrial 458,41,41,650.67,650.67,2025-10-23,2025-10-23,completed
Item SKU Industrial 112,8,8,73.04,73.04,2025-01-06,2025-01-06,completed
Item SKU Industrial 146,50,50,3916.5,3916.5,2024-12-30,2025-01-01,completed_late
Item SKU Industrial 26,44,44,540.32,540.32,2024-08-14,2024-08-14,completed
Item SKU Industrial 468,7,7,136.29,136.29,2025-06-08,2025-06-08,completed
Item SKU Industrial 146,40,40,3133.2,3603.18,2024-02-04,2024-02-04,completed
Item SKU Industrial 429,14,14,1078.28,1078.28,2025-06-16,2025-06-16,completed
Item SKU Industrial 457,39,39,2097.81,2097.81,2024-03-26,2024-03-26,completed
Item SKU Industrial 202,45,45,734.4,734.4,2024-06-14,2024-06-14,completed
Item SKU Industrial 39,9,9,705.6,705.6,2024-11-23,2024-11-25,completed_late
Item SKU Industrial 443,52,52,2270.32,2270.32,2025-07-19,2025-07-19,completed
Item SKU Industrial 37,15,15,3273.15,3273.15,2025-11-09,2025-11-09,completed
Item SKU Industrial 208,9,9,470.88,470.88,2025-08-21,2025-08-21,completed
Item SKU Industrial 45,16,16,2018.56,2018.56,2026-02-25,2026-02-25,completed
Item SKU Industrial 193,5,5,227.55,227.55,2024-12-04,2024-12-04,completed
Item SKU Industrial 288,35,35,2474.15,2474.15,2025-09-22,2025-09-22,completed
Item SKU Industrial 294,16,16,379.68,436.63,2024-02-26,2024-02-28,completed_late
Item SKU Industrial 294,1,1,23.73,23.73,2026-05-08,2026-05-08,completed
Item SKU Industrial 251,2,2,87.62,87.62,2025-07-12,2025-07-20,completed_late
Item SKU Industrial 468,41,41,798.27,798.27,2024-07-28,2024-07-28,completed
Item SKU Industrial 218,30,30,750.6,750.6,2025-01-03,2025-01-03,completed
Item SKU Industrial 372,28,28,1261.12,1261.12,2024-03-18,2024-03-18,completed
Item SKU Industrial 255,28,28,697.2,697.2,2025-09-29,2025-09-29,completed
Item SKU Industrial 113,35,35,977.2,977.2,2026-05-18,2026-05-20,completed_late
Item SKU Industrial 166,38,38,9230.96,9230.96,2025-11-16,2025-11-16,completed
Item SKU Industrial 435,5,5,77.25,77.25,2024-12-16,2024-12-16,completed
Item SKU Industrial 84,31,31,333.56,333.56,2024-10-13,2024-10-13,completed
Item SKU Industrial 411,12,12,2628.84,3023.17,2025-12-08,2025-12-08,completed
Item SKU Industrial 24,29,29,3527.85,3527.85,2026-04-02,2026-04-02,completed
Item SKU Industrial 379,47,47,1668.03,1668.03,2026-04-25,2026-04-25,completed
Item SKU Industrial 189,41,41,249.69,249.69,2025-10-30,2025-11-01,completed_late
Item SKU Industrial 189,17,17,103.53,103.53,2026-04-26,2026-04-26,completed
Item SKU Industrial 2,53,53,7364.35,7364.35,2026-02-07,2026-02-07,completed
Item SKU Industrial 432,6,6,1464.72,1464.72,2024-11-10,2024-11-10,completed
Item SKU Industrial 142,8,8,337.2,337.2,2025-06-08,2025-06-08,completed
Item SKU Industrial 128,8,8,260.64,260.64,2024-03-01,2024-03-01,completed
Item SKU Industrial 109,51,51,4456.38,4456.38,2025-05-11,2025-05-11,completed
Item SKU Industrial 253,3,3,348.12,348.12,2026-02-12,2026-02-14,completed_late
Item SKU Industrial 250,38,38,3480.8,4002.92,2025-01-09,2025-01-09,completed
Item SKU Industrial 193,48,48,2184.48,2184.48,2026-05-10,2026-05-10,completed
Item SKU Industrial 147,50,50,2551.0,2551.0,2025-04-07,2025-04-07,completed
Item SKU Industrial 89,27,27,2109.51,2109.51,2025-02-01,2025-02-01,completed
Item SKU Industrial 381,9,9,1041.66,1041.66,2025-02-28,2025-02-28,completed
Item SKU Industrial 429,52,52,4005.04,4005.04,2025-04-24,2025-04-24,completed
Item SKU Industrial 497,40,40,1154.4,1154.4,2024-11-21,2024-11-23,completed_late
Item SKU Industrial 128,44,44,1433.52,1433.52,2025-06-15,2025-06-15,completed
Item SKU Industrial 94,41,41,1120.12,1120.12,2026-01-17,2026-01-17,completed
Item SKU Industrial 155,52,52,9318.92,9318.92,2025-05-08,2025-05-16,completed_late
Item SKU Industrial 51,15,15,1107.3,1107.3,2024-02-29,2024-02-29,completed
Item SKU Industrial 146,7,7,548.31,630.56,2025-02-16,2025-02-16,completed
Item SKU Industrial 498,50,50,4776.0,4776.0,2024-12-27,2024-12-27,completed
Item SKU Industrial 110,44,44,3319.8,3319.8,2024-02-29,2024-03-02,completed_late
Item SKU Industrial 292,52,52,1548.04,1548.04,2024-09-20,2024-09-20,completed
Item SKU Industrial 317,5,5,228.7,228.7,2025-12-24,2025-12-24,completed
Item SKU Industrial 271,41,41,7427.15,7427.15,2025-07-04,2025-07-04,completed
Item SKU Industrial 237,31,31,4344.96,4344.96,2025-11-17,2025-11-17,completed
Item SKU Industrial 205,36,36,1229.76,1229.76,2025-08-20,2025-08-20,completed
Item SKU Industrial 449,53,53,2408.32,2408.32,2025-11-21,2025-11-21,completed
Item SKU Industrial 83,13,13,844.09,844.09,2025-11-07,2025-11-09,completed_late
Item SKU Industrial 466,3,3,17.82,17.82,2025-05-18,2025-05-18,completed
Item SKU Industrial 388,5,5,122.25,140.59,2025-04-10,2025-04-10,completed
Item SKU Industrial 88,41,41,4938.04,4938.04,2025-03-22,2025-03-22,completed
Item SKU Industrial 85,25,25,432.5,432.5,2026-02-12,2026-02-12,completed
Item SKU Industrial 430,48,48,2852.64,2852.64,2025-12-27,2025-12-27,completed
Item SKU Industrial 394,2,2,72.48,72.48,2025-12-11,2025-12-11,completed
Item SKU Industrial 183,2,2,18.48,18.48,2025-10-04,2025-10-06,completed_late
Item SKU Industrial 228,53,53,1183.49,1183.49,2025-02-17,2025-02-17,completed
Item SKU Industrial 469,47,47,11320.89,11320.89,2025-09-05,2025-09-05,completed
Item SKU Industrial 235,4,4,447.48,447.48,2026-03-26,2026-03-26,completed
Item SKU Industrial 443,46,46,2008.36,2008.36,2025-06-29,2025-06-29,completed
Item SKU Industrial 413,53,53,2266.28,2266.28,2024-01-04,2024-01-04,completed
Item SKU Industrial 336,17,17,1917.09,2204.65,2026-04-03,2026-04-03,completed
Item SKU Industrial 181,41,41,1726.51,1726.51,2025-05-15,2025-05-17,completed_late
Item SKU Industrial 72,6,6,2179.2,2179.2,2025-12-11,2025-12-11,completed
Item SKU Industrial 331,29,29,12462.17,12462.17,2024-06-06,2024-06-06,completed
Item SKU Industrial 95,31,31,9535.6,9535.6,2024-02-15,2024-02-15,completed
Item SKU Industrial 478,52,52,1288.04,1288.04,2025-02-12,2025-02-20,completed_late
Item SKU Industrial 197,33,33,5046.69,5046.69,2025-11-08,2025-11-08,completed
Item SKU Industrial 27,13,13,2871.96,2871.96,2024-05-24,2024-05-24,completed
Item SKU Industrial 417,17,17,1163.65,1163.65,2024-08-05,2024-08-07,completed_late
Item SKU Industrial 228,28,28,625.24,625.24,2026-02-08,2026-02-08,completed
Item SKU Industrial 358,42,42,3943.8,3943.8,2025-07-27,2025-07-27,completed
Item SKU Industrial 198,30,30,1583.1,1820.56,2026-02-09,2026-02-09,completed
Item SKU Industrial 330,2,2,20.54,20.54,2024-08-20,2024-08-20,completed
Item SKU Industrial 22,9,9,1741.86,1741.86,2026-04-12,2026-04-12,completed
Item SKU Industrial 86,53,53,919.55,919.55,2025-10-23,2025-10-23,completed
Item SKU Industrial 235,42,42,4698.54,4698.54,2025-05-03,2025-05-05,completed_late
Item SKU Industrial 195,47,47,2210.88,2210.88,2025-03-30,2025-03-30,completed
Item SKU Industrial 477,45,45,5443.65,5443.65,2025-12-21,2025-12-21,completed
Item SKU Industrial 92,5,5,159.95,159.95,2024-03-31,2024-03-31,completed
Item SKU Industrial 313,51,51,1684.02,1684.02,2025-05-16,2025-05-16,completed
Item SKU Industrial 205,25,25,854.0,854.0,2026-03-06,2026-03-06,completed
Item SKU Industrial 146,25,25,1958.25,1958.25,2026-02-08,2026-02-08,completed
Item SKU Industrial 165,46,46,641.24,737.43,2026-04-25,2026-04-27,completed_late
Item SKU Industrial 278,17,17,1180.31,1180.31,2026-04-24,2026-04-24,completed
Item SKU Industrial 456,29,29,711.66,711.66,2025-01-18,2025-01-18,completed
Item SKU Industrial 373,13,13,873.6,873.6,2025-05-26,2025-05-26,completed
Item SKU Industrial 456,28,28,687.12,687.12,2025-01-30,2025-01-30,completed
Item SKU Industrial 248,37,37,1645.39,1645.39,2024-04-12,2024-04-12,completed
Item SKU Industrial 141,27,27,216.0,216.0,2024-05-18,2024-05-18,completed
Item SKU Industrial 357,25,25,4264.0,4264.0,2026-03-19,2026-03-21,completed_late
Item SKU Industrial 395,48,48,7107.36,7107.36,2025-05-27,2025-05-27,completed
Item SKU Industrial 48,1,1,13.32,13.32,2024-02-29,2024-02-29,completed
Item SKU Industrial 243,35,35,984.55,984.55,2025-01-06,2025-01-06,completed
Item SKU Industrial 249,13,13,852.41,980.27,2025-11-13,2025-11-13,completed
Item SKU Industrial 235,22,22,2461.14,2461.14,2026-04-02,2026-04-10,completed_late
Item SKU Industrial 169,2,2,177.36,177.36,2025-04-28,2025-04-28,completed
Item SKU Industrial 396,15,15,254.55,254.55,2025-09-07,2025-09-09,completed_late
Item SKU Industrial 172,23,23,359.49,359.49,2025-12-05,2025-12-05,completed
Item SKU Industrial 137,14,14,817.32,817.32,2025-01-27,2025-01-27,completed
Item SKU Industrial 195,20,20,940.8,940.8,2026-01-14,2026-01-14,completed
Item SKU Industrial 285,48,48,4028.16,4028.16,2026-03-13,2026-03-13,completed
Item SKU Industrial 86,13,13,225.55,225.55,2025-03-21,2025-03-21,completed
Item SKU Industrial 332,22,22,858.22,858.22,2025-02-07,2025-02-07,completed
Item SKU Industrial 407,23,23,1634.61,1634.61,2025-11-21,2025-11-23,completed_late
Item SKU Industrial 307,15,15,394.05,453.16,2025-12-07,2025-12-07,completed
Item SKU Industrial 100,6,6,387.24,387.24,2024-04-11,2024-04-11,completed
Item SKU Industrial 216,35,35,709.8,709.8,2025-11-23,2025-11-23,completed
Item SKU Industrial 13,6,6,141.42,141.42,2026-04-17,2026-04-17,completed
Item SKU Industrial 470,20,20,396.8,396.8,2025-07-12,2025-07-12,completed
Item SKU Industrial 408,1,1,30.8,30.8,2025-03-27,2025-03-27,completed
Item SKU Industrial 142,26,26,1095.9,1095.9,2024-11-23,2024-11-25,completed_late
Item SKU Industrial 390,40,40,299.6,299.6,2026-02-12,2026-02-12,completed
Item SKU Industrial 335,39,39,4281.81,4281.81,2026-01-31,2026-01-31,completed
Item SKU Industrial 493,41,41,805.65,805.65,2025-08-14,2025-08-14,completed
Item SKU Industrial 33,12,12,85.68,85.68,2026-01-17,2026-01-17,completed
Item SKU Industrial 133,46,46,7234.42,8319.58,2024-09-08,2024-09-08,completed
Item SKU Industrial 435,23,23,355.35,355.35,2025-11-08,2025-11-08,completed
Item SKU Industrial 157,27,27,16217.28,16217.28,2024-11-03,2024-11-05,completed_late
Item SKU Industrial 207,35,35,12548.2,12548.2,2025-11-07,2025-11-07,completed
Item SKU Industrial 316,1,1,34.06,34.06,2025-11-09,2025-11-09,completed
Item SKU Industrial 424,44,44,4262.28,4262.28,2026-04-15,2026-04-15,completed
Item SKU Industrial 301,39,39,12258.09,12258.09,2024-12-06,2024-12-06,completed
Item SKU Industrial 110,24,24,1810.8,1810.8,2026-03-30,2026-03-30,completed
Item SKU Industrial 398,45,45,875.25,875.25,2026-03-21,2026-03-29,completed_late
Item SKU Industrial 453,24,24,970.32,970.32,2025-11-01,2025-11-03,completed_late
Item SKU Industrial 93,17,17,3053.37,3053.37,2025-11-27,2025-11-27,completed
Item SKU Industrial 322,18,18,525.96,604.85,2026-01-30,2026-01-30,completed
Item SKU Industrial 464,48,48,3864.0,3864.0,2025-04-17,2025-04-17,completed
Item SKU Industrial 479,20,20,3422.0,3422.0,2025-12-05,2025-12-05,completed
Item SKU Industrial 115,41,41,7959.74,7959.74,2025-05-17,2025-05-17,completed
Item SKU Industrial 10,38,38,5092.76,5092.76,2024-04-05,2024-04-05,completed
Item SKU Industrial 153,15,15,431.1,431.1,2025-12-01,2025-12-03,completed_late
Item SKU Industrial 56,34,34,606.22,606.22,2025-09-22,2025-09-22,completed
Item SKU Industrial 500,37,37,257.89,257.89,2025-02-02,2025-02-02,completed
Item SKU Industrial 75,12,12,147.0,147.0,2025-02-24,2025-02-24,completed
Item SKU Industrial 319,6,6,155.34,155.34,2024-01-11,2024-01-11,completed
Item SKU Industrial 364,14,14,813.96,813.96,2024-07-10,2024-07-10,completed
Item SKU Industrial 250,41,41,3755.6,4318.94,2025-01-03,2025-01-03,completed
Item SKU Industrial 166,28,28,6801.76,6801.76,2024-02-16,2024-02-18,completed_late
Item SKU Industrial 16,49,49,19587.75,19587.75,2026-01-03,2026-01-03,completed
Item SKU Industrial 476,7,7,74.41,74.41,2026-03-20,2026-03-20,completed
Item SKU Industrial 427,44,44,964.92,964.92,2024-09-12,2024-09-12,completed
Item SKU Industrial 238,6,6,608.1,608.1,2025-11-17,2025-11-17,completed
Item SKU Industrial 280,2,2,115.36,115.36,2026-05-16,2026-05-16,completed
Item SKU Industrial 444,38,38,434.72,434.72,2025-03-23,2025-03-23,completed
Item SKU Industrial 362,4,4,217.76,217.76,2026-02-09,2026-02-11,completed_late
Item SKU Industrial 464,31,31,2495.5,2495.5,2024-06-18,2024-06-18,completed
Item SKU Industrial 173,49,49,4121.39,4121.39,2024-10-25,2024-10-25,completed
Item SKU Industrial 213,35,35,682.5,784.87,2026-04-06,2026-04-06,completed
Item SKU Industrial 61,52,52,5695.04,5695.04,2024-02-08,2024-02-08,completed
Item SKU Industrial 480,9,9,210.96,210.96,2024-12-05,2024-12-05,completed
Item SKU Industrial 215,48,48,1050.24,1050.24,2025-09-22,2025-09-22,completed
Item SKU Industrial 450,40,40,2828.8,2828.8,2024-05-19,2024-05-27,completed_late
Item SKU Industrial 451,39,39,7401.03,7401.03,2026-05-11,2026-05-11,completed
Item SKU Industrial 7,34,34,3818.88,3818.88,2026-04-23,2026-04-23,completed
Item SKU Industrial 312,37,37,2763.53,2763.53,2024-12-14,2024-12-14,completed
Item SKU Industrial 303,35,35,1869.0,1869.0,2024-09-06,2024-09-06,completed
Item SKU Industrial 86,31,31,537.85,537.85,2026-03-06,2026-03-06,completed
Item SKU Industrial 108,26,26,1376.44,1376.44,2024-10-20,2024-10-20,completed
Item SKU Industrial 257,46,46,9309.48,10705.9,2026-02-06,2026-02-08,completed_late
Item SKU Industrial 428,53,53,4530.97,4530.97,2025-08-29,2025-08-29,completed
Item SKU Industrial 371,44,44,10087.44,10087.44,2025-08-29,2025-08-29,completed
Item SKU Industrial 459,53,53,963.54,963.54,2025-03-20,2025-03-20,completed
Item SKU Industrial 55,47,47,650.95,650.95,2025-03-28,2025-03-28,completed
Item SKU Industrial 76,14,14,1626.94,1626.94,2024-12-01,2024-12-01,completed
Item SKU Industrial 29,28,28,3927.84,3927.84,2024-12-09,2024-12-09,completed
Item SKU Industrial 140,39,39,347.49,347.49,2024-02-04,2024-02-06,completed_late
Item SKU Industrial 438,45,45,816.3,816.3,2026-04-04,2026-04-04,completed
Item SKU Industrial 247,39,39,932.88,932.88,2025-01-06,2025-01-06,completed
Item SKU Industrial 18,33,33,1438.8,1438.8,2026-01-04,2026-01-04,completed
Item SKU Industrial 231,8,8,371.92,427.71,2024-12-13,2024-12-13,completed
Item SKU Industrial 340,5,5,194.6,194.6,2025-07-07,2025-07-07,completed
Item SKU Industrial 399,33,33,1771.77,1771.77,2026-04-09,2026-04-09,completed
Item SKU Industrial 372,50,50,2252.0,2252.0,2026-03-27,2026-03-29,completed_late
Item SKU Industrial 372,16,16,720.64,720.64,2024-11-19,2024-11-19,completed
Item SKU Industrial 489,34,34,1895.84,1895.84,2025-10-25,2025-10-25,completed
Item SKU Industrial 259,30,30,1819.8,1819.8,2025-07-23,2025-07-23,completed
Item SKU Industrial 169,38,38,3369.84,3369.84,2026-03-13,2026-03-13,completed
Item SKU Industrial 423,14,14,1030.96,1030.96,2024-08-29,2024-08-29,completed
Item SKU Industrial 52,29,29,1713.61,1713.61,2026-01-29,2026-01-29,completed
Item SKU Industrial 415,4,4,929.04,929.04,2026-03-13,2026-03-15,completed_late
Item SKU Industrial 244,46,46,6543.04,7524.5,2024-04-05,2024-04-13,completed_late
Item SKU Industrial 376,17,17,221.17,221.17,2024-06-16,2024-06-16,completed
Item SKU Industrial 378,29,29,2769.79,2769.79,2024-04-30,2024-04-30,completed
Item SKU Industrial 168,53,53,1468.1,1468.1,2025-11-15,2025-11-15,completed
Item SKU Industrial 492,15,15,304.95,304.95,2026-02-22,2026-02-22,completed
Item SKU Industrial 453,45,45,1819.35,1819.35,2024-02-15,2024-02-15,completed
Item SKU Industrial 158,9,9,3637.89,3637.89,2026-03-15,2026-03-17,completed_late
Item SKU Industrial 447,7,7,42.7,42.7,2024-06-29,2024-06-29,completed
Item SKU Industrial 123,5,5,50.0,50.0,2025-04-24,2025-04-24,completed
Item SKU Industrial 244,8,8,1137.92,1137.92,2024-10-26,2024-10-26,completed
Item SKU Industrial 390,49,49,367.01,367.01,2024-05-17,2024-05-17,completed
Item SKU Industrial 143,44,44,6357.56,7311.19,2024-10-26,2024-10-26,completed
Item SKU Industrial 397,42,42,6184.92,6184.92,2025-03-30,2025-03-30,completed
Item SKU Industrial 192,53,53,2709.89,2709.89,2026-05-13,2026-05-15,completed_late
Item SKU Industrial 458,12,12,190.44,190.44,2025-09-28,2025-09-28,completed
Item SKU Industrial 128,8,8,260.64,260.64,2024-07-29,2024-07-29,completed
Item SKU Industrial 49,52,52,3399.76,3399.76,2024-12-14,2024-12-14,completed
Item SKU Industrial 22,26,26,5032.04,5032.04,2024-12-23,2024-12-23,completed
Item SKU Industrial 120,37,37,1961.74,1961.74,2025-01-06,2025-01-06,completed
Item SKU Industrial 154,45,45,387.45,387.45,2024-07-29,2024-07-29,completed
Item SKU Industrial 142,45,45,1896.75,1896.75,2024-11-17,2024-11-19,completed_late
Item SKU Industrial 394,42,42,1522.08,1522.08,2024-10-10,2024-10-10,completed
Item SKU Industrial 17,50,50,2037.0,2342.55,2025-07-11,2025-07-11,completed
Item SKU Industrial 194,27,27,5949.45,5949.45,2024-04-24,2024-04-24,completed
Item SKU Industrial 335,3,3,329.37,329.37,2025-03-21,2025-03-21,completed
Item SKU Industrial 139,6,6,975.54,975.54,2026-03-17,2026-03-17,completed
Item SKU Industrial 486,44,44,5834.4,5834.4,2025-11-30,2025-11-30,completed
Item SKU Industrial 246,41,41,907.74,907.74,2026-03-29,2026-03-31,completed_late
Item SKU Industrial 43,8,8,355.6,355.6,2025-06-05,2025-06-05,completed
Item SKU Industrial 271,6,6,1086.9,1086.9,2025-10-20,2025-10-28,completed_late
Item SKU Industrial 247,5,5,119.6,119.6,2026-03-22,2026-03-22,completed
Item SKU Industrial 461,27,27,1242.0,1242.0,2025-07-26,2025-07-26,completed
Item SKU Industrial 179,47,47,3059.23,3059.23,2026-03-25,2026-03-25,completed
Item SKU Industrial 357,50,50,8528.0,9807.2,2025-08-15,2025-08-15,completed
Item SKU Industrial 144,36,36,14508.36,14508.36,2024-07-13,2024-07-15,completed_late
Item SKU Industrial 312,4,4,298.76,298.76,2026-03-30,2026-03-30,completed
Item SKU Industrial 438,17,17,308.38,308.38,2025-04-28,2025-04-28,completed
Item SKU Industrial 463,38,38,1732.8,1732.8,2024-12-27,2024-12-27,completed
Item SKU Industrial 467,44,44,3787.96,3787.96,2024-09-22,2024-09-22,completed
Item SKU Industrial 274,47,47,6346.41,6346.41,2026-01-09,2026-01-09,completed
Item SKU Industrial 16,19,19,7595.25,7595.25,2025-08-22,2025-08-22,completed
Item SKU Industrial 116,16,16,916.48,916.48,2024-02-10,2024-02-12,completed_late
Item SKU Industrial 449,20,20,908.8,908.8,2026-02-13,2026-02-13,completed
Item SKU Industrial 178,12,12,755.04,755.04,2025-11-20,2025-11-20,completed
Item SKU Industrial 403,7,7,797.16,916.73,2025-06-28,2025-06-28,completed
Item SKU Industrial 32,25,25,1235.5,1235.5,2025-10-01,2025-10-01,completed
Item SKU Industrial 477,38,38,4596.86,4596.86,2025-11-01,2025-11-01,completed
Item SKU Industrial 279,7,7,766.92,766.92,2026-03-29,2026-03-29,completed
Item SKU Industrial 60,19,19,240.35,240.35,2024-09-20,2024-09-22,completed_late
Item SKU Industrial 343,35,35,9668.05,9668.05,2025-09-08,2025-09-08,completed
Item SKU Industrial 107,47,47,5107.49,5107.49,2024-08-11,2024-08-11,completed
Item SKU Industrial 170,29,29,2482.11,2482.11,2026-01-26,2026-01-26,completed
Item SKU Industrial 220,26,26,4643.86,4643.86,2024-05-04,2024-05-04,completed
Item SKU Industrial 373,26,26,1747.2,1747.2,2024-04-20,2024-04-20,completed
Item SKU Industrial 131,24,24,453.6,453.6,2024-11-23,2024-11-23,completed
Item SKU Industrial 260,52,52,766.48,881.45,2024-07-14,2024-07-16,completed_late
Item SKU Industrial 274,46,46,6211.38,6211.38,2026-01-11,2026-01-11,completed
Item SKU Industrial 322,53,53,1548.66,1548.66,2025-09-15,2025-09-15,completed
Item SKU Industrial 316,23,23,783.38,783.38,2025-07-25,2025-08-02,completed_late
Item SKU Industrial 266,52,52,431.08,431.08,2025-03-27,2025-03-27,completed
Item SKU Industrial 110,12,12,905.4,905.4,2026-02-06,2026-02-06,completed
Item SKU Industrial 267,52,52,1976.52,1976.52,2025-03-05,2025-03-05,completed
Item SKU Industrial 121,39,39,1557.66,1557.66,2024-12-14,2024-12-16,completed_late
Item SKU Industrial 493,36,36,707.4,707.4,2024-10-24,2024-10-24,completed
Item SKU Industrial 402,36,36,997.56,997.56,2025-08-12,2025-08-12,completed
Item SKU Industrial 59,53,53,799.24,799.24,2025-12-20,2025-12-20,completed
Item SKU Industrial 149,31,31,4962.48,5706.85,2025-06-06,2025-06-06,completed
Item SKU Industrial 294,1,1,23.73,23.73,2025-09-13,2025-09-13,completed
Item SKU Industrial 497,18,18,519.48,519.48,2025-11-22,2025-11-22,completed
Item SKU Industrial 118,7,7,192.85,192.85,2026-04-12,2026-04-14,completed_late
Item SKU Industrial 38,5,5,1451.0,1451.0,2025-03-16,2025-03-16,completed
Item SKU Industrial 221,51,51,3145.17,3145.17,2026-04-13,2026-04-13,completed
Item SKU Industrial 10,42,42,5628.84,5628.84,2024-04-27,2024-04-27,completed
Item SKU Industrial 28,50,50,3013.5,3013.5,2024-03-02,2024-03-02,completed
Item SKU Industrial 7,29,29,3257.28,3257.28,2026-03-30,2026-03-30,completed
Item SKU Industrial 251,52,52,2278.12,2278.12,2025-07-21,2025-07-21,completed
Item SKU Industrial 233,1,1,37.7,37.7,2025-06-28,2025-06-30,completed_late
Item SKU Industrial 256,16,16,2024.48,2328.15,2025-07-19,2025-07-19,completed
Item SKU Industrial 207,53,53,19001.56,19001.56,2026-04-13,2026-04-13,completed
Item SKU Industrial 222,53,53,4788.02,4788.02,2025-04-12,2025-04-12,completed
Item SKU Industrial 170,40,40,3423.6,3423.6,2025-12-04,2025-12-04,completed
Item SKU Industrial 323,22,22,1561.34,1561.34,2025-12-16,2025-12-16,completed
Item SKU Industrial 467,4,4,344.36,344.36,2025-12-26,2025-12-26,completed
Item SKU Industrial 451,1,1,189.77,189.77,2025-03-27,2025-03-29,completed_late
Item SKU Industrial 399,38,38,2040.22,2040.22,2024-12-22,2024-12-22,completed
Item SKU Industrial 70,18,18,2731.5,2731.5,2024-12-22,2024-12-22,completed
Item SKU Industrial 327,14,14,135.66,135.66,2025-07-31,2025-07-31,completed
Item SKU Industrial 192,48,48,2454.24,2454.24,2024-07-01,2024-07-09,completed_late
Item SKU Industrial 301,40,40,12572.4,14458.26,2025-12-05,2025-12-05,completed
Item SKU Industrial 5,37,37,1168.09,1168.09,2024-10-22,2024-10-22,completed
Item SKU Industrial 100,53,53,3420.62,3420.62,2026-03-20,2026-03-22,completed_late
Item SKU Industrial 37,8,8,1745.68,1745.68,2026-02-26,2026-02-26,completed
Item SKU Industrial 247,37,37,885.04,885.04,2025-12-08,2025-12-08,completed
Item SKU Industrial 459,22,22,399.96,399.96,2025-12-19,2025-12-19,completed
Item SKU Industrial 431,5,5,645.85,645.85,2024-12-01,2024-12-01,completed
Item SKU Industrial 242,38,38,348.84,348.84,2025-05-03,2025-05-03,completed
Item SKU Industrial 484,18,18,1295.1,1295.1,2025-06-22,2025-06-22,completed
Item SKU Industrial 423,13,13,957.32,957.32,2024-01-19,2024-01-21,completed_late
Item SKU Industrial 234,45,45,2993.85,2993.85,2025-05-01,2025-05-01,completed
Item SKU Industrial 117,18,18,1627.2,1871.28,2025-01-12,2025-01-12,completed
Item SKU Industrial 265,11,11,520.63,520.63,2025-02-28,2025-02-28,completed
Item SKU Industrial 452,38,38,1380.54,1380.54,2024-03-15,2024-03-15,completed
Item SKU Industrial 334,37,37,1262.81,1262.81,2024-03-25,2024-03-25,completed
Item SKU Industrial 125,15,15,5577.0,5577.0,2025-05-22,2025-05-22,completed
Item SKU Industrial 165,9,9,125.46,125.46,2026-02-12,2026-02-14,completed_late
Item SKU Industrial 281,1,1,14.84,14.84,2024-12-10,2024-12-10,completed
Item SKU Industrial 500,11,11,76.67,76.67,2024-02-25,2024-02-25,completed
Item SKU Industrial 407,51,51,3624.57,3624.57,2026-02-16,2026-02-16,completed
Item SKU Industrial 195,44,44,2069.76,2069.76,2026-03-21,2026-03-21,completed
Item SKU Industrial 29,40,40,5611.2,5611.2,2024-03-01,2024-03-01,completed
Item SKU Industrial 306,9,9,1437.84,1653.52,2025-09-21,2025-09-21,completed
Item SKU Industrial 116,47,47,2692.16,2692.16,2025-03-10,2025-03-12,completed_late
Item SKU Industrial 441,18,18,1373.4,1373.4,2024-10-13,2024-10-13,completed
Item SKU Industrial 325,40,40,2537.6,2537.6,2025-01-10,2025-01-10,completed
Item SKU Industrial 407,38,38,2700.66,2700.66,2026-03-21,2026-03-21,completed
Item SKU Industrial 262,8,8,479.76,479.76,2025-02-27,2025-02-27,completed
Item SKU Industrial 297,48,48,10622.4,10622.4,2026-03-13,2026-03-21,completed_late
Item SKU Industrial 182,9,9,141.21,141.21,2024-12-19,2024-12-19,completed
Item SKU Industrial 191,48,48,4296.96,4296.96,2025-05-10,2025-05-12,completed_late
Item SKU Industrial 471,6,6,335.82,335.82,2025-06-20,2025-06-20,completed
Item SKU Industrial 2,48,48,6669.6,6669.6,2026-03-29,2026-03-29,completed
Item SKU Industrial 306,12,12,1917.12,2204.69,2025-10-31,2025-10-31,completed
Item SKU Industrial 477,44,44,5322.68,5322.68,2024-01-21,2024-01-21,completed
Item SKU Industrial 203,11,11,2523.4,2523.4,2026-01-03,2026-01-03,completed
Item SKU Industrial 190,28,28,1289.68,1289.68,2025-04-13,2025-04-13,completed
Item SKU Industrial 320,17,17,277.27,277.27,2025-07-09,2025-07-11,completed_late
Item SKU Industrial 488,3,3,177.81,177.81,2025-10-25,2025-10-25,completed
Item SKU Industrial 77,26,26,1840.02,1840.02,2025-01-27,2025-01-27,completed
Item SKU Industrial 225,20,20,183.0,183.0,2024-04-04,2024-04-04,completed
Item SKU Industrial 222,27,27,2439.18,2439.18,2025-11-17,2025-11-17,completed
Item SKU Industrial 462,33,33,6080.58,6080.58,2024-02-01,2024-02-01,completed
Item SKU Industrial 344,53,53,977.32,977.32,2025-06-06,2025-06-06,completed
Item SKU Industrial 400,42,42,5052.6,5810.49,2024-07-10,2024-07-12,completed_late
Item SKU Industrial 406,12,12,1191.84,1191.84,2024-11-03,2024-11-03,completed
Item SKU Industrial 292,30,30,893.1,893.1,2025-05-19,2025-05-19,completed
Item SKU Industrial 367,48,48,1636.8,1636.8,2026-04-11,2026-04-11,completed
Item SKU Industrial 399,17,17,912.73,912.73,2024-04-27,2024-04-27,completed
Item SKU Industrial 473,4,4,2129.96,2129.96,2024-01-08,2024-01-08,completed
Item SKU Industrial 29,45,45,6312.6,6312.6,2026-04-08,2026-04-08,completed
Item SKU Industrial 159,16,16,991.04,991.04,2024-03-14,2024-03-16,completed_late
Item SKU Industrial 246,1,1,22.14,22.14,2025-07-20,2025-07-20,completed
Item SKU Industrial 42,17,17,537.71,537.71,2025-12-15,2025-12-15,completed
Item SKU Industrial 287,48,48,17483.52,17483.52,2024-07-11,2024-07-11,completed
Item SKU Industrial 88,1,1,120.44,138.51,2024-06-15,2024-06-15,completed
Item SKU Industrial 359,38,38,2376.9,2376.9,2025-04-25,2025-04-25,completed
Item SKU Industrial 45,5,5,630.8,630.8,2025-04-19,2025-04-27,completed_late
Item SKU Industrial 195,33,33,1552.32,1552.32,2025-05-07,2025-05-09,completed_late
Item SKU Industrial 89,48,48,3750.24,3750.24,2025-07-24,2025-07-24,completed
Item SKU Industrial 321,36,36,2517.84,2517.84,2025-12-01,2025-12-01,completed
Item SKU Industrial 115,1,1,194.14,194.14,2026-05-25,2026-05-25,completed
Item SKU Industrial 248,39,39,1734.33,1734.33,2024-11-23,2024-11-23,completed
Item SKU Industrial 314,9,9,1005.93,1005.93,2025-12-12,2025-12-12,completed
Item SKU Industrial 297,24,24,5311.2,5311.2,2025-09-20,2025-09-20,completed
Item SKU Industrial 453,11,11,444.73,444.73,2025-05-03,2025-05-05,completed_late
Item SKU Industrial 471,17,17,951.49,1094.21,2025-08-14,2025-08-14,completed
Item SKU Industrial 60,50,50,632.5,632.5,2024-03-21,2024-03-21,completed
Item SKU Industrial 221,39,39,2405.13,2405.13,2024-09-22,2024-09-22,completed
Item SKU Industrial 263,20,20,592.4,592.4,2025-12-11,2025-12-11,completed
Item SKU Industrial 488,9,9,533.43,533.43,2025-05-26,2025-05-26,completed
Item SKU Industrial 430,36,36,2139.48,2139.48,2025-06-16,2025-06-16,completed
Item SKU Industrial 468,52,52,1012.44,1012.44,2026-01-02,2026-01-04,completed_late
Item SKU Industrial 80,14,14,187.88,187.88,2024-08-12,2024-08-12,completed
Item SKU Industrial 88,5,5,602.2,602.2,2026-02-19,2026-02-19,completed
Item SKU Industrial 428,20,20,1709.8,1709.8,2024-04-29,2024-04-29,completed
Item SKU Industrial 394,31,31,1123.44,1123.44,2025-08-23,2025-08-23,completed
Item SKU Industrial 475,19,19,1608.16,1849.38,2025-10-20,2025-10-20,completed
Item SKU Industrial 130,48,48,4733.28,4733.28,2025-06-20,2025-06-20,completed
Item SKU Industrial 310,3,3,607.74,607.74,2026-05-10,2026-05-12,completed_late
Item SKU Industrial 343,40,40,11049.2,11049.2,2025-01-16,2025-01-16,completed
Item SKU Industrial 201,33,33,7853.67,7853.67,2025-01-31,2025-01-31,completed
Item SKU Industrial 152,27,27,1158.03,1158.03,2025-08-09,2025-08-09,completed
Item SKU Industrial 309,42,42,3546.06,3546.06,2025-10-05,2025-10-05,completed
Item SKU Industrial 490,16,16,714.88,714.88,2026-02-26,2026-02-26,completed
Item SKU Industrial 265,3,3,141.99,141.99,2026-03-14,2026-03-14,completed
Item SKU Industrial 224,13,13,312.52,312.52,2025-04-22,2025-04-30,completed_late
Item SKU Industrial 169,25,25,2217.0,2217.0,2025-02-23,2025-02-23,completed
Item SKU Industrial 359,3,3,187.65,215.8,2025-08-10,2025-08-10,completed
Item SKU Industrial 156,33,33,4269.87,4269.87,2025-08-19,2025-08-19,completed
Item SKU Industrial 293,52,52,1148.16,1148.16,2024-06-01,2024-06-01,completed
Item SKU Industrial 418,17,17,973.42,973.42,2024-06-09,2024-06-09,completed
Item SKU Industrial 95,41,41,12611.6,12611.6,2025-05-11,2025-05-11,completed
Item SKU Industrial 275,2,2,107.76,107.76,2025-02-08,2025-02-10,completed_late
Item SKU Industrial 320,7,7,114.17,114.17,2025-08-23,2025-08-23,completed
Item SKU Industrial 212,22,22,289.52,289.52,2025-01-13,2025-01-13,completed
Item SKU Industrial 3,26,26,191.1,191.1,2024-01-10,2024-01-10,completed
Item SKU Industrial 69,40,40,1443.6,1443.6,2025-02-09,2025-02-09,completed
Item SKU Industrial 146,3,3,234.99,234.99,2024-07-18,2024-07-18,completed
Item SKU Industrial 264,19,19,601.16,691.33,2026-01-21,2026-01-21,completed
Item SKU Industrial 250,19,19,1740.4,1740.4,2026-02-01,2026-02-03,completed_late
Item SKU Industrial 238,33,33,3344.55,3344.55,2026-05-11,2026-05-11,completed
Item SKU Industrial 482,11,11,85.69,85.69,2024-08-24,2024-08-24,completed
Item SKU Industrial 33,40,40,285.6,285.6,2026-02-26,2026-02-26,completed
Item SKU Industrial 72,8,8,2905.6,2905.6,2025-11-22,2025-11-22,completed
Item SKU Industrial 327,9,9,87.21,87.21,2026-02-14,2026-02-14,completed
Item SKU Industrial 9,2,2,390.8,390.8,2025-02-28,2025-02-28,completed
Item SKU Industrial 59,4,4,60.32,60.32,2024-04-28,2024-04-30,completed_late
Item SKU Industrial 476,6,6,63.78,63.78,2025-01-13,2025-01-13,completed
Item SKU Industrial 400,49,49,5894.7,5894.7,2025-11-22,2025-11-22,completed
Item SKU Industrial 54,6,6,205.68,236.53,2026-01-05,2026-01-05,completed
Item SKU Industrial 401,11,11,229.57,229.57,2026-01-22,2026-01-22,completed
Item SKU Industrial 221,14,14,863.38,863.38,2026-05-19,2026-05-19,completed
Item SKU Industrial 406,25,25,2483.0,2483.0,2025-08-28,2025-08-28,completed
Item SKU Industrial 486,42,42,5569.2,5569.2,2025-02-14,2025-02-16,completed_late
Item SKU Industrial 26,13,13,159.64,159.64,2025-09-28,2025-10-06,completed_late
Item SKU Industrial 57,6,6,803.22,803.22,2024-08-11,2024-08-11,completed
Item SKU Industrial 288,34,34,2403.46,2403.46,2024-08-08,2024-08-08,completed
Item SKU Industrial 276,38,38,558.6,558.6,2025-06-14,2025-06-14,completed
Item SKU Industrial 249,39,39,2557.23,2557.23,2025-10-18,2025-10-18,completed
Item SKU Industrial 191,30,30,2685.6,2685.6,2026-04-10,2026-04-10,completed
Item SKU Industrial 399,3,3,161.07,185.23,2024-12-21,2024-12-23,completed_late
Item SKU Industrial 217,26,26,2184.0,2184.0,2025-11-20,2025-11-20,completed
Item SKU Industrial 48,2,2,26.64,26.64,2026-03-28,2026-03-28,completed
Item SKU Industrial 245,53,53,5738.84,5738.84,2025-12-25,2025-12-25,completed
Item SKU Industrial 215,3,3,65.64,65.64,2024-12-29,2024-12-29,completed
Item SKU Industrial 386,47,47,898.64,898.64,2025-05-03,2025-05-03,completed
Item SKU Industrial 382,2,2,155.6,155.6,2024-02-12,2024-02-12,completed
Item SKU Industrial 388,47,47,1149.15,1149.15,2025-11-24,2025-11-26,completed_late
Item SKU Industrial 190,38,38,1750.28,1750.28,2026-05-21,2026-05-21,completed
Item SKU Industrial 261,29,29,1403.31,1403.31,2025-12-11,2025-12-11,completed
Item SKU Industrial 300,49,49,2191.77,2191.77,2025-11-22,2025-11-22,completed
Item SKU Industrial 318,29,29,1947.64,2239.79,2026-03-15,2026-03-15,completed
Item SKU Industrial 485,47,47,577.16,577.16,2026-03-02,2026-03-02,completed
Item SKU Industrial 11,17,17,2727.65,2727.65,2025-08-16,2025-08-16,completed
Item SKU Industrial 289,15,15,342.15,342.15,2026-02-14,2026-02-16,completed_late
Item SKU Industrial 65,11,11,156.09,156.09,2024-01-14,2024-01-14,completed
Item SKU Industrial 459,6,6,109.08,109.08,2024-04-19,2024-04-19,completed
Item SKU Industrial 260,20,20,294.8,294.8,2025-04-25,2025-04-25,completed
Item SKU Industrial 439,24,24,4445.52,4445.52,2026-02-27,2026-02-27,completed
Item SKU Industrial 337,6,6,506.64,506.64,2025-03-03,2025-03-03,completed
Item SKU Industrial 393,42,42,7067.34,7067.34,2025-07-21,2025-07-21,completed
Item SKU Industrial 38,30,30,8706.0,8706.0,2025-10-21,2025-10-23,completed_late
Item SKU Industrial 316,19,19,647.14,744.21,2025-06-28,2025-06-28,completed
Item SKU Industrial 220,14,14,2500.54,2500.54,2024-03-29,2024-04-06,completed_late
Item SKU Industrial 398,47,47,914.15,914.15,2025-12-19,2025-12-19,completed
Item SKU Industrial 141,38,38,304.0,304.0,2025-07-16,2025-07-16,completed
Item SKU Industrial 256,50,50,6326.5,6326.5,2025-10-30,2025-10-30,completed
Item SKU Industrial 482,37,37,288.23,288.23,2026-04-16,2026-04-16,completed
Item SKU Industrial 492,6,6,121.98,121.98,2026-02-08,2026-02-10,completed_late
Item SKU Industrial 396,23,23,390.31,390.31,2026-03-12,2026-03-12,completed
Item SKU Industrial 440,5,5,898.55,898.55,2024-12-15,2024-12-15,completed
Item SKU Industrial 81,4,4,287.12,287.12,2025-09-20,2025-09-20,completed
Item SKU Industrial 277,50,50,3828.5,3828.5,2025-05-17,2025-05-17,completed
Item SKU Industrial 292,42,42,1250.34,1437.89,2024-12-20,2024-12-20,completed
Item SKU Industrial 25,17,17,2350.42,2350.42,2026-03-08,2026-03-08,completed
Item SKU Industrial 95,17,17,5229.2,5229.2,2025-05-18,2025-05-20,completed_late
Item SKU Industrial 104,18,18,5801.22,5801.22,2026-01-04,2026-01-04,completed
Item SKU Industrial 446,6,6,690.0,690.0,2024-10-25,2024-10-25,completed
Item SKU Industrial 400,46,46,5533.8,5533.8,2025-04-10,2025-04-10,completed
Item SKU Industrial 178,44,44,2768.48,2768.48,2025-04-20,2025-04-20,completed
Item SKU Industrial 255,48,48,1195.2,1195.2,2024-09-22,2024-09-22,completed
Item SKU Industrial 159,26,26,1610.44,1610.44,2026-03-12,2026-03-12,completed
Item SKU Industrial 198,4,4,211.08,211.08,2024-05-05,2024-05-07,completed_late
Item SKU Industrial 197,15,15,2293.95,2293.95,2025-01-17,2025-01-17,completed
Item SKU Industrial 369,35,35,1808.8,2080.12,2024-02-27,2024-02-27,completed
Item SKU Industrial 423,16,16,1178.24,1178.24,2025-12-06,2025-12-06,completed
Item SKU Industrial 486,33,33,4375.8,4375.8,2026-03-21,2026-03-21,completed
Item SKU Industrial 219,14,14,541.24,541.24,2024-04-26,2024-04-26,completed
Item SKU Industrial 174,52,52,2978.56,2978.56,2024-08-26,2024-08-26,completed
Item SKU Industrial 199,34,34,3093.66,3093.66,2026-03-15,2026-03-17,completed_late
Item SKU Industrial 97,15,15,5207.25,5207.25,2025-02-10,2025-02-10,completed
Item SKU Industrial 414,42,42,2654.82,2654.82,2026-02-06,2026-02-06,completed
Item SKU Industrial 133,35,35,5504.45,5504.45,2025-07-03,2025-07-11,completed_late
Item SKU Industrial 218,16,16,400.32,400.32,2024-11-11,2024-11-11,completed
Item SKU Industrial 217,23,23,1932.0,1932.0,2025-07-07,2025-07-07,completed
Item SKU Industrial 333,22,22,2948.44,3390.71,2026-01-08,2026-01-08,completed
Item SKU Industrial 319,15,15,388.35,388.35,2025-02-20,2025-02-22,completed_late
Item SKU Industrial 473,49,49,26092.01,26092.01,2025-06-19,2025-06-19,completed
Item SKU Industrial 314,8,8,894.16,894.16,2024-02-25,2024-02-25,completed
Item SKU Industrial 450,40,40,2828.8,2828.8,2024-03-14,2024-03-14,completed
Item SKU Industrial 112,50,50,456.5,456.5,2024-06-24,2024-06-24,completed
Item SKU Industrial 348,16,16,164.0,164.0,2025-07-04,2025-07-04,completed
Item SKU Industrial 260,33,33,486.42,486.42,2024-05-17,2024-05-17,completed
Item SKU Industrial 317,51,51,2332.74,2332.74,2025-12-19,2025-12-21,completed_late
Item SKU Industrial 119,36,36,862.2,862.2,2025-12-28,2025-12-28,completed
Item SKU Industrial 384,9,9,1942.65,1942.65,2026-03-26,2026-03-26,completed
Item SKU Industrial 427,35,35,767.55,882.68,2025-02-15,2025-02-15,completed
Item SKU Industrial 495,19,19,3904.12,3904.12,2025-03-31,2025-03-31,completed
Item SKU Industrial 44,16,16,1815.52,1815.52,2025-03-23,2025-03-23,completed
Item SKU Industrial 372,26,26,1171.04,1171.04,2025-09-18,2025-09-18,completed
Item SKU Industrial 53,51,51,9414.6,9414.6,2026-03-02,2026-03-04,completed_late
Item SKU Industrial 496,42,42,1763.58,1763.58,2026-01-23,2026-01-23,completed
Item SKU Industrial 107,20,20,2173.4,2173.4,2025-11-17,2025-11-17,completed
Item SKU Industrial 19,16,16,1847.68,1847.68,2026-02-12,2026-02-12,completed
Item SKU Industrial 268,45,45,1162.8,1162.8,2026-01-30,2026-01-30,completed
Item SKU Industrial 119,49,49,1173.55,1173.55,2026-03-16,2026-03-16,completed
Item SKU Industrial 441,18,18,1373.4,1373.4,2025-02-27,2025-02-27,completed
Item SKU Industrial 238,1,1,101.35,116.55,2025-11-12,2025-11-14,completed_late
Item SKU Industrial 116,8,8,458.24,458.24,2024-10-18,2024-10-18,completed
Item SKU Industrial 375,14,14,1415.68,1415.68,2026-04-30,2026-04-30,completed
Item SKU Industrial 244,39,39,5547.36,5547.36,2024-10-21,2024-10-21,completed
Item SKU Industrial 102,42,42,557.34,557.34,2025-01-02,2025-01-10,completed_late
Item SKU Industrial 74,36,36,1356.48,1356.48,2024-11-30,2024-11-30,completed
Item SKU Industrial 438,16,16,290.24,290.24,2025-11-25,2025-11-25,completed
Item SKU Industrial 177,11,11,1947.55,1947.55,2024-11-07,2024-11-09,completed_late
Item SKU Industrial 484,42,42,3021.9,3021.9,2026-04-17,2026-04-17,completed
Item SKU Industrial 129,53,53,8707.37,8707.37,2026-05-03,2026-05-03,completed
Item SKU Industrial 26,49,49,601.72,601.72,2026-04-24,2026-04-24,completed
Item SKU Industrial 494,44,44,6249.76,7187.22,2026-01-16,2026-01-16,completed
Item SKU Industrial 251,2,2,87.62,87.62,2026-04-02,2026-04-02,completed
Item SKU Industrial 338,9,9,541.35,541.35,2025-06-30,2025-06-30,completed
Item SKU Industrial 149,24,24,3841.92,3841.92,2025-09-25,2025-09-27,completed_late
Item SKU Industrial 133,51,51,8020.77,8020.77,2025-02-02,2025-02-02,completed
Item SKU Industrial 101,53,53,21691.84,21691.84,2024-11-15,2024-11-15,completed
Item SKU Industrial 446,48,48,5520.0,5520.0,2025-11-30,2025-11-30,completed
Item SKU Industrial 171,48,48,1904.16,1904.16,2024-09-29,2024-09-29,completed
Item SKU Industrial 252,46,46,2915.02,2915.02,2026-05-23,2026-05-23,completed
Item SKU Industrial 393,42,42,7067.34,7067.34,2026-03-09,2026-03-09,completed
Item SKU Industrial 450,49,49,3465.28,3465.28,2024-12-27,2024-12-29,completed_late
Item SKU Industrial 138,20,20,4152.6,4775.49,2025-04-20,2025-04-20,completed
Item SKU Industrial 72,14,14,5084.8,5084.8,2025-07-04,2025-07-04,completed
Item SKU Industrial 192,7,7,357.91,357.91,2024-12-14,2024-12-14,completed
Item SKU Industrial 66,35,35,437.85,437.85,2024-05-27,2024-05-27,completed
Item SKU Industrial 312,16,16,1195.04,1195.04,2024-10-23,2024-10-23,completed
Item SKU Industrial 166,16,16,3886.72,3886.72,2025-01-23,2025-01-23,completed
Item SKU Industrial 458,45,45,714.15,714.15,2024-08-17,2024-08-19,completed_late
Item SKU Industrial 345,14,14,1691.2,1691.2,2024-04-05,2024-04-05,completed
Item SKU Industrial 336,42,42,4736.34,4736.34,2026-01-18,2026-01-18,completed
Item SKU Industrial 134,44,44,9672.08,9672.08,2026-02-26,2026-02-26,completed
Item SKU Industrial 299,35,35,2387.35,2387.35,2026-03-05,2026-03-05,completed
Item SKU Industrial 358,15,15,1408.5,1619.78,2026-04-15,2026-04-23,completed_late
Item SKU Industrial 415,46,46,10683.96,10683.96,2025-09-25,2025-09-25,completed
Item SKU Industrial 75,8,8,98.0,98.0,2024-09-22,2024-09-24,completed_late
Item SKU Industrial 378,40,40,3820.4,3820.4,2026-05-03,2026-05-03,completed
Item SKU Industrial 287,41,41,14933.84,14933.84,2025-09-27,2025-09-27,completed
Item SKU Industrial 97,23,23,7984.45,7984.45,2025-01-09,2025-01-09,completed
Item SKU Industrial 455,6,6,345.3,345.3,2024-09-19,2024-09-19,completed
Item SKU Industrial 242,23,23,211.14,211.14,2025-01-17,2025-01-17,completed
Item SKU Industrial 442,39,39,3516.24,3516.24,2025-12-15,2025-12-15,completed
Item SKU Industrial 384,14,14,3021.9,3021.9,2026-03-10,2026-03-12,completed_late
Item SKU Industrial 308,13,13,264.94,264.94,2026-02-23,2026-02-23,completed
Item SKU Industrial 201,4,4,951.96,1094.75,2024-09-02,2024-09-02,completed
Item SKU Industrial 491,25,25,2051.25,2051.25,2025-12-25,2025-12-25,completed
Item SKU Industrial 224,31,31,745.24,745.24,2024-04-08,2024-04-08,completed
Item SKU Industrial 429,20,20,1540.4,1540.4,2025-08-01,2025-08-01,completed
Item SKU Industrial 74,45,45,1695.6,1695.6,2024-04-27,2024-04-27,completed
Item SKU Industrial 178,6,6,377.52,377.52,2026-02-09,2026-02-11,completed_late
Item SKU Industrial 336,11,11,1240.47,1240.47,2026-05-21,2026-05-21,completed
Item SKU Industrial 28,31,31,1868.37,1868.37,2024-12-14,2024-12-14,completed
Item SKU Industrial 206,51,51,3380.79,3380.79,2024-03-22,2024-03-22,completed
Item SKU Industrial 158,11,11,4446.31,4446.31,2026-05-25,2026-05-25,completed
Item SKU Industrial 30,1,1,43.8,43.8,2026-04-23,2026-04-23,completed
Item SKU Industrial 70,35,35,5311.25,6107.94,2026-03-09,2026-03-09,completed
Item SKU Industrial 187,7,7,168.7,168.7,2025-05-28,2025-05-30,completed_late
Item SKU Industrial 188,4,4,58.04,58.04,2025-03-14,2025-03-14,completed
Item SKU Industrial 188,36,36,522.36,522.36,2025-10-06,2025-10-06,completed
Item SKU Industrial 387,44,44,1400.08,1400.08,2025-12-14,2025-12-14,completed
Item SKU Industrial 8,38,38,3506.26,3506.26,2026-03-30,2026-03-30,completed
Item SKU Industrial 403,5,5,569.4,569.4,2025-01-03,2025-01-03,completed
Item SKU Industrial 335,30,30,3293.7,3293.7,2025-11-15,2025-11-23,completed_late
Item SKU Industrial 110,30,30,2263.5,2263.5,2025-03-03,2025-03-05,completed_late
Item SKU Industrial 453,50,50,2021.5,2021.5,2025-06-05,2025-06-05,completed
Item SKU Industrial 359,29,29,1813.95,1813.95,2024-11-01,2024-11-01,completed
Item SKU Industrial 98,44,44,370.48,426.05,2024-10-19,2024-10-19,completed
Item SKU Industrial 228,6,6,133.98,133.98,2024-02-12,2024-02-12,completed
Item SKU Industrial 90,7,7,1991.43,1991.43,2025-05-18,2025-05-18,completed
Item SKU Industrial 35,53,53,754.19,754.19,2026-05-20,2026-05-20,completed
Item SKU Industrial 380,35,35,664.65,664.65,2025-12-15,2025-12-17,completed_late
Item SKU Industrial 257,2,2,404.76,404.76,2025-07-27,2025-07-27,completed
Item SKU Industrial 10,35,35,4690.7,4690.7,2024-09-14,2024-09-14,completed
Item SKU Industrial 12,5,5,177.55,177.55,2025-09-12,2025-09-12,completed
Item SKU Industrial 285,53,53,4447.76,4447.76,2026-01-01,2026-01-01,completed
Item SKU Industrial 117,19,19,1717.6,1717.6,2025-08-12,2025-08-12,completed
Item SKU Industrial 160,35,35,4559.8,4559.8,2025-09-23,2025-09-23,completed
Item SKU Industrial 455,8,8,460.4,529.46,2025-09-20,2025-09-22,completed_late
Item SKU Industrial 336,30,30,3383.1,3383.1,2026-05-02,2026-05-02,completed
Item SKU Industrial 413,14,14,598.64,598.64,2025-10-09,2025-10-09,completed
Item SKU Industrial 405,31,31,2792.79,2792.79,2025-12-12,2025-12-12,completed
Item SKU Industrial 87,40,40,3683.6,3683.6,2024-03-28,2024-03-28,completed
Item SKU Industrial 126,2,2,200.8,200.8,2025-12-07,2025-12-07,completed
Item SKU Industrial 194,47,47,10356.45,10356.45,2024-03-18,2024-03-18,completed
Item SKU Industrial 211,4,4,118.8,118.8,2025-08-17,2025-08-19,completed_late
Item SKU Industrial 242,24,24,220.32,220.32,2025-12-11,2025-12-11,completed
Item SKU Industrial 490,36,36,1608.48,1608.48,2024-07-15,2024-07-15,completed
Item SKU Industrial 384,24,24,5180.4,5180.4,2025-08-08,2025-08-08,completed
Item SKU Industrial 14,44,44,4602.84,5293.27,2025-03-22,2025-03-22,completed
Item SKU Industrial 61,22,22,2409.44,2409.44,2025-11-16,2025-11-16,completed
Item SKU Industrial 462,22,22,4053.72,4053.72,2026-02-21,2026-02-21,completed
Item SKU Industrial 453,38,38,1536.34,1536.34,2025-09-25,2025-10-03,completed_late
Item SKU Industrial 219,9,9,347.94,347.94,2024-09-15,2024-09-15,completed
Item SKU Industrial 360,40,40,1736.0,1736.0,2025-08-18,2025-08-18,completed
Item SKU Industrial 48,3,3,39.96,39.96,2025-07-18,2025-07-18,completed
Item SKU Industrial 463,42,42,1915.2,1915.2,2024-05-05,2024-05-05,completed
Item SKU Industrial 421,49,49,9934.26,9934.26,2024-09-26,2024-09-26,completed
Item SKU Industrial 156,24,24,3105.36,3105.36,2026-01-23,2026-01-23,completed
Item SKU Industrial 38,39,39,11317.8,11317.8,2024-02-18,2024-02-20,completed_late
Item SKU Industrial 107,45,45,4890.15,5623.67,2025-11-10,2025-11-10,completed
Item SKU Industrial 260,15,15,221.1,221.1,2024-08-11,2024-08-11,completed
Item SKU Industrial 408,27,27,831.6,831.6,2025-09-23,2025-09-23,completed
Item SKU Industrial 277,1,1,76.57,76.57,2024-01-26,2024-01-26,completed
Item SKU Industrial 114,48,48,11739.84,11739.84,2026-05-17,2026-05-17,completed
Item SKU Industrial 484,41,41,2949.95,2949.95,2025-04-21,2025-04-21,completed
Item SKU Industrial 220,31,31,5536.91,5536.91,2026-04-23,2026-04-25,completed_late
Item SKU Industrial 28,14,14,843.78,843.78,2025-02-01,2025-02-01,completed
Item SKU Industrial 32,23,23,1136.66,1136.66,2026-03-23,2026-03-23,completed
Item SKU Industrial 88,9,9,1083.96,1083.96,2025-11-23,2025-11-23,completed
Item SKU Industrial 456,3,3,73.62,73.62,2026-05-05,2026-05-05,completed
Item SKU Industrial 391,34,34,2406.52,2767.5,2024-12-26,2024-12-26,completed
Item SKU Industrial 110,16,16,1207.2,1207.2,2026-01-05,2026-01-05,completed
Item SKU Industrial 442,7,7,631.12,631.12,2026-05-04,2026-05-06,completed_late
Item SKU Industrial 379,13,13,461.37,461.37,2026-04-06,2026-04-06,completed
Item SKU Industrial 60,34,34,430.1,430.1,2025-08-31,2025-08-31,completed
Item SKU Industrial 61,45,45,4928.4,4928.4,2024-02-29,2024-02-29,completed
Item SKU Industrial 385,47,47,6532.06,6532.06,2025-05-17,2025-05-17,completed
Item SKU Industrial 256,13,13,1644.89,1644.89,2025-05-04,2025-05-04,completed
Item SKU Industrial 376,50,50,650.5,650.5,2024-06-03,2024-06-03,completed
Item SKU Industrial 366,35,35,1920.8,1920.8,2024-10-12,2024-10-14,completed_late
Item SKU Industrial 35,37,37,526.51,526.51,2026-03-09,2026-03-17,completed_late
Item SKU Industrial 470,9,9,178.56,205.34,2025-12-26,2025-12-26,completed
Item SKU Industrial 27,37,37,8174.04,8174.04,2024-04-14,2024-04-14,completed
Item SKU Industrial 239,30,30,423.6,423.6,2026-03-19,2026-03-19,completed
Item SKU Industrial 67,11,11,3316.83,3316.83,2024-12-09,2024-12-09,completed
Item SKU Industrial 229,31,31,414.78,414.78,2025-11-07,2025-11-07,completed
Item SKU Industrial 162,29,29,4517.62,4517.62,2024-11-14,2024-11-16,completed_late
Item SKU Industrial 270,14,14,242.06,242.06,2026-04-18,2026-04-18,completed
Item SKU Industrial 178,50,50,3146.0,3146.0,2026-01-10,2026-01-10,completed
Item SKU Industrial 272,36,36,3369.96,3369.96,2024-02-05,2024-02-05,completed
Item SKU Industrial 248,6,6,266.82,266.82,2025-10-22,2025-10-22,completed
Item SKU Industrial 301,13,13,4086.03,4086.03,2025-09-19,2025-09-19,completed
Item SKU Industrial 332,5,5,195.05,224.31,2024-09-28,2024-09-28,completed
Item SKU Industrial 128,6,6,195.48,195.48,2024-01-19,2024-01-21,completed_late
Item SKU Industrial 345,15,15,1812.0,1812.0,2026-02-27,2026-02-27,completed
Item SKU Industrial 95,36,36,11073.6,11073.6,2026-02-19,2026-02-19,completed
Item SKU Industrial 482,9,9,70.11,70.11,2024-07-14,2024-07-14,completed
Item SKU Industrial 309,13,13,1097.59,1097.59,2024-11-20,2024-11-20,completed
Item SKU Industrial 167,28,28,2703.4,2703.4,2024-03-03,2024-03-03,completed
Item SKU Industrial 254,45,45,441.9,441.9,2025-11-30,2025-11-30,completed
Item SKU Industrial 23,24,24,1048.32,1048.32,2024-06-20,2024-06-22,completed_late
Item SKU Industrial 276,24,24,352.8,352.8,2024-12-30,2024-12-30,completed
Item SKU Industrial 119,13,13,311.35,311.35,2026-03-21,2026-03-21,completed
Item SKU Industrial 4,37,37,5696.15,6550.57,2026-03-05,2026-03-05,completed
Item SKU Industrial 385,6,6,833.88,833.88,2024-02-11,2024-02-11,completed
Item SKU Industrial 223,5,5,110.5,110.5,2026-03-16,2026-03-16,completed
Item SKU Industrial 164,2,2,117.22,117.22,2026-03-26,2026-03-26,completed
Item SKU Industrial 337,17,17,1435.48,1435.48,2026-05-09,2026-05-11,completed_late
Item SKU Industrial 296,53,53,1066.89,1066.89,2025-07-08,2025-07-08,completed
Item SKU Industrial 245,7,7,757.96,757.96,2024-07-28,2024-08-05,completed_late
Item SKU Industrial 437,28,28,3703.84,3703.84,2025-05-23,2025-05-23,completed
Item SKU Industrial 433,25,25,4739.75,4739.75,2025-10-04,2025-10-04,completed
Item SKU Industrial 308,14,14,285.32,285.32,2024-08-25,2024-08-25,completed
Item SKU Industrial 127,53,53,3300.84,3300.84,2025-09-21,2025-09-21,completed
Item SKU Industrial 66,33,33,412.83,474.75,2025-08-08,2025-08-10,completed_late
Item SKU Industrial 444,18,18,205.92,205.92,2026-02-20,2026-02-20,completed
Item SKU Industrial 411,29,29,6353.03,6353.03,2025-04-12,2025-04-12,completed
Item SKU Industrial 385,14,14,1945.72,1945.72,2025-08-22,2025-08-22,completed
Item SKU Industrial 360,24,24,1041.6,1041.6,2026-04-13,2026-04-13,completed
Item SKU Industrial 15,17,17,2052.92,2052.92,2026-04-24,2026-04-24,completed
Item SKU Industrial 27,45,45,9941.4,9941.4,2024-09-13,2024-09-13,completed
Item SKU Industrial 494,33,33,4687.32,4687.32,2024-12-30,2025-01-01,completed_late
Item SKU Industrial 477,24,24,2903.28,2903.28,2024-02-11,2024-02-11,completed
Item SKU Industrial 190,30,30,1381.8,1381.8,2024-11-18,2024-11-18,completed
Item SKU Industrial 372,46,46,2071.84,2071.84,2025-09-05,2025-09-05,completed
Item SKU Industrial 75,30,30,367.5,422.62,2025-09-01,2025-09-01,completed
Item SKU Industrial 152,6,6,257.34,257.34,2025-08-10,2025-08-10,completed
Item SKU Industrial 127,51,51,3176.28,3176.28,2026-03-26,2026-03-26,completed
Item SKU Industrial 312,31,31,2315.39,2315.39,2026-01-08,2026-01-10,completed_late
Item SKU Industrial 407,6,6,426.42,426.42,2026-01-22,2026-01-22,completed
Item SKU Industrial 464,50,50,4025.0,4025.0,2024-08-02,2024-08-02,completed
Item SKU Industrial 322,38,38,1110.36,1110.36,2026-01-24,2026-01-24,completed
Item SKU Industrial 482,52,52,405.08,405.08,2024-12-08,2024-12-08,completed
Item SKU Industrial 118,14,14,385.7,385.7,2024-09-21,2024-09-21,completed
Item SKU Industrial 42,29,29,917.27,917.27,2026-03-02,2026-03-02,completed
Item SKU Industrial 300,49,49,2191.77,2191.77,2025-02-27,2025-03-01,completed_late
Item SKU Industrial 355,7,7,135.45,155.77,2025-01-10,2025-01-10,completed
Item SKU Industrial 280,44,44,2537.92,2537.92,2026-04-23,2026-04-23,completed
Item SKU Industrial 420,1,1,7.19,7.19,2024-02-22,2024-03-01,completed_late
Item SKU Industrial 228,35,35,781.55,781.55,2024-01-29,2024-01-29,completed
Item SKU Industrial 374,50,50,8660.0,8660.0,2024-04-01,2024-04-01,completed
Item SKU Industrial 467,45,45,3874.05,3874.05,2025-03-07,2025-03-07,completed
Item SKU Industrial 454,2,2,253.12,253.12,2025-05-09,2025-05-11,completed_late
Item SKU Industrial 373,15,15,1008.0,1008.0,2025-12-29,2025-12-29,completed
Item SKU Industrial 266,18,18,149.22,149.22,2026-05-09,2026-05-09,completed
Item SKU Industrial 135,31,31,3414.96,3414.96,2025-09-12,2025-09-12,completed
Item SKU Industrial 92,27,27,863.73,863.73,2025-08-15,2025-08-15,completed
Item SKU Industrial 104,24,24,7734.96,8895.2,2026-02-28,2026-02-28,completed
Item SKU Industrial 484,49,49,3525.55,3525.55,2026-03-03,2026-03-03,completed
Item SKU Industrial 450,41,41,2899.52,2899.52,2024-03-29,2024-03-31,completed_late
Item SKU Industrial 490,8,8,357.44,357.44,2024-12-20,2024-12-20,completed
Item SKU Industrial 355,33,33,638.55,638.55,2025-11-15,2025-11-15,completed
Item SKU Industrial 246,6,6,132.84,132.84,2024-04-03,2024-04-03,completed
Item SKU Industrial 367,17,17,579.7,579.7,2026-04-06,2026-04-06,completed
Item SKU Industrial 448,6,6,222.36,222.36,2024-10-08,2024-10-08,completed
Item SKU Industrial 142,22,22,927.3,927.3,2025-11-24,2025-11-24,completed
Item SKU Industrial 170,1,1,85.59,85.59,2024-12-17,2024-12-19,completed_late
Item SKU Industrial 388,13,13,317.85,317.85,2026-04-05,2026-04-05,completed
Item SKU Industrial 15,19,19,2294.44,2638.61,2025-11-30,2025-11-30,completed
Item SKU Industrial 406,46,46,4568.72,4568.72,2025-02-08,2025-02-08,completed
Item SKU Industrial 296,30,30,603.9,603.9,2026-04-04,2026-04-04,completed
Item SKU Industrial 395,31,31,4590.17,4590.17,2025-11-16,2025-11-16,completed
Item SKU Industrial 18,47,47,2049.2,2049.2,2025-12-04,2025-12-04,completed
Item SKU Industrial 29,33,33,4629.24,4629.24,2025-11-29,2025-12-01,completed_late
Item SKU Industrial 212,2,2,26.32,26.32,2025-12-29,2025-12-29,completed
Item SKU Industrial 207,26,26,9321.52,9321.52,2026-01-11,2026-01-11,completed
Item SKU Industrial 71,23,23,5361.07,5361.07,2025-02-14,2025-02-14,completed
Item SKU Industrial 256,5,5,632.65,632.65,2024-05-23,2024-05-31,completed_late
Item SKU Industrial 420,24,24,172.56,172.56,2025-11-07,2025-11-07,completed
Item SKU Industrial 357,51,51,8698.56,10003.34,2026-01-14,2026-01-14,completed
Item SKU Industrial 61,1,1,109.52,109.52,2026-04-23,2026-04-25,completed_late
Item SKU Industrial 296,40,40,805.2,805.2,2025-04-06,2025-04-06,completed
Item SKU Industrial 451,42,42,7970.34,7970.34,2025-06-15,2025-06-15,completed
Item SKU Industrial 325,44,44,2791.36,2791.36,2024-12-13,2024-12-13,completed
Item SKU Industrial 421,26,26,5271.24,5271.24,2026-04-25,2026-04-25,completed
Item SKU Industrial 285,9,9,755.28,755.28,2024-09-08,2024-09-08,completed
Item SKU Industrial 498,23,23,2196.96,2196.96,2024-04-29,2024-04-29,completed
Item SKU Industrial 444,38,38,434.72,434.72,2025-03-01,2025-03-03,completed_late
Item SKU Industrial 139,49,49,7966.91,7966.91,2026-03-30,2026-03-30,completed
Item SKU Industrial 57,45,45,6024.15,6024.15,2026-03-20,2026-03-20,completed
Item SKU Industrial 167,19,19,1834.45,2109.62,2026-05-11,2026-05-11,completed
Item SKU Industrial 232,4,4,101.36,101.36,2024-07-20,2024-07-20,completed
Item SKU Industrial 409,28,28,1205.68,1205.68,2025-11-16,2025-11-16,completed
Item SKU Industrial 2,11,11,1528.45,1528.45,2025-12-21,2025-12-21,completed
Item SKU Industrial 198,45,45,2374.65,2374.65,2026-01-17,2026-01-19,completed_late
Item SKU Industrial 192,27,27,1380.51,1380.51,2024-12-30,2024-12-30,completed
Item SKU Industrial 98,51,51,429.42,429.42,2025-10-16,2025-10-16,completed
Item SKU Industrial 51,22,22,1624.04,1624.04,2025-09-22,2025-09-22,completed
Item SKU Industrial 302,45,45,746.55,746.55,2024-07-24,2024-07-24,completed
Item SKU Industrial 474,26,26,1582.36,1582.36,2025-02-08,2025-02-08,completed
Item SKU Industrial 30,8,8,350.4,350.4,2024-09-13,2024-09-13,completed
Item SKU Industrial 234,14,14,931.42,1071.13,2026-03-27,2026-03-29,completed_late
Item SKU Industrial 319,37,37,957.93,957.93,2025-11-15,2025-11-15,completed
Item SKU Industrial 66,20,20,250.2,250.2,2025-01-18,2025-01-18,completed
Item SKU Industrial 499,4,4,195.36,195.36,2025-02-13,2025-02-13,completed
Item SKU Industrial 283,42,42,1745.1,1745.1,2025-10-09,2025-10-09,completed
Item SKU Industrial 423,3,3,220.92,220.92,2026-03-13,2026-03-21,completed_late
Item SKU Industrial 287,44,44,16026.56,16026.56,2025-03-16,2025-03-16,completed
Item SKU Industrial 356,49,49,945.21,945.21,2024-01-12,2024-01-14,completed_late
Item SKU Industrial 43,49,49,2178.05,2178.05,2026-01-08,2026-01-08,completed
Item SKU Industrial 288,37,37,2615.53,2615.53,2024-02-17,2024-02-17,completed
Item SKU Industrial 221,37,37,2281.79,2281.79,2026-03-14,2026-03-14,completed
Item SKU Industrial 364,11,11,639.54,735.47,2025-12-01,2025-12-01,completed
Item SKU Industrial 68,18,18,697.5,697.5,2025-01-24,2025-01-24,completed
Item SKU Industrial 86,17,17,294.95,294.95,2024-09-28,2024-09-28,completed
Item SKU Industrial 459,51,51,927.18,927.18,2025-04-07,2025-04-09,completed_late
Item SKU Industrial 302,15,15,248.85,248.85,2024-11-18,2024-11-18,completed
Item SKU Industrial 324,27,27,540.27,540.27,2025-01-11,2025-01-11,completed
Item SKU Industrial 442,19,19,1713.04,1713.04,2025-02-05,2025-02-05,completed
Item SKU Industrial 276,37,37,543.9,543.9,2026-01-24,2026-01-24,completed
Item SKU Industrial 375,30,30,3033.6,3033.6,2024-11-15,2024-11-15,completed
Item SKU Industrial 427,46,46,1008.78,1008.78,2024-05-27,2024-05-27,completed
Item SKU Industrial 471,5,5,279.85,279.85,2026-01-30,2026-02-01,completed_late
Item SKU Industrial 390,27,27,202.23,232.56,2024-07-27,2024-07-27,completed
Item SKU Industrial 440,50,50,8985.5,8985.5,2025-12-23,2025-12-23,completed
Item SKU Industrial 500,5,5,34.85,34.85,2026-03-30,2026-03-30,completed
Item SKU Industrial 77,22,22,1556.94,1556.94,2025-04-26,2025-04-26,completed
Item SKU Industrial 292,2,2,59.54,59.54,2026-03-21,2026-03-21,completed
Item SKU Industrial 309,29,29,2448.47,2448.47,2024-12-26,2024-12-26,completed
Item SKU Industrial 266,24,24,198.96,198.96,2026-02-15,2026-02-17,completed_late
Item SKU Industrial 465,33,33,3045.9,3045.9,2024-10-10,2024-10-10,completed
Item SKU Industrial 226,22,22,436.92,436.92,2025-03-09,2025-03-09,completed
Item SKU Industrial 17,7,7,285.18,285.18,2025-10-17,2025-10-17,completed
Item SKU Industrial 29,13,13,1823.64,1823.64,2024-07-29,2024-07-29,completed
Item SKU Industrial 372,6,6,270.24,310.78,2025-08-08,2025-08-08,completed
Item SKU Industrial 174,19,19,1088.32,1088.32,2026-05-22,2026-05-30,completed_late
Item SKU Industrial 160,51,51,6644.28,6644.28,2025-12-01,2025-12-03,completed_late
Item SKU Industrial 351,3,3,426.63,426.63,2025-08-11,2025-08-11,completed
Item SKU Industrial 94,19,19,519.08,519.08,2025-04-18,2025-04-18,completed
Item SKU Industrial 103,50,50,3258.0,3258.0,2026-03-28,2026-03-28,completed
Item SKU Industrial 122,8,8,703.36,703.36,2025-09-21,2025-09-21,completed
Item SKU Industrial 70,49,49,7435.75,7435.75,2026-02-05,2026-02-05,completed
Item SKU Industrial 220,3,3,535.83,535.83,2025-07-02,2025-07-02,completed
Item SKU Industrial 471,1,1,55.97,55.97,2025-09-18,2025-09-20,completed_late
Item SKU Industrial 417,20,20,1369.0,1369.0,2026-03-25,2026-03-25,completed
Item SKU Industrial 125,2,2,743.6,855.14,2025-05-18,2025-05-18,completed
Item SKU Industrial 247,7,7,167.44,167.44,2026-01-02,2026-01-02,completed
Item SKU Industrial 424,2,2,193.74,193.74,2026-01-01,2026-01-01,completed
Item SKU Industrial 212,37,37,486.92,486.92,2026-05-10,2026-05-10,completed
Item SKU Industrial 476,45,45,478.35,478.35,2025-12-04,2025-12-04,completed
Item SKU Industrial 481,20,20,536.6,536.6,2024-03-07,2024-03-09,completed_late
Item SKU Industrial 442,11,11,991.76,991.76,2025-08-09,2025-08-09,completed
Item SKU Industrial 392,18,18,2136.78,2136.78,2025-11-29,2025-11-29,completed
Item SKU Industrial 338,23,23,1383.45,1383.45,2024-11-14,2024-11-14,completed
Item SKU Industrial 258,52,52,3214.64,3214.64,2025-08-27,2025-08-27,completed
Item SKU Industrial 460,27,27,1858.41,1858.41,2026-03-26,2026-03-26,completed
Item SKU Industrial 192,14,14,715.82,823.19,2026-02-01,2026-02-01,completed
Item SKU Industrial 389,52,52,5278.52,5278.52,2025-10-05,2025-10-07,completed_late
Item SKU Industrial 349,2,2,241.88,241.88,2025-06-06,2025-06-06,completed
Item SKU Industrial 339,18,18,855.18,855.18,2025-01-27,2025-01-27,completed
Item SKU Industrial 407,49,49,3482.43,3482.43,2025-09-04,2025-09-04,completed
Item SKU Industrial 407,14,14,994.98,994.98,2025-12-05,2025-12-05,completed
Item SKU Industrial 15,41,41,4951.16,4951.16,2024-04-15,2024-04-15,completed
Item SKU Industrial 376,23,23,299.23,299.23,2026-01-18,2026-01-18,completed
Item SKU Industrial 483,34,34,1715.3,1715.3,2024-05-30,2024-06-07,completed_late
Item SKU Industrial 43,33,33,1466.85,1466.85,2026-03-29,2026-03-29,completed
Item SKU Industrial 299,13,13,886.73,886.73,2025-11-22,2025-11-22,completed
Item SKU Industrial 378,28,28,2674.28,3075.42,2026-04-12,2026-04-12,completed
Item SKU Industrial 232,2,2,50.68,50.68,2024-05-23,2024-05-23,completed
Item SKU Industrial 429,51,51,3928.02,3928.02,2025-12-19,2025-12-19,completed
Item SKU Industrial 253,15,15,1740.6,1740.6,2025-07-19,2025-07-19,completed
Item SKU Industrial 363,20,20,3051.2,3051.2,2025-12-13,2025-12-15,completed_late
Item SKU Industrial 136,51,51,4416.09,4416.09,2025-09-22,2025-09-22,completed
Item SKU Industrial 234,2,2,133.06,133.06,2025-06-19,2025-06-19,completed
Item SKU Industrial 12,49,49,1739.99,1739.99,2026-03-09,2026-03-09,completed
Item SKU Industrial 461,28,28,1288.0,1288.0,2025-08-18,2025-08-18,completed
Item SKU Industrial 119,28,28,670.6,670.6,2024-12-15,2024-12-15,completed
Item SKU Industrial 27,47,47,10383.24,10383.24,2026-04-17,2026-04-17,completed
Item SKU Industrial 428,44,44,3761.56,4325.79,2026-01-23,2026-01-25,completed_late
Item SKU Industrial 479,13,13,2224.3,2224.3,2024-09-23,2024-09-23,completed
Item SKU Industrial 50,13,13,137.67,137.67,2025-04-20,2025-04-20,completed
Item SKU Industrial 361,31,31,4706.42,4706.42,2025-08-11,2025-08-11,completed
Item SKU Industrial 151,40,40,2715.2,2715.2,2025-08-28,2025-08-28,completed
Item SKU Industrial 173,6,6,504.66,504.66,2024-08-11,2024-08-11,completed
Item SKU Industrial 258,4,4,247.28,247.28,2025-04-07,2025-04-07,completed
Item SKU Industrial 361,13,13,1973.66,1973.66,2025-02-05,2025-02-07,completed_late
Item SKU Industrial 479,3,3,513.3,513.3,2026-02-10,2026-02-10,completed
Item SKU Industrial 438,12,12,217.68,217.68,2025-07-19,2025-07-19,completed
Item SKU Industrial 70,45,45,6828.75,6828.75,2025-04-04,2025-04-04,completed
Item SKU Industrial 261,36,36,1742.04,2003.35,2024-07-20,2024-07-20,completed
Item SKU Industrial 3,15,15,110.25,110.25,2025-04-12,2025-04-12,completed
Item SKU Industrial 110,45,45,3395.25,3395.25,2024-06-28,2024-06-28,completed
Item SKU Industrial 68,8,8,310.0,310.0,2025-05-04,2025-05-06,completed_late
Item SKU Industrial 126,11,11,1104.4,1104.4,2025-02-09,2025-02-17,completed_late
Item SKU Industrial 321,40,40,2797.6,2797.6,2024-03-21,2024-03-21,completed
Item SKU Industrial 324,44,44,880.44,880.44,2026-04-05,2026-04-05,completed
Item SKU Industrial 474,8,8,486.88,486.88,2025-04-10,2025-04-10,completed
Item SKU Industrial 411,13,13,2847.91,2847.91,2024-03-21,2024-03-21,completed
Item SKU Industrial 186,24,24,2985.6,2985.6,2025-11-10,2025-11-10,completed
Item SKU Industrial 128,30,30,977.4,977.4,2025-08-22,2025-08-24,completed_late
Item SKU Industrial 49,41,41,2680.58,3082.67,2025-08-16,2025-08-16,completed
Item SKU Industrial 184,38,38,4208.88,4208.88,2025-01-12,2025-01-12,completed
Item SKU Industrial 268,16,16,413.44,413.44,2024-11-17,2024-11-17,completed
Item SKU Industrial 293,35,35,772.8,772.8,2025-11-09,2025-11-09,completed
Item SKU Industrial 67,34,34,10252.02,10252.02,2025-11-08,2025-11-08,completed
Item SKU Industrial 296,50,50,1006.5,1006.5,2026-05-21,2026-05-21,completed
Item SKU Industrial 28,47,47,2832.69,2832.69,2024-10-18,2024-10-20,completed_late
Item SKU Industrial 61,25,25,2738.0,2738.0,2026-03-23,2026-03-23,completed
Item SKU Industrial 404,16,16,1698.4,1698.4,2024-12-30,2024-12-30,completed
Item SKU Industrial 203,13,13,2982.2,2982.2,2024-08-31,2024-08-31,completed
Item SKU Industrial 375,38,38,3842.56,3842.56,2025-12-20,2025-12-20,completed
Item SKU Industrial 1,51,51,2230.74,2565.35,2026-01-10,2026-01-10,completed
Item SKU Industrial 496,48,48,2015.52,2015.52,2026-03-29,2026-03-29,completed
Item SKU Industrial 269,38,38,1236.14,1236.14,2026-03-11,2026-03-13,completed_late
Item SKU Industrial 85,38,38,657.4,657.4,2025-02-07,2025-02-07,completed
Item SKU Industrial 234,4,4,266.12,266.12,2024-12-12,2024-12-12,completed
Item SKU Industrial 112,11,11,100.43,100.43,2025-03-15,2025-03-15,completed
Item SKU Industrial 404,20,20,2123.0,2123.0,2025-08-14,2025-08-14,completed
Item SKU Industrial 276,5,5,73.5,73.5,2024-11-04,2024-11-04,completed
Item SKU Industrial 345,6,6,724.8,724.8,2024-06-08,2024-06-08,completed
Item SKU Industrial 218,41,41,1025.82,1025.82,2024-12-14,2024-12-16,completed_late
Item SKU Industrial 164,47,47,2754.67,2754.67,2025-09-01,2025-09-01,completed
Item SKU Industrial 158,52,52,21018.92,24171.76,2026-01-15,2026-01-23,completed_late
Item SKU Industrial 392,16,16,1899.36,1899.36,2026-04-24,2026-04-24,completed
Item SKU Industrial 343,53,53,14640.19,14640.19,2026-03-08,2026-03-08,completed
Item SKU Industrial 139,22,22,3576.98,3576.98,2025-02-22,2025-02-22,completed
Item SKU Industrial 324,12,12,240.12,240.12,2025-02-20,2025-02-20,completed
Item SKU Industrial 464,13,13,1046.5,1046.5,2025-03-06,2025-03-08,completed_late
Item SKU Industrial 241,48,48,11485.44,11485.44,2025-10-05,2025-10-05,completed
Item SKU Industrial 180,24,24,4634.4,4634.4,2026-04-16,2026-04-16,completed
Item SKU Industrial 239,49,49,691.88,691.88,2024-05-09,2024-05-09,completed
Item SKU Industrial 397,42,42,6184.92,6184.92,2024-03-03,2024-03-03,completed
Item SKU Industrial 102,24,24,318.48,318.48,2024-01-29,2024-01-29,completed
Item SKU Industrial 62,42,42,462.0,531.3,2025-05-10,2025-05-10,completed
Item SKU Industrial 441,6,6,457.8,457.8,2026-03-30,2026-04-01,completed_late
Item SKU Industrial 500,31,31,216.07,216.07,2025-06-18,2025-06-18,completed
Item SKU Industrial 71,20,20,4661.8,4661.8,2026-01-31,2026-01-31,completed
Item SKU Industrial 193,48,48,2184.48,2184.48,2025-07-19,2025-07-19,completed
Item SKU Industrial 10,16,16,2144.32,2144.32,2026-04-12,2026-04-12,completed
Item SKU Industrial 310,20,20,4051.6,4051.6,2024-10-18,2024-10-18,completed
Item SKU Industrial 431,38,38,4908.46,4908.46,2025-10-02,2025-10-02,completed
Item SKU Industrial 29,20,20,2805.6,2805.6,2024-05-26,2024-05-28,completed_late
Item SKU Industrial 171,5,5,198.35,198.35,2025-03-27,2025-03-27,completed
Item SKU Industrial 217,30,30,2520.0,2520.0,2025-05-18,2025-05-18,completed
Item SKU Industrial 275,7,7,377.16,433.73,2025-09-11,2025-09-11,completed
Item SKU Industrial 165,9,9,125.46,125.46,2024-10-03,2024-10-03,completed
Item SKU Industrial 318,11,11,738.76,738.76,2024-05-05,2024-05-05,completed
Item SKU Industrial 40,24,24,2199.84,2199.84,2025-04-08,2025-04-08,completed
Item SKU Industrial 343,4,4,1104.92,1104.92,2024-03-23,2024-03-25,completed_late
Item SKU Industrial 39,38,38,2979.2,2979.2,2025-04-18,2025-04-18,completed
Item SKU Industrial 160,17,17,2214.76,2214.76,2024-12-13,2024-12-13,completed
Item SKU Industrial 286,26,26,1037.14,1037.14,2025-11-09,2025-11-17,completed_late
Item SKU Industrial 3,6,6,44.1,44.1,2026-03-22,2026-03-22,completed
Item SKU Industrial 380,8,8,151.92,151.92,2024-08-02,2024-08-02,completed
Item SKU Industrial 165,15,15,209.1,209.1,2025-11-17,2025-11-17,completed
Item SKU Industrial 483,18,18,908.1,1044.32,2024-05-30,2024-06-01,completed_late
Item SKU Industrial 15,29,29,3502.04,3502.04,2025-01-09,2025-01-09,completed
Item SKU Industrial 86,34,34,589.9,589.9,2024-09-02,2024-09-02,completed
Item SKU Industrial 423,28,28,2061.92,2061.92,2025-11-22,2025-11-22,completed
Item SKU Industrial 246,28,28,619.92,619.92,2024-10-10,2024-10-10,completed
Item SKU Industrial 83,23,23,1493.39,1493.39,2025-10-11,2025-10-11,completed
Item SKU Industrial 457,30,30,1613.7,1613.7,2025-03-24,2025-03-24,completed
Item SKU Industrial 52,12,12,709.08,709.08,2026-01-24,2026-01-26,completed_late
Item SKU Industrial 435,12,12,185.4,185.4,2026-01-26,2026-01-26,completed
Item SKU Industrial 346,24,24,4765.2,4765.2,2025-03-06,2025-03-06,completed
Item SKU Industrial 48,26,26,346.32,346.32,2026-03-29,2026-03-29,completed
Item SKU Industrial 417,16,16,1095.2,1259.48,2025-12-12,2025-12-12,completed
Item SKU Industrial 259,31,31,1880.46,1880.46,2024-03-14,2024-03-14,completed
Item SKU Industrial 215,4,4,87.52,87.52,2025-11-24,2025-11-24,completed
Item SKU Industrial 447,3,3,18.3,18.3,2024-06-30,2024-07-02,completed_late
Item SKU Industrial 21,19,19,4720.17,4720.17,2024-12-20,2024-12-20,completed
Item SKU Industrial 78,38,38,1730.52,1730.52,2024-11-16,2024-11-16,completed
Item SKU Industrial 181,24,24,1010.64,1010.64,2025-12-18,2025-12-18,completed
Item SKU Industrial 332,53,53,2067.53,2067.53,2024-12-02,2024-12-02,completed
Item SKU Industrial 461,30,30,1380.0,1380.0,2025-05-22,2025-05-22,completed
Item SKU Industrial 495,22,22,4520.56,4520.56,2025-08-02,2025-08-02,completed
Item SKU Industrial 296,9,9,181.17,181.17,2025-07-11,2025-07-13,completed_late
Item SKU Industrial 323,30,30,2129.1,2448.46,2024-09-23,2024-09-23,completed
Item SKU Industrial 405,40,40,3603.6,3603.6,2024-11-25,2024-11-25,completed
Item SKU Industrial 155,41,41,7347.61,7347.61,2024-11-25,2024-11-25,completed
Item SKU Industrial 463,23,23,1048.8,1048.8,2024-04-14,2024-04-22,completed_late
Item SKU Industrial 8,16,16,1476.32,1476.32,2024-03-01,2024-03-01,completed
Item SKU Industrial 450,8,8,565.76,565.76,2024-06-22,2024-06-22,completed
Item SKU Industrial 390,4,4,29.96,29.96,2026-01-19,2026-01-21,completed_late
Item SKU Industrial 137,42,42,2451.96,2451.96,2024-02-17,2024-02-17,completed
Item SKU Industrial 61,9,9,985.68,985.68,2025-04-14,2025-04-14,completed
Item SKU Industrial 110,2,2,150.9,150.9,2024-02-26,2024-02-26,completed
Item SKU Industrial 466,41,41,243.54,243.54,2025-12-08,2025-12-08,completed
Item SKU Industrial 270,11,11,190.19,218.72,2024-01-15,2024-01-15,completed
Item SKU Industrial 57,40,40,5354.8,5354.8,2026-02-23,2026-02-23,completed
Item SKU Industrial 100,2,2,129.08,129.08,2025-09-19,2025-09-21,completed_late
Item SKU Industrial 456,11,11,269.94,269.94,2025-10-05,2025-10-05,completed
Item SKU Industrial 470,18,18,357.12,357.12,2025-01-25,2025-01-25,completed
Item SKU Industrial 358,45,45,4225.5,4225.5,2025-03-15,2025-03-15,completed
Item SKU Industrial 321,49,49,3427.06,3427.06,2025-01-09,2025-01-09,completed
Item SKU Industrial 420,51,51,366.69,366.69,2025-05-12,2025-05-12,completed
Item SKU Industrial 462,29,29,5343.54,5343.54,2026-05-17,2026-05-17,completed
Item SKU Industrial 213,38,38,741.0,741.0,2025-04-25,2025-04-27,completed_late
Item SKU Industrial 407,25,25,1776.75,1776.75,2025-01-11,2025-01-11,completed
Item SKU Industrial 396,7,7,118.79,136.61,2024-07-13,2024-07-13,completed
Item SKU Industrial 23,33,33,1441.44,1441.44,2024-08-25,2024-08-25,completed
Item SKU Industrial 68,39,39,1511.25,1511.25,2026-01-26,2026-01-26,completed
Item SKU Industrial 240,4,4,810.6,810.6,2025-11-09,2025-11-09,completed
Item SKU Industrial 59,45,45,678.6,678.6,2026-02-05,2026-02-05,completed
Item SKU Industrial 73,11,11,1327.59,1327.59,2024-12-06,2024-12-08,completed_late
Item SKU Industrial 231,23,23,1069.27,1069.27,2025-08-16,2025-08-16,completed
Item SKU Industrial 93,46,46,8262.06,8262.06,2026-03-21,2026-03-21,completed
Item SKU Industrial 211,1,1,29.7,29.7,2024-02-04,2024-02-04,completed
Item SKU Industrial 164,23,23,1348.03,1348.03,2026-03-25,2026-03-25,completed
Item SKU Industrial 356,6,6,115.74,115.74,2026-03-30,2026-04-07,completed_late
Item SKU Industrial 103,24,24,1563.84,1798.42,2025-07-24,2025-07-24,completed
Item SKU Industrial 453,16,16,646.88,646.88,2026-01-08,2026-01-10,completed_late
Item SKU Industrial 438,45,45,816.3,816.3,2025-07-03,2025-07-03,completed
Item SKU Industrial 183,44,44,406.56,406.56,2024-07-26,2024-07-26,completed
Item SKU Industrial 456,16,16,392.64,392.64,2025-02-13,2025-02-13,completed
Item SKU Industrial 448,39,39,1445.34,1445.34,2026-03-26,2026-03-26,completed
Item SKU Industrial 368,6,6,798.12,798.12,2025-10-04,2025-10-04,completed
Item SKU Industrial 434,41,41,2234.91,2234.91,2026-03-28,2026-03-28,completed
Item SKU Industrial 26,17,17,208.76,208.76,2025-06-09,2025-06-11,completed_late
Item SKU Industrial 197,49,49,7493.57,7493.57,2026-02-28,2026-02-28,completed
Item SKU Industrial 174,44,44,2520.32,2520.32,2026-03-27,2026-03-27,completed
Item SKU Industrial 289,42,42,958.02,1101.72,2025-04-20,2025-04-20,completed
Item SKU Industrial 439,25,25,4630.75,4630.75,2024-03-01,2024-03-01,completed
Item SKU Industrial 377,36,36,9282.6,9282.6,2025-11-07,2025-11-07,completed
Item SKU Industrial 166,45,45,10931.4,10931.4,2025-04-04,2025-04-04,completed
Item SKU Industrial 483,53,53,2673.85,2673.85,2025-01-26,2025-01-28,completed_late
Item SKU Industrial 141,17,17,136.0,136.0,2025-09-20,2025-09-20,completed
Item SKU Industrial 240,53,53,10740.45,10740.45,2025-03-06,2025-03-06,completed
Item SKU Industrial 194,12,12,2644.2,2644.2,2025-07-13,2025-07-13,completed
Item SKU Industrial 278,27,27,1874.61,1874.61,2024-10-14,2024-10-14,completed
Item SKU Industrial 354,30,30,604.8,604.8,2024-06-21,2024-06-21,completed
Item SKU Industrial 452,49,49,1780.17,1780.17,2025-11-09,2025-11-09,completed
Item SKU Industrial 13,33,33,777.81,894.48,2024-02-15,2024-02-17,completed_late
Item SKU Industrial 292,44,44,1309.88,1309.88,2026-03-12,2026-03-12,completed
Item SKU Industrial 275,35,35,1885.8,1885.8,2024-04-25,2024-04-25,completed
Item SKU Industrial 230,11,11,173.58,173.58,2025-11-30,2025-11-30,completed
Item SKU Industrial 355,13,13,251.55,251.55,2025-07-26,2025-07-26,completed
Item SKU Industrial 353,20,20,2420.0,2420.0,2025-04-20,2025-04-20,completed
Item SKU Industrial 457,48,48,2581.92,2581.92,2025-03-09,2025-03-17,completed_late
Item SKU Industrial 485,13,13,159.64,159.64,2025-10-18,2025-10-20,completed_late
Item SKU Industrial 74,13,13,489.84,489.84,2024-08-23,2024-08-23,completed
Item SKU Industrial 485,44,44,540.32,540.32,2026-02-15,2026-02-15,completed
Item SKU Industrial 177,47,47,8321.35,8321.35,2024-01-25,2024-01-25,completed
Item SKU Industrial 454,23,23,2910.88,3347.51,2026-03-23,2026-03-23,completed
Item SKU Industrial 387,12,12,381.84,381.84,2025-12-04,2025-12-04,completed
Item SKU Industrial 346,50,50,9927.5,9927.5,2026-04-17,2026-04-17,completed
Item SKU Industrial 231,52,52,2417.48,2417.48,2025-05-11,2025-05-13,completed_late
Item SKU Industrial 477,24,24,2903.28,2903.28,2024-07-29,2024-07-29,completed
Item SKU Industrial 418,26,26,1488.76,1488.76,2026-05-15,2026-05-15,completed
Item SKU Industrial 260,23,23,339.02,339.02,2024-02-01,2024-02-01,completed
Item SKU Industrial 288,26,26,1837.94,1837.94,2024-03-08,2024-03-08,completed
Item SKU Industrial 179,23,23,1497.07,1497.07,2025-05-22,2025-05-22,completed
Item SKU Industrial 36,49,49,2124.15,2124.15,2024-02-09,2024-02-09,completed
Item SKU Industrial 249,45,45,2950.65,2950.65,2026-02-23,2026-02-25,completed_late
Item SKU Industrial 123,37,37,370.0,425.5,2025-09-27,2025-09-27,completed
Item SKU Industrial 411,12,12,2628.84,2628.84,2024-11-14,2024-11-14,completed
Item SKU Industrial 462,44,44,8107.44,8107.44,2025-12-12,2025-12-12,completed
Item SKU Industrial 2,40,40,5558.0,5558.0,2025-11-13,2025-11-13,completed
Item SKU Industrial 257,18,18,3642.84,3642.84,2025-03-21,2025-03-21,completed
Item SKU Industrial 422,16,16,3738.24,3738.24,2024-12-29,2024-12-29,completed
Item SKU Industrial 86,49,49,850.15,850.15,2026-05-08,2026-05-10,completed_late
Item SKU Industrial 37,35,35,7637.35,7637.35,2026-02-12,2026-02-12,completed
Item SKU Industrial 213,6,6,117.0,117.0,2025-09-26,2025-09-26,completed
Item SKU Industrial 52,11,11,649.99,649.99,2024-01-04,2024-01-04,completed
Item SKU Industrial 103,31,31,2019.96,2019.96,2026-02-12,2026-02-12,completed
Item SKU Industrial 400,45,45,5413.5,6225.52,2025-12-15,2025-12-15,completed
Item SKU Industrial 70,52,52,7891.0,7891.0,2025-04-21,2025-04-21,completed
Item SKU Industrial 301,22,22,6914.82,6914.82,2024-11-25,2024-12-03,completed_late
Item SKU Industrial 28,33,33,1988.91,1988.91,2026-03-21,2026-03-21,completed
Item SKU Industrial 492,49,49,996.17,996.17,2025-04-05,2025-04-05,completed
Item SKU Industrial 415,49,49,11380.74,11380.74,2026-01-11,2026-01-11,completed
Item SKU Industrial 361,31,31,4706.42,4706.42,2025-11-23,2025-11-23,completed
Item SKU Industrial 461,33,33,1518.0,1518.0,2025-10-04,2025-10-04,completed
Item SKU Industrial 276,24,24,352.8,352.8,2025-05-22,2025-05-22,completed
Item SKU Industrial 139,1,1,162.59,162.59,2024-06-20,2024-06-22,completed_late
Item SKU Industrial 347,18,18,416.16,416.16,2025-05-29,2025-05-29,completed
Item SKU Industrial 325,3,3,190.32,218.87,2024-07-12,2024-07-12,completed
Item SKU Industrial 92,8,8,255.92,255.92,2025-01-22,2025-01-22,completed
Item SKU Industrial 172,42,42,656.46,656.46,2026-02-02,2026-02-02,completed
Item SKU Industrial 197,37,37,5658.41,5658.41,2025-07-08,2025-07-08,completed
Item SKU Industrial 93,45,45,8082.45,8082.45,2025-03-29,2025-03-29,completed
Item SKU Industrial 153,27,27,775.98,775.98,2025-03-09,2025-03-11,completed_late
Item SKU Industrial 213,36,36,702.0,702.0,2024-01-26,2024-01-26,completed
Item SKU Industrial 183,17,17,157.08,157.08,2025-03-01,2025-03-01,completed
Item SKU Industrial 57,33,33,4417.71,4417.71,2024-09-03,2024-09-03,completed
Item SKU Industrial 203,51,51,11699.4,11699.4,2026-03-21,2026-03-21,completed
Item SKU Industrial 18,2,2,87.2,87.2,2025-02-14,2025-02-14,completed
Item SKU Industrial 445,34,34,1090.04,1253.55,2025-07-17,2025-07-17,completed
Item SKU Industrial 329,53,53,760.02,760.02,2025-09-18,2025-09-20,completed_late
Item SKU Industrial 254,30,30,294.6,294.6,2025-05-04,2025-05-04,completed
Item SKU Industrial 180,35,35,6758.5,6758.5,2025-11-02,2025-11-02,completed
Item SKU Industrial 253,19,19,2204.76,2204.76,2025-08-16,2025-08-16,completed
Item SKU Industrial 103,18,18,1172.88,1172.88,2024-10-08,2024-10-08,completed
Item SKU Industrial 317,40,40,1829.6,1829.6,2024-05-27,2024-05-27,completed
Item SKU Industrial 253,9,9,1044.36,1044.36,2024-06-16,2024-06-16,completed
Item SKU Industrial 110,24,24,1810.8,1810.8,2025-09-05,2025-09-07,completed_late
Item SKU Industrial 401,16,16,333.92,333.92,2025-01-09,2025-01-17,completed_late
Item SKU Industrial 251,49,49,2146.69,2146.69,2025-12-19,2025-12-19,completed
Item SKU Industrial 342,37,37,5863.02,6742.47,2025-06-30,2025-06-30,completed
Item SKU Industrial 329,16,16,229.44,229.44,2024-07-07,2024-07-07,completed
Item SKU Industrial 121,44,44,1757.36,1757.36,2025-04-05,2025-04-05,completed
Item SKU Industrial 278,45,45,3124.35,3124.35,2026-01-16,2026-01-16,completed
Item SKU Industrial 368,46,46,6118.92,6118.92,2024-06-07,2024-06-09,completed_late
Item SKU Industrial 91,17,17,623.56,623.56,2024-09-20,2024-09-20,completed
Item SKU Industrial 338,35,35,2105.25,2105.25,2025-11-07,2025-11-07,completed
Item SKU Industrial 271,6,6,1086.9,1086.9,2025-10-06,2025-10-06,completed
Item SKU Industrial 377,4,4,1031.4,1031.4,2024-04-16,2024-04-16,completed
Item SKU Industrial 429,8,8,616.16,616.16,2025-01-07,2025-01-07,completed
Item SKU Industrial 152,25,25,1072.25,1072.25,2024-06-28,2024-06-28,completed
Item SKU Industrial 55,42,42,581.7,668.96,2024-09-08,2024-09-10,completed_late
Item SKU Industrial 406,28,28,2780.96,2780.96,2025-07-23,2025-07-23,completed
Item SKU Industrial 489,49,49,2732.24,2732.24,2025-06-26,2025-06-26,completed
Item SKU Industrial 322,34,34,993.48,993.48,2025-03-20,2025-03-20,completed
Item SKU Industrial 82,33,33,205.92,205.92,2025-12-01,2025-12-01,completed
Item SKU Industrial 483,31,31,1563.95,1563.95,2025-01-19,2025-01-19,completed
Item SKU Industrial 234,41,41,2727.73,2727.73,2024-07-25,2024-07-25,completed
Item SKU Industrial 188,20,20,290.2,290.2,2026-04-14,2026-04-16,completed_late
Item SKU Industrial 147,9,9,459.18,459.18,2024-07-07,2024-07-07,completed
Item SKU Industrial 319,4,4,103.56,103.56,2024-11-30,2024-11-30,completed
Item SKU Industrial 269,3,3,97.59,97.59,2024-12-19,2024-12-19,completed
Item SKU Industrial 405,8,8,720.72,828.83,2025-10-25,2025-10-25,completed
Item SKU Industrial 437,44,44,5820.32,5820.32,2024-09-30,2024-09-30,completed
Item SKU Industrial 364,24,24,1395.36,1395.36,2024-05-30,2024-05-30,completed
Item SKU Industrial 346,41,41,8140.55,8140.55,2024-08-26,2024-08-28,completed_late
Item SKU Industrial 161,2,2,522.34,522.34,2024-10-27,2024-10-27,completed
Item SKU Industrial 55,51,51,706.35,706.35,2024-03-29,2024-04-06,completed_late
Item SKU Industrial 8,3,3,276.81,276.81,2024-01-25,2024-01-25,completed
Item SKU Industrial 499,33,33,1611.72,1611.72,2024-04-12,2024-04-12,completed
Item SKU Industrial 465,24,24,2215.2,2215.2,2025-01-24,2025-01-24,completed
Item SKU Industrial 199,49,49,4458.51,4458.51,2025-01-03,2025-01-03,completed
Item SKU Industrial 394,46,46,1667.04,1667.04,2025-11-16,2025-11-18,completed_late
Item SKU Industrial 147,16,16,816.32,938.77,2025-08-31,2025-08-31,completed
Item SKU Industrial 21,1,1,248.43,248.43,2025-09-14,2025-09-14,completed
Item SKU Industrial 385,28,28,3891.44,3891.44,2024-08-13,2024-08-13,completed
Item SKU Industrial 281,12,12,178.08,178.08,2026-01-15,2026-01-15,completed
Item SKU Industrial 304,36,36,11218.68,11218.68,2024-12-26,2024-12-26,completed
Item SKU Industrial 324,22,22,440.22,440.22,2026-01-15,2026-01-15,completed
Item SKU Industrial 27,39,39,8615.88,8615.88,2026-05-08,2026-05-10,completed_late
Item SKU Industrial 108,28,28,1482.32,1482.32,2025-01-20,2025-01-20,completed
Item SKU Industrial 189,50,50,304.5,304.5,2026-02-03,2026-02-03,completed
Item SKU Industrial 461,16,16,736.0,736.0,2026-05-15,2026-05-15,completed
Item SKU Industrial 107,14,14,1521.38,1521.38,2026-02-01,2026-02-01,completed
Item SKU Industrial 252,5,5,316.85,364.38,2024-11-23,2024-11-23,completed
Item SKU Industrial 297,7,7,1549.1,1549.1,2024-10-19,2024-10-19,completed
Item SKU Industrial 396,28,28,475.16,475.16,2025-02-01,2025-02-03,completed_late
Item SKU Industrial 210,30,30,2272.2,2272.2,2025-08-01,2025-08-01,completed
Item SKU Industrial 23,25,25,1092.0,1092.0,2026-01-30,2026-01-30,completed
Item SKU Industrial 346,49,49,9728.95,9728.95,2025-11-23,2025-11-23,completed
Item SKU Industrial 111,13,13,2153.45,2153.45,2025-06-26,2025-06-26,completed
Item SKU Industrial 287,6,6,2185.44,2185.44,2025-06-23,2025-06-23,completed
Item SKU Industrial 113,34,34,949.28,949.28,2026-03-07,2026-03-07,completed
Item SKU Industrial 193,7,7,318.57,318.57,2025-11-06,2025-11-08,completed_late
Item SKU Industrial 316,7,7,238.42,238.42,2025-08-28,2025-08-28,completed
Item SKU Industrial 198,45,45,2374.65,2730.85,2024-05-01,2024-05-01,completed
Item SKU Industrial 447,23,23,140.3,140.3,2025-08-21,2025-08-29,completed_late
Item SKU Industrial 330,9,9,92.43,92.43,2024-04-21,2024-04-21,completed
Item SKU Industrial 58,33,33,2898.06,2898.06,2024-09-22,2024-09-22,completed
Item SKU Industrial 107,26,26,2825.42,2825.42,2026-04-09,2026-04-09,completed
Item SKU Industrial 433,31,31,5877.29,5877.29,2024-03-01,2024-03-03,completed_late
Item SKU Industrial 355,13,13,251.55,251.55,2026-04-23,2026-04-23,completed
Item SKU Industrial 187,17,17,409.7,409.7,2025-10-24,2025-10-24,completed
Item SKU Industrial 434,27,27,1471.77,1471.77,2024-07-07,2024-07-07,completed
Item SKU Industrial 364,39,39,2267.46,2267.46,2024-11-29,2024-11-29,completed
Item SKU Industrial 396,47,47,797.59,797.59,2025-08-03,2025-08-03,completed
Item SKU Industrial 225,6,6,54.9,63.13,2026-03-02,2026-03-02,completed
Item SKU Industrial 485,13,13,159.64,159.64,2025-12-14,2025-12-16,completed_late
Item SKU Industrial 122,39,39,3428.88,3428.88,2025-05-07,2025-05-07,completed
Item SKU Industrial 68,50,50,1937.5,1937.5,2026-03-01,2026-03-01,completed
Item SKU Industrial 455,49,49,2819.95,2819.95,2024-01-22,2024-01-22,completed
Item SKU Industrial 184,25,25,2769.0,2769.0,2025-06-06,2025-06-06,completed
Item SKU Industrial 491,33,33,2707.65,2707.65,2026-02-20,2026-02-20,completed
Item SKU Industrial 232,34,34,861.56,861.56,2026-03-17,2026-03-17,completed
Item SKU Industrial 30,18,18,788.4,788.4,2026-03-27,2026-03-29,completed_late
Item SKU Industrial 205,7,7,239.12,239.12,2026-03-06,2026-03-06,completed
Item SKU Industrial 480,27,27,632.88,632.88,2025-12-15,2025-12-15,completed
Item SKU Industrial 456,51,51,1251.54,1439.27,2025-09-15,2025-09-15,completed
Item SKU Industrial 210,19,19,1439.06,1439.06,2024-12-06,2024-12-06,completed
Item SKU Industrial 499,47,47,2295.48,2295.48,2026-02-14,2026-02-14,completed
Item SKU Industrial 500,13,13,90.61,90.61,2025-09-28,2025-09-28,completed
Item SKU Industrial 178,13,13,817.96,817.96,2025-12-22,2025-12-24,completed_late
Item SKU Industrial 214,46,46,755.32,755.32,2025-05-24,2025-05-24,completed
Item SKU Industrial 1,50,50,2187.0,2187.0,2025-03-13,2025-03-13,completed
Item SKU Industrial 147,12,12,612.24,612.24,2025-06-29,2025-06-29,completed
Item SKU Industrial 86,34,34,589.9,589.9,2024-03-02,2024-03-10,completed_late
Item SKU Industrial 385,12,12,1667.76,1667.76,2024-01-28,2024-01-28,completed
Item SKU Industrial 142,17,17,716.55,716.55,2025-09-25,2025-09-25,completed
Item SKU Industrial 146,41,41,3211.53,3693.26,2024-07-02,2024-07-04,completed_late
Item SKU Industrial 207,35,35,12548.2,12548.2,2025-05-31,2025-05-31,completed
Item SKU Industrial 313,5,5,165.1,165.1,2026-03-08,2026-03-08,completed
Item SKU Industrial 228,12,12,267.96,267.96,2026-03-20,2026-03-20,completed
Item SKU Industrial 491,15,15,1230.75,1230.75,2026-04-30,2026-04-30,completed
Item SKU Industrial 497,2,2,57.72,57.72,2025-03-16,2025-03-16,completed
Item SKU Industrial 94,45,45,1229.4,1229.4,2025-10-13,2025-10-13,completed
Item SKU Industrial 495,40,40,8219.2,8219.2,2026-04-27,2026-04-29,completed_late
Item SKU Industrial 453,33,33,1334.19,1334.19,2026-02-27,2026-02-27,completed
Item SKU Industrial 207,29,29,10397.08,10397.08,2025-12-12,2025-12-12,completed
Item SKU Industrial 73,42,42,5068.98,5068.98,2026-01-08,2026-01-08,completed
Item SKU Industrial 282,26,26,989.3,1137.7,2024-10-18,2024-10-18,completed
Item SKU Industrial 110,36,36,2716.2,2716.2,2025-09-13,2025-09-13,completed
Item SKU Industrial 103,19,19,1238.04,1238.04,2026-04-05,2026-04-05,completed
Item SKU Industrial 481,35,35,939.05,939.05,2026-01-10,2026-01-12,completed_late
Item SKU Industrial 150,28,28,3624.32,3624.32,2026-05-04,2026-05-04,completed
Item SKU Industrial 154,2,2,17.22,17.22,2024-04-19,2024-04-19,completed
Item SKU Industrial 154,35,35,301.35,301.35,2026-03-01,2026-03-01,completed
Item SKU Industrial 262,44,44,2638.68,2638.68,2024-02-17,2024-02-17,completed
Item SKU Industrial 333,23,23,3082.46,3082.46,2024-03-16,2024-03-16,completed
Item SKU Industrial 163,35,35,1005.55,1005.55,2025-09-07,2025-09-07,completed
Item SKU Industrial 487,7,7,412.72,412.72,2026-05-08,2026-05-10,completed_late
Item SKU Industrial 428,13,13,1111.37,1278.08,2025-04-03,2025-04-03,completed
Item SKU Industrial 65,2,2,28.38,28.38,2026-03-20,2026-03-20,completed
Item SKU Industrial 436,16,16,5071.36,5071.36,2026-05-07,2026-05-07,completed
Item SKU Industrial 68,48,48,1860.0,1860.0,2025-11-15,2025-11-15,completed
Item SKU Industrial 72,11,11,3995.2,3995.2,2025-10-04,2025-10-12,completed_late
Item SKU Industrial 500,20,20,139.4,139.4,2025-10-02,2025-10-02,completed
Item SKU Industrial 76,20,20,2324.2,2324.2,2026-04-30,2026-05-02,completed_late
Item SKU Industrial 179,52,52,3384.68,3384.68,2025-09-21,2025-09-21,completed
Item SKU Industrial 163,15,15,430.95,430.95,2024-07-20,2024-07-20,completed
Item SKU Industrial 310,53,53,10736.74,10736.74,2026-05-11,2026-05-11,completed
Item SKU Industrial 205,52,52,1776.32,1776.32,2025-03-16,2025-03-16,completed
Item SKU Industrial 119,41,41,981.95,1129.24,2024-12-09,2024-12-09,completed
Item SKU Industrial 112,24,24,219.12,219.12,2024-08-03,2024-08-03,completed
Item SKU Industrial 38,28,28,8125.6,8125.6,2026-05-18,2026-05-20,completed_late
Item SKU Industrial 149,48,48,7683.84,7683.84,2024-11-02,2024-11-02,completed
Item SKU Industrial 334,8,8,273.04,273.04,2025-05-25,2025-05-25,completed
Item SKU Industrial 160,36,36,4690.08,4690.08,2024-01-13,2024-01-13,completed
Item SKU Industrial 235,27,27,3020.49,3020.49,2025-02-13,2025-02-13,completed
Item SKU Industrial 279,42,42,4601.52,4601.52,2024-12-15,2024-12-15,completed
Item SKU Industrial 25,4,4,553.04,553.04,2026-02-13,2026-02-13,completed
Item SKU Industrial 142,33,33,1390.95,1390.95,2026-03-30,2026-04-01,completed_late
Item SKU Industrial 244,30,30,4267.2,4267.2,2026-04-25,2026-04-25,completed
Item SKU Industrial 320,3,3,48.93,56.27,2026-05-11,2026-05-11,completed
Item SKU Industrial 296,28,28,563.64,563.64,2025-11-15,2025-11-15,completed
Item SKU Industrial 316,17,17,579.02,579.02,2025-01-13,2025-01-13,completed
Item SKU Industrial 111,51,51,8448.15,8448.15,2024-08-25,2024-08-25,completed
Item SKU Industrial 84,50,50,538.0,538.0,2024-11-30,2024-11-30,completed
Item SKU Industrial 433,45,45,8531.55,8531.55,2025-05-18,2025-05-20,completed_late
Item SKU Industrial 59,12,12,180.96,180.96,2025-11-13,2025-11-13,completed
Item SKU Industrial 59,14,14,211.12,211.12,2025-10-05,2025-10-05,completed
Item SKU Industrial 444,46,46,526.24,526.24,2025-11-27,2025-11-27,completed
Item SKU Industrial 314,39,39,4359.03,4359.03,2025-10-13,2025-10-13,completed
Item SKU Industrial 279,40,40,4382.4,4382.4,2024-04-25,2024-04-25,completed
Item SKU Industrial 349,22,22,2660.68,3059.78,2025-12-12,2025-12-20,completed_late
Item SKU Industrial 15,26,26,3139.76,3139.76,2026-02-20,2026-02-22,completed_late
Item SKU Industrial 99,7,7,1251.67,1251.67,2025-12-28,2025-12-28,completed
Item SKU Industrial 412,28,28,1892.8,1892.8,2024-07-01,2024-07-01,completed
Item SKU Industrial 425,22,22,4946.92,4946.92,2025-08-11,2025-08-11,completed
Item SKU Industrial 72,20,20,7264.0,7264.0,2024-07-10,2024-07-10,completed
Item SKU Industrial 156,27,27,3493.53,3493.53,2025-06-30,2025-06-30,completed
Item SKU Industrial 13,53,53,1249.21,1249.21,2024-03-01,2024-03-01,completed
Item SKU Industrial 450,6,6,424.32,424.32,2024-12-07,2024-12-09,completed_late
Item SKU Industrial 429,40,40,3080.8,3080.8,2025-08-30,2025-08-30,completed
Item SKU Industrial 43,11,11,488.95,488.95,2025-05-10,2025-05-10,completed
Item SKU Industrial 406,13,13,1291.16,1484.83,2025-11-26,2025-11-26,completed
Item SKU Industrial 93,1,1,179.61,179.61,2024-09-09,2024-09-09,completed
Item SKU Industrial 76,4,4,464.84,464.84,2024-08-18,2024-08-18,completed
Item SKU Industrial 331,1,1,429.73,429.73,2025-01-15,2025-01-15,completed
Item SKU Industrial 252,1,1,63.37,63.37,2025-11-16,2025-11-18,completed_late
Item SKU Industrial 234,4,4,266.12,266.12,2025-12-17,2025-12-17,completed
Item SKU Industrial 438,1,1,18.14,18.14,2026-01-17,2026-01-17,completed
Item SKU Industrial 139,16,16,2601.44,2601.44,2024-02-29,2024-02-29,completed
Item SKU Industrial 245,4,4,433.12,433.12,2026-01-10,2026-01-10,completed
Item SKU Industrial 251,18,18,788.58,788.58,2025-11-08,2025-11-08,completed
Item SKU Industrial 265,17,17,804.61,804.61,2025-03-17,2025-03-17,completed
Item SKU Industrial 348,49,49,502.25,577.59,2026-02-20,2026-02-22,completed_late
Item SKU Industrial 476,4,4,42.52,42.52,2025-01-16,2025-01-16,completed
Item SKU Industrial 5,50,50,1578.5,1578.5,2026-03-08,2026-03-08,completed
Item SKU Industrial 54,46,46,1576.88,1576.88,2025-08-30,2025-08-30,completed
Item SKU Industrial 22,41,41,7935.14,7935.14,2026-02-02,2026-02-02,completed
Item SKU Industrial 356,14,14,270.06,270.06,2025-11-15,2025-11-15,completed
Item SKU Industrial 143,47,47,6791.03,6791.03,2025-01-27,2025-01-27,completed
Item SKU Industrial 375,12,12,1213.44,1213.44,2026-01-03,2026-01-11,completed_late
Item SKU Industrial 62,42,42,462.0,462.0,2025-12-05,2025-12-05,completed
Item SKU Industrial 371,5,5,1146.3,1146.3,2025-05-11,2025-05-11,completed
Item SKU Industrial 410,22,22,490.38,490.38,2025-08-14,2025-08-14,completed
Item SKU Industrial 392,11,11,1305.81,1501.68,2025-03-31,2025-03-31,completed
Item SKU Industrial 162,46,46,7165.88,7165.88,2025-02-22,2025-02-22,completed
Item SKU Industrial 150,45,45,5824.8,5824.8,2025-03-28,2025-03-28,completed
Item SKU Industrial 329,8,8,114.72,114.72,2025-03-15,2025-03-17,completed_late
Item SKU Industrial 245,52,52,5630.56,5630.56,2025-06-27,2025-06-27,completed
Item SKU Industrial 384,22,22,4748.7,4748.7,2026-02-02,2026-02-02,completed
Item SKU Industrial 285,25,25,2098.0,2098.0,2026-05-25,2026-05-25,completed
Item SKU Industrial 493,5,5,98.25,98.25,2026-02-01,2026-02-01,completed
Item SKU Industrial 57,16,16,2141.92,2141.92,2024-10-03,2024-10-03,completed
Item SKU Industrial 221,46,46,2836.82,2836.82,2024-08-17,2024-08-17,completed
Item SKU Industrial 391,27,27,1911.06,1911.06,2024-12-06,2024-12-08,completed_late
Item SKU Industrial 444,11,11,125.84,144.72,2025-12-08,2025-12-08,completed
Item SKU Industrial 267,2,2,76.02,76.02,2026-01-01,2026-01-01,completed
Item SKU Industrial 106,28,28,2537.64,2537.64,2025-08-31,2025-08-31,completed
Item SKU Industrial 243,47,47,1322.11,1322.11,2025-06-27,2025-06-27,completed
Item SKU Industrial 119,28,28,670.6,670.6,2025-11-17,2025-11-17,completed
Item SKU Industrial 200,9,9,1564.65,1564.65,2025-11-06,2025-11-06,completed
Item SKU Industrial 399,44,44,2362.36,2362.36,2026-01-04,2026-01-06,completed_late
Item SKU Industrial 231,26,26,1208.74,1208.74,2025-09-28,2025-09-28,completed
Item SKU Industrial 14,42,42,4393.62,4393.62,2024-12-05,2024-12-05,completed
Item SKU Industrial 2,44,44,6113.8,6113.8,2025-12-20,2025-12-20,completed
Item SKU Industrial 332,19,19,741.19,741.19,2026-02-01,2026-02-01,completed
Item SKU Industrial 407,50,50,3553.5,4086.52,2025-03-10,2025-03-10,completed
Item SKU Industrial 48,51,51,679.32,679.32,2025-10-02,2025-10-02,completed
Item SKU Industrial 220,50,50,8930.5,8930.5,2025-11-22,2025-11-24,completed_late
Item SKU Industrial 400,31,31,3729.3,3729.3,2025-08-01,2025-08-09,completed_late
Item SKU Industrial 183,14,14,129.36,129.36,2024-07-19,2024-07-19,completed
Item SKU Industrial 13,38,38,895.66,895.66,2025-08-05,2025-08-05,completed
Item SKU Industrial 204,47,47,2694.98,2694.98,2026-05-23,2026-05-23,completed
Item SKU Industrial 224,17,17,408.68,408.68,2024-03-29,2024-03-29,completed
Item SKU Industrial 15,37,37,4468.12,4468.12,2026-04-25,2026-04-25,completed
Item SKU Industrial 425,30,30,6745.8,6745.8,2026-03-03,2026-03-05,completed_late
Item SKU Industrial 107,23,23,2499.41,2499.41,2025-05-12,2025-05-12,completed
Item SKU Industrial 281,22,22,326.48,375.45,2025-06-25,2025-06-25,completed
Item SKU Industrial 273,36,36,3993.84,3993.84,2024-10-12,2024-10-12,completed
Item SKU Industrial 329,4,4,57.36,57.36,2024-09-29,2024-09-29,completed
Item SKU Industrial 432,16,16,3905.92,3905.92,2025-08-21,2025-08-21,completed
Item SKU Industrial 260,40,40,589.6,589.6,2024-07-12,2024-07-12,completed
Item SKU Industrial 85,15,15,259.5,259.5,2024-05-16,2024-05-18,completed_late
Item SKU Industrial 326,24,24,1603.68,1603.68,2025-05-08,2025-05-08,completed
Item SKU Industrial 26,13,13,159.64,159.64,2024-04-19,2024-04-19,completed
Item SKU Industrial 35,25,25,355.75,355.75,2025-10-13,2025-10-13,completed
Item SKU Industrial 73,8,8,965.52,965.52,2025-08-04,2025-08-04,completed
Item SKU Industrial 187,15,15,361.5,361.5,2026-03-06,2026-03-06,completed
Item SKU Industrial 132,18,18,3621.42,4164.63,2025-11-07,2025-11-07,completed
Item SKU Industrial 49,45,45,2942.1,2942.1,2026-02-17,2026-02-19,completed_late
Item SKU Industrial 149,49,49,7843.92,7843.92,2025-12-27,2025-12-27,completed
Item SKU Industrial 400,23,23,2766.9,2766.9,2024-01-06,2024-01-06,completed
Item SKU Industrial 58,15,15,1317.3,1317.3,2024-10-18,2024-10-18,completed
Item SKU Industrial 421,48,48,9731.52,9731.52,2024-08-12,2024-08-12,completed
Item SKU Industrial 354,41,41,826.56,826.56,2025-08-06,2025-08-06,completed
Item SKU Industrial 15,6,6,724.56,724.56,2026-01-26,2026-01-26,completed
Item SKU Industrial 17,20,20,814.8,814.8,2025-11-13,2025-11-15,completed_late
Item SKU Industrial 431,14,14,1808.38,1808.38,2025-05-01,2025-05-01,completed
Item SKU Industrial 465,14,14,1292.2,1292.2,2025-03-14,2025-03-22,completed_late
Item SKU Industrial 370,52,52,1316.64,1514.14,2024-10-06,2024-10-06,completed
Item SKU Industrial 35,6,6,85.38,85.38,2025-12-04,2025-12-04,completed
Item SKU Industrial 447,17,17,103.7,103.7,2024-12-16,2024-12-16,completed
Item SKU Industrial 363,34,34,5187.04,5187.04,2026-03-14,2026-03-14,completed
Item SKU Industrial 276,40,40,588.0,588.0,2026-02-01,2026-02-03,completed_late
Item SKU Industrial 77,23,23,1627.71,1627.71,2026-05-15,2026-05-15,completed
Item SKU Industrial 35,1,1,14.23,14.23,2025-03-17,2025-03-17,completed
Item SKU Industrial 479,37,37,6330.7,6330.7,2024-05-09,2024-05-09,completed
Item SKU Industrial 366,26,26,1426.88,1426.88,2025-05-16,2025-05-16,completed
Item SKU Industrial 343,8,8,2209.84,2209.84,2026-01-19,2026-01-19,completed
Item SKU Industrial 89,22,22,1718.86,1718.86,2024-07-07,2024-07-07,completed
Item SKU Industrial 215,16,16,350.08,402.59,2026-03-14,2026-03-16,completed_late
Item SKU Industrial 226,41,41,814.26,814.26,2025-11-02,2025-11-02,completed
Item SKU Industrial 204,7,7,401.38,401.38,2026-05-01,2026-05-01,completed
Item SKU Industrial 292,53,53,1577.81,1577.81,2026-05-09,2026-05-09,completed
Item SKU Industrial 235,16,16,1789.92,1789.92,2026-01-09,2026-01-09,completed
Item SKU Industrial 211,19,19,564.3,564.3,2024-04-14,2024-04-14,completed
Item SKU Industrial 380,35,35,664.65,664.65,2025-11-08,2025-11-08,completed
Item SKU Industrial 41,31,31,1761.73,1761.73,2024-12-22,2024-12-24,completed_late
Item SKU Industrial 488,27,27,1600.29,1600.29,2024-05-24,2024-05-24,completed
Item SKU Industrial 151,34,34,2307.92,2307.92,2025-12-04,2025-12-04,completed
Item SKU Industrial 244,17,17,2418.08,2418.08,2026-02-14,2026-02-14,completed
Item SKU Industrial 209,48,48,1700.64,1955.74,2024-06-24,2024-06-24,completed
Item SKU Industrial 63,26,26,3801.98,3801.98,2025-11-10,2025-11-10,completed
Item SKU Industrial 8,37,37,3413.99,3413.99,2024-03-11,2024-03-11,completed
Item SKU Industrial 343,3,3,828.69,828.69,2025-02-23,2025-02-25,completed_late
Item SKU Industrial 139,26,26,4227.34,4227.34,2024-07-30,2024-07-30,completed
Item SKU Industrial 46,13,13,1934.14,1934.14,2024-06-09,2024-06-09,completed
Item SKU Industrial 335,22,22,2415.38,2415.38,2025-11-13,2025-11-21,completed_late
Item SKU Industrial 211,22,22,653.4,653.4,2026-05-04,2026-05-04,completed
Item SKU Industrial 309,13,13,1097.59,1097.59,2024-08-08,2024-08-08,completed
Item SKU Industrial 257,15,15,3035.7,3035.7,2024-12-07,2024-12-07,completed
Item SKU Industrial 105,37,37,2379.1,2379.1,2025-07-27,2025-07-29,completed_late
Item SKU Industrial 164,19,19,1113.59,1280.63,2025-08-10,2025-08-10,completed
Item SKU Industrial 229,17,17,227.46,227.46,2025-04-23,2025-04-23,completed
Item SKU Industrial 55,38,38,526.3,526.3,2025-12-29,2025-12-29,completed
Item SKU Industrial 319,48,48,1242.72,1242.72,2024-11-09,2024-11-09,completed
Item SKU Industrial 389,28,28,2842.28,2842.28,2026-02-19,2026-02-19,completed
Item SKU Industrial 145,18,18,366.48,366.48,2024-11-30,2024-11-30,completed
Item SKU Industrial 455,38,38,2186.9,2186.9,2026-01-09,2026-01-11,completed_late
Item SKU Industrial 397,14,14,2061.64,2061.64,2025-02-14,2025-02-14,completed
Item SKU Industrial 145,5,5,101.8,101.8,2025-11-27,2025-11-27,completed
Item SKU Industrial 168,9,9,249.3,249.3,2025-04-14,2025-04-14,completed
Item SKU Industrial 327,37,37,358.53,358.53,2026-05-08,2026-05-08,completed
Item SKU Industrial 20,46,46,1731.9,1991.68,2026-04-19,2026-04-19,completed
Item SKU Industrial 296,13,13,261.69,261.69,2025-11-11,2025-11-11,completed
Item SKU Industrial 170,28,28,2396.52,2396.52,2024-04-15,2024-04-17,completed_late
Item SKU Industrial 484,35,35,2518.25,2518.25,2024-07-29,2024-07-29,completed
Item SKU Industrial 473,50,50,26624.5,26624.5,2025-04-05,2025-04-05,completed
Item SKU Industrial 93,49,49,8800.89,8800.89,2025-06-22,2025-06-22,completed
Item SKU Industrial 116,24,24,1374.72,1374.72,2025-05-25,2025-05-25,completed
Item SKU Industrial 429,34,34,2618.68,2618.68,2025-09-12,2025-09-12,completed
Item SKU Industrial 422,6,6,1401.84,1401.84,2024-02-08,2024-02-08,completed
Item SKU Industrial 137,53,53,3094.14,3094.14,2025-03-29,2025-03-31,completed_late
Item SKU Industrial 107,2,2,217.34,217.34,2025-10-24,2025-10-24,completed
Item SKU Industrial 407,16,16,1137.12,1307.69,2025-04-14,2025-04-14,completed
Item SKU Industrial 355,24,24,464.4,464.4,2025-01-26,2025-01-26,completed
Item SKU Industrial 426,7,7,649.81,649.81,2025-11-23,2025-12-01,completed_late
Item SKU Industrial 252,44,44,2788.28,2788.28,2026-02-04,2026-02-04,completed
Item SKU Industrial 299,35,35,2387.35,2387.35,2026-01-25,2026-01-25,completed
Item SKU Industrial 236,40,40,352.4,352.4,2025-08-14,2025-08-16,completed_late
Item SKU Industrial 187,29,29,698.9,698.9,2025-11-15,2025-11-15,completed
Item SKU Industrial 407,51,51,3624.57,3624.57,2025-07-27,2025-07-27,completed
Item SKU Industrial 262,40,40,2398.8,2398.8,2024-03-16,2024-03-16,completed
Item SKU Industrial 199,22,22,2001.78,2001.78,2025-05-03,2025-05-03,completed
Item SKU Industrial 220,46,46,8216.06,8216.06,2025-03-01,2025-03-01,completed
Item SKU Industrial 100,35,35,2258.9,2597.74,2026-02-26,2026-02-26,completed
Item SKU Industrial 81,38,38,2727.64,2727.64,2026-01-25,2026-01-27,completed_late
Item SKU Industrial 432,49,49,11961.88,11961.88,2025-11-30,2025-11-30,completed
Item SKU Industrial 365,31,31,1215.2,1215.2,2025-07-17,2025-07-17,completed
Item SKU Industrial 13,39,39,919.23,919.23,2024-09-27,2024-09-27,completed
Item SKU Industrial 265,9,9,425.97,425.97,2026-03-21,2026-03-21,completed
Item SKU Industrial 259,15,15,909.9,909.9,2025-04-19,2025-04-19,completed
Item SKU Industrial 22,25,25,4838.5,4838.5,2025-09-11,2025-09-11,completed
Item SKU Industrial 88,2,2,240.88,240.88,2026-04-25,2026-04-27,completed_late
Item SKU Industrial 156,40,40,5175.6,5175.6,2026-05-17,2026-05-17,completed
Item SKU Industrial 263,24,24,710.88,710.88,2025-05-27,2025-05-27,completed
Item SKU Industrial 184,51,51,5648.76,6496.07,2026-05-10,2026-05-10,completed
Item SKU Industrial 301,30,30,9429.3,9429.3,2026-05-11,2026-05-11,completed
Item SKU Industrial 139,44,44,7153.96,7153.96,2025-11-30,2025-11-30,completed
Item SKU Industrial 110,3,3,226.35,226.35,2025-08-04,2025-08-04,completed
Item SKU Industrial 12,25,25,887.75,887.75,2025-10-12,2025-10-14,completed_late
Item SKU Industrial 194,23,23,5068.05,5068.05,2025-11-27,2025-11-27,completed
Item SKU Industrial 219,4,4,154.64,154.64,2025-07-05,2025-07-05,completed
Item SKU Industrial 186,51,51,6344.4,6344.4,2026-02-21,2026-02-21,completed
Item SKU Industrial 438,13,13,235.82,235.82,2026-02-02,2026-02-02,completed
Item SKU Industrial 333,17,17,2278.34,2278.34,2025-02-06,2025-02-14,completed_late
Item SKU Industrial 58,53,53,4654.46,4654.46,2025-07-06,2025-07-06,completed
Item SKU Industrial 465,33,33,3045.9,3502.78,2024-11-29,2024-12-01,completed_late
Item SKU Industrial 170,7,7,599.13,599.13,2025-10-30,2025-10-30,completed
Item SKU Industrial 143,34,34,4912.66,4912.66,2024-02-27,2024-02-27,completed
Item SKU Industrial 214,41,41,673.22,673.22,2026-01-09,2026-01-09,completed
Item SKU Industrial 497,46,46,1327.56,1327.56,2025-07-27,2025-07-27,completed
Item SKU Industrial 360,24,24,1041.6,1041.6,2026-02-09,2026-02-09,completed
Item SKU Industrial 334,49,49,1672.37,1672.37,2026-04-17,2026-04-17,completed
Item SKU Industrial 217,46,46,3864.0,3864.0,2024-10-03,2024-10-05,completed_late
Item SKU Industrial 437,13,13,1719.64,1719.64,2025-12-14,2025-12-14,completed
Item SKU Industrial 418,3,3,171.78,171.78,2026-02-10,2026-02-10,completed
Item SKU Industrial 215,25,25,547.0,547.0,2026-01-19,2026-01-19,completed
Item SKU Industrial 225,41,41,375.15,431.42,2025-03-20,2025-03-20,completed
Item SKU Industrial 36,37,37,1603.95,1603.95,2025-06-15,2025-06-15,completed
Item SKU Industrial 369,30,30,1550.4,1550.4,2026-02-14,2026-02-14,completed
Item SKU Industrial 289,46,46,1049.26,1049.26,2025-09-07,2025-09-09,completed_late
Item SKU Industrial 109,8,8,699.04,699.04,2024-01-28,2024-01-28,completed
Item SKU Industrial 461,30,30,1380.0,1380.0,2025-02-10,2025-02-10,completed
Item SKU Industrial 328,1,1,42.57,42.57,2024-05-12,2024-05-12,completed
Item SKU Industrial 65,11,11,156.09,156.09,2025-01-04,2025-01-04,completed
Item SKU Industrial 333,1,1,134.02,134.02,2024-11-07,2024-11-07,completed
Item SKU Industrial 115,15,15,2912.1,2912.1,2025-10-06,2025-10-06,completed
Item SKU Industrial 487,24,24,1415.04,1415.04,2025-03-17,2025-03-19,completed_late
Item SKU Industrial 311,24,24,1977.12,2273.69,2024-10-28,2024-10-28,completed
Item SKU Industrial 29,6,6,841.68,841.68,2025-11-27,2025-11-27,completed
Item SKU Industrial 214,12,12,197.04,197.04,2026-03-26,2026-03-26,completed
Item SKU Industrial 257,13,13,2630.94,2630.94,2026-04-04,2026-04-04,completed
Item SKU Industrial 420,9,9,64.71,64.71,2024-06-28,2024-06-28,completed
Item SKU Industrial 396,44,44,746.68,746.68,2026-05-09,2026-05-17,completed_late
Item SKU Industrial 15,49,49,5917.24,5917.24,2026-05-25,2026-05-27,completed_late
Item SKU Industrial 80,16,16,214.72,214.72,2024-11-04,2024-11-04,completed
Item SKU Industrial 473,19,19,10117.31,10117.31,2025-10-13,2025-10-13,completed
Item SKU Industrial 355,25,25,483.75,483.75,2024-11-30,2024-11-30,completed
Item SKU Industrial 419,8,8,778.96,778.96,2024-06-03,2024-06-03,completed
Item SKU Industrial 411,25,25,5476.75,6298.26,2025-07-29,2025-07-29,completed
Item SKU Industrial 41,53,53,3011.99,3011.99,2025-11-30,2025-11-30,completed
Item SKU Industrial 435,9,9,139.05,139.05,2024-01-05,2024-01-07,completed_late
Item SKU Industrial 123,46,46,460.0,460.0,2026-01-11,2026-01-11,completed
Item SKU Industrial 346,4,4,794.2,794.2,2024-03-24,2024-03-24,completed
Item SKU Industrial 386,3,3,57.36,57.36,2025-04-03,2025-04-03,completed
Item SKU Industrial 162,2,2,311.56,311.56,2026-01-21,2026-01-21,completed
Item SKU Industrial 279,20,20,2191.2,2191.2,2025-01-23,2025-01-23,completed
Item SKU Industrial 76,50,50,5810.5,5810.5,2025-01-05,2025-01-05,completed
Item SKU Industrial 70,7,7,1062.25,1062.25,2026-02-13,2026-02-15,completed_late
Item SKU Industrial 337,42,42,3546.48,3546.48,2026-02-14,2026-02-14,completed
Item SKU Industrial 402,53,53,1468.63,1688.92,2024-05-23,2024-05-23,completed
Item SKU Industrial 438,37,37,671.18,671.18,2025-01-13,2025-01-13,completed
Item SKU Industrial 24,49,49,5960.85,5960.85,2025-09-22,2025-09-22,completed
Item SKU Industrial 467,27,27,2324.43,2324.43,2026-03-21,2026-03-21,completed
Item SKU Industrial 218,9,9,225.18,225.18,2024-10-30,2024-10-30,completed
Item SKU Industrial 397,28,28,4123.28,4123.28,2025-08-23,2025-08-25,completed_late
Item SKU Industrial 377,8,8,2062.8,2062.8,2024-09-20,2024-09-20,completed
Item SKU Industrial 31,9,9,1538.82,1538.82,2025-04-28,2025-04-28,completed
Item SKU Industrial 56,27,27,481.41,481.41,2024-04-15,2024-04-15,completed
Item SKU Industrial 207,27,27,9680.04,9680.04,2025-08-29,2025-08-29,completed
Item SKU Industrial 336,37,37,4172.49,4172.49,2024-03-22,2024-03-22,completed
Item SKU Industrial 437,29,29,3836.12,4411.54,2026-05-09,2026-05-09,completed
Item SKU Industrial 462,6,6,1105.56,1105.56,2025-05-12,2025-05-20,completed_late
Item SKU Industrial 72,51,51,18523.2,18523.2,2025-12-22,2025-12-22,completed
Item SKU Industrial 54,35,35,1199.8,1199.8,2024-04-13,2024-04-13,completed
Item SKU Industrial 58,28,28,2458.96,2458.96,2025-10-09,2025-10-09,completed
Item SKU Industrial 240,30,30,6079.5,6079.5,2025-03-24,2025-03-24,completed
Item SKU Industrial 112,26,26,237.38,237.38,2025-10-06,2025-10-06,completed
Item SKU Industrial 109,34,34,2970.92,2970.92,2024-01-17,2024-01-17,completed
Item SKU Industrial 154,53,53,456.33,456.33,2025-09-08,2025-09-10,completed_late
Item SKU Industrial 55,47,47,650.95,650.95,2025-10-13,2025-10-13,completed
Item SKU Industrial 366,18,18,987.84,987.84,2025-02-06,2025-02-06,completed
Item SKU Industrial 355,51,51,986.85,1134.88,2025-09-07,2025-09-07,completed
Item SKU Industrial 142,33,33,1390.95,1390.95,2025-06-16,2025-06-16,completed
Item SKU Industrial 255,7,7,174.3,174.3,2025-11-30,2025-11-30,completed
Item SKU Industrial 324,36,36,720.36,720.36,2024-06-02,2024-06-02,completed
Item SKU Industrial 15,46,46,5554.96,5554.96,2025-12-01,2025-12-03,completed_late
Item SKU Industrial 407,27,27,1918.89,1918.89,2025-06-21,2025-06-21,completed
Item SKU Industrial 143,53,53,7657.97,7657.97,2025-12-19,2025-12-19,completed
Item SKU Industrial 292,20,20,595.4,595.4,2025-03-14,2025-03-14,completed
Item SKU Industrial 324,25,25,500.25,500.25,2025-08-21,2025-08-21,completed
Item SKU Industrial 310,22,22,4456.76,4456.76,2026-03-27,2026-03-27,completed
Item SKU Industrial 450,28,28,1980.16,1980.16,2025-12-27,2025-12-27,completed
Item SKU Industrial 28,34,34,2049.18,2356.56,2025-12-12,2025-12-14,completed_late
Item SKU Industrial 147,20,20,1020.4,1020.4,2024-06-21,2024-06-21,completed
Item SKU Industrial 339,23,23,1092.73,1092.73,2026-05-15,2026-05-15,completed
Item SKU Industrial 368,17,17,2261.34,2261.34,2026-03-21,2026-03-21,completed
Item SKU Industrial 113,7,7,195.44,195.44,2024-06-11,2024-06-11,completed
Item SKU Industrial 119,52,52,1245.4,1245.4,2025-02-12,2025-02-12,completed
Item SKU Industrial 362,35,35,1905.4,1905.4,2025-05-07,2025-05-07,completed
Item SKU Industrial 27,49,49,10825.08,10825.08,2026-04-19,2026-04-21,completed_late
Item SKU Industrial 360,44,44,1909.6,1909.6,2026-01-10,2026-01-18,completed_late
Item SKU Industrial 352,38,38,670.32,670.32,2025-06-02,2025-06-02,completed
Item SKU Industrial 58,41,41,3600.62,3600.62,2026-02-15,2026-02-15,completed
Item SKU Industrial 259,53,53,3214.98,3697.23,2024-09-17,2024-09-17,completed
Item SKU Industrial 196,46,46,3100.86,3100.86,2026-05-17,2026-05-17,completed
Item SKU Industrial 357,41,41,6992.96,6992.96,2026-02-14,2026-02-14,completed
Item SKU Industrial 143,49,49,7080.01,7080.01,2024-11-21,2024-11-23,completed_late
Item SKU Industrial 72,7,7,2542.4,2542.4,2025-07-13,2025-07-13,completed
Item SKU Industrial 408,4,4,123.2,123.2,2024-01-26,2024-01-26,completed
Item SKU Industrial 349,8,8,967.52,967.52,2025-12-25,2025-12-25,completed
Item SKU Industrial 425,20,20,4497.2,4497.2,2024-10-24,2024-10-24,completed
Item SKU Industrial 242,50,50,459.0,459.0,2024-02-19,2024-02-19,completed
Item SKU Industrial 24,13,13,1581.45,1581.45,2025-03-06,2025-03-06,completed
Item SKU Industrial 490,33,33,1474.44,1474.44,2024-12-12,2024-12-14,completed_late
Item SKU Industrial 239,3,3,42.36,48.71,2024-04-14,2024-04-14,completed
Item SKU Industrial 155,6,6,1075.26,1075.26,2025-12-26,2025-12-26,completed
Item SKU Industrial 420,46,46,330.74,330.74,2024-02-25,2024-02-25,completed
Item SKU Industrial 388,25,25,611.25,611.25,2024-11-28,2024-11-28,completed
Item SKU Industrial 292,19,19,565.63,565.63,2025-09-28,2025-09-28,completed
Item SKU Industrial 289,9,9,205.29,205.29,2024-09-20,2024-09-20,completed
Item SKU Industrial 250,15,15,1374.0,1374.0,2025-03-27,2025-03-29,completed_late
Item SKU Industrial 35,4,4,56.92,56.92,2025-05-04,2025-05-04,completed
Item SKU Industrial 449,15,15,681.6,681.6,2025-09-17,2025-09-17,completed
Item SKU Industrial 136,37,37,3203.83,3203.83,2026-01-26,2026-01-26,completed
Item SKU Industrial 482,17,17,132.43,132.43,2025-04-21,2025-04-21,completed
Item SKU Industrial 292,52,52,1548.04,1780.25,2025-06-08,2025-06-08,completed
Item SKU Industrial 54,2,2,68.56,68.56,2025-09-25,2025-09-25,completed
Item SKU Industrial 67,23,23,6935.19,6935.19,2024-11-10,2024-11-12,completed_late
Item SKU Industrial 162,28,28,4361.84,4361.84,2025-04-15,2025-04-15,completed
Item SKU Industrial 255,7,7,174.3,174.3,2026-05-02,2026-05-10,completed_late
Item SKU Industrial 488,3,3,177.81,177.81,2025-12-15,2025-12-15,completed
Item SKU Industrial 138,40,40,8305.2,8305.2,2024-06-22,2024-06-22,completed
Item SKU Industrial 28,13,13,783.51,783.51,2024-08-23,2024-08-23,completed
Item SKU Industrial 222,1,1,90.34,90.34,2026-01-10,2026-01-10,completed
Item SKU Industrial 150,33,33,4271.52,4271.52,2025-01-12,2025-01-14,completed_late
Item SKU Industrial 278,26,26,1805.18,1805.18,2024-12-06,2024-12-06,completed
Item SKU Industrial 123,15,15,150.0,172.5,2026-02-14,2026-02-14,completed
Item SKU Industrial 125,27,27,10038.6,10038.6,2026-02-07,2026-02-07,completed
Item SKU Industrial 131,20,20,378.0,378.0,2024-06-09,2024-06-09,completed
Item SKU Industrial 335,36,36,3952.44,3952.44,2024-05-17,2024-05-17,completed
Item SKU Industrial 249,3,3,196.71,196.71,2024-06-14,2024-06-14,completed
Item SKU Industrial 107,2,2,217.34,217.34,2025-03-17,2025-03-19,completed_late
Item SKU Industrial 486,41,41,5436.6,5436.6,2025-11-17,2025-11-17,completed
Item SKU Industrial 195,15,15,705.6,705.6,2026-02-05,2026-02-05,completed
Item SKU Industrial 29,7,7,981.96,981.96,2025-04-15,2025-04-15,completed
Item SKU Industrial 399,46,46,2469.74,2469.74,2024-01-29,2024-01-29,completed
Item SKU Industrial 259,40,40,2426.4,2426.4,2026-05-20,2026-05-20,completed
Item SKU Industrial 34,48,48,7999.68,9199.63,2026-05-21,2026-05-21,completed
Item SKU Industrial 199,29,29,2638.71,2638.71,2025-06-13,2025-06-15,completed_late
Item SKU Industrial 203,30,30,6882.0,6882.0,2024-06-23,2024-06-23,completed
Item SKU Industrial 147,44,44,2244.88,2244.88,2026-01-24,2026-01-24,completed
Item SKU Industrial 29,48,48,6733.44,6733.44,2024-05-17,2024-05-17,completed
Item SKU Industrial 404,19,19,2016.85,2016.85,2024-01-18,2024-01-18,completed
Item SKU Industrial 438,7,7,126.98,126.98,2024-04-14,2024-04-14,completed
Item SKU Industrial 272,9,9,842.49,842.49,2025-01-04,2025-01-04,completed
Item SKU Industrial 110,45,45,3395.25,3395.25,2025-07-17,2025-07-19,completed_late
Item SKU Industrial 226,39,39,774.54,774.54,2025-03-24,2025-03-24,completed
Item SKU Industrial 47,8,8,1116.64,1116.64,2024-08-20,2024-08-20,completed
Item SKU Industrial 153,26,26,747.24,859.33,2025-10-23,2025-10-31,completed_late
Item SKU Industrial 439,50,50,9261.5,9261.5,2026-05-18,2026-05-18,completed
Item SKU Industrial 300,12,12,536.76,536.76,2025-06-23,2025-06-23,completed
Item SKU Industrial 124,42,42,13345.5,13345.5,2024-10-12,2024-10-12,completed
Item SKU Industrial 142,20,20,843.0,843.0,2024-09-15,2024-09-17,completed_late
Item SKU Industrial 99,12,12,2145.72,2145.72,2026-02-18,2026-02-18,completed
Item SKU Industrial 329,2,2,28.68,28.68,2024-08-09,2024-08-09,completed
Item SKU Industrial 127,40,40,2491.2,2491.2,2024-06-10,2024-06-10,completed
Item SKU Industrial 47,45,45,6281.1,6281.1,2025-11-17,2025-11-17,completed
Item SKU Industrial 440,5,5,898.55,898.55,2025-10-04,2025-10-04,completed
Item SKU Industrial 316,17,17,579.02,579.02,2025-03-02,2025-03-02,completed
Item SKU Industrial 455,36,36,2071.8,2382.57,2026-04-09,2026-04-11,completed_late
Item SKU Industrial 145,37,37,753.32,753.32,2026-01-23,2026-01-23,completed
Item SKU Industrial 134,35,35,7693.7,7693.7,2026-02-23,2026-02-23,completed
Item SKU Industrial 331,9,9,3867.57,3867.57,2024-02-18,2024-02-18,completed
Item SKU Industrial 97,29,29,10067.35,10067.35,2026-04-12,2026-04-12,completed
Item SKU Industrial 499,2,2,97.68,97.68,2025-12-25,2025-12-25,completed
Item SKU Industrial 343,39,39,10772.97,10772.97,2026-02-23,2026-02-23,completed
Item SKU Industrial 240,29,29,5876.85,5876.85,2026-03-28,2026-03-30,completed_late
Item SKU Industrial 226,40,40,794.4,794.4,2025-01-17,2025-01-17,completed
Item SKU Industrial 376,11,11,143.11,143.11,2024-02-15,2024-02-15,completed
Item SKU Industrial 238,16,16,1621.6,1621.6,2025-09-26,2025-09-26,completed
Item SKU Industrial 433,52,52,9858.68,11337.48,2026-01-17,2026-01-17,completed
Item SKU Industrial 359,4,4,250.2,250.2,2025-10-18,2025-10-18,completed
Item SKU Industrial 329,11,11,157.74,157.74,2025-08-21,2025-08-21,completed
Item SKU Industrial 73,17,17,2051.73,2051.73,2026-04-16,2026-04-18,completed_late
Item SKU Industrial 415,14,14,3251.64,3251.64,2025-05-12,2025-05-12,completed
Item SKU Industrial 346,14,14,2779.7,2779.7,2025-11-06,2025-11-06,completed
Item SKU Industrial 224,46,46,1105.84,1105.84,2024-12-29,2024-12-29,completed
Item SKU Industrial 151,41,41,2783.08,2783.08,2024-11-14,2024-11-22,completed_late
Item SKU Industrial 280,27,27,1557.36,1557.36,2025-11-06,2025-11-06,completed
Item SKU Industrial 72,41,41,14891.2,14891.2,2025-05-23,2025-05-23,completed
Item SKU Industrial 11,25,25,4011.25,4011.25,2025-04-25,2025-04-27,completed_late
Item SKU Industrial 319,17,17,440.13,506.15,2025-04-20,2025-04-20,completed
Item SKU Industrial 428,36,36,3077.64,3077.64,2025-08-08,2025-08-08,completed
Item SKU Industrial 137,46,46,2685.48,2685.48,2026-04-05,2026-04-05,completed
Item SKU Industrial 261,31,31,1500.09,1500.09,2025-01-19,2025-01-19,completed
Item SKU Industrial 133,7,7,1100.89,1100.89,2024-12-03,2024-12-03,completed
Item SKU Industrial 470,40,40,793.6,793.6,2025-12-20,2025-12-20,completed
Item SKU Industrial 83,9,9,584.37,584.37,2025-02-20,2025-02-22,completed_late
Item SKU Industrial 446,33,33,3795.0,3795.0,2025-02-20,2025-02-20,completed
Item SKU Industrial 147,25,25,1275.5,1275.5,2025-11-21,2025-11-21,completed
Item SKU Industrial 203,20,20,4588.0,4588.0,2025-08-31,2025-08-31,completed
Item SKU Industrial 441,11,11,839.3,839.3,2025-03-01,2025-03-01,completed
Item SKU Industrial 370,18,18,455.76,524.12,2025-11-06,2025-11-06,completed
Item SKU Industrial 326,48,48,3207.36,3207.36,2024-11-08,2024-11-08,completed
Item SKU Industrial 66,8,8,100.08,100.08,2024-09-16,2024-09-18,completed_late
Item SKU Industrial 290,11,11,165.88,165.88,2024-06-15,2024-06-15,completed
Item SKU Industrial 293,47,47,1037.76,1037.76,2025-05-30,2025-05-30,completed
Item SKU Industrial 99,34,34,6079.54,6079.54,2024-04-08,2024-04-08,completed
Item SKU Industrial 6,48,48,893.28,893.28,2024-10-20,2024-10-20,completed
Item SKU Industrial 408,20,20,616.0,616.0,2026-05-02,2026-05-02,completed
Item SKU Industrial 147,29,29,1479.58,1479.58,2024-09-12,2024-09-12,completed
Item SKU Industrial 256,40,40,5061.2,5061.2,2025-08-03,2025-08-05,completed_late
Item SKU Industrial 224,9,9,216.36,216.36,2025-10-06,2025-10-06,completed
Item SKU Industrial 143,15,15,2167.35,2492.45,2026-01-16,2026-01-16,completed
Item SKU Industrial 7,49,49,5503.68,5503.68,2024-02-17,2024-02-17,completed
Item SKU Industrial 490,5,5,223.4,223.4,2024-08-01,2024-08-01,completed
Item SKU Industrial 185,39,39,3525.99,3525.99,2024-08-02,2024-08-10,completed_late
Item SKU Industrial 412,29,29,1960.4,1960.4,2025-11-20,2025-11-20,completed
Item SKU Industrial 356,36,36,694.44,694.44,2025-09-07,2025-09-09,completed_late
Item SKU Industrial 84,16,16,172.16,172.16,2024-08-18,2024-08-18,completed
Item SKU Industrial 81,31,31,2225.18,2225.18,2024-11-25,2024-11-25,completed
Item SKU Industrial 407,8,8,568.56,568.56,2025-09-07,2025-09-07,completed
Item SKU Industrial 451,47,47,8919.19,8919.19,2025-09-19,2025-09-19,completed
Item SKU Industrial 494,25,25,3551.0,3551.0,2026-04-26,2026-04-26,completed
Item SKU Industrial 338,38,38,2285.7,2628.55,2024-04-18,2024-04-18,completed
Item SKU Industrial 296,1,1,20.13,20.13,2025-10-24,2025-10-26,completed_late
Item SKU Industrial 135,45,45,4957.2,4957.2,2025-09-26,2025-09-26,completed
Item SKU Industrial 433,11,11,2085.49,2085.49,2026-03-13,2026-03-13,completed
Item SKU Industrial 288,2,2,141.38,141.38,2025-09-12,2025-09-12,completed
Item SKU Industrial 125,7,7,2602.6,2602.6,2026-02-06,2026-02-06,completed
Item SKU Industrial 483,23,23,1160.35,1160.35,2025-09-18,2025-09-18,completed
Item SKU Industrial 324,12,12,240.12,240.12,2026-01-12,2026-01-12,completed
Item SKU Industrial 267,26,26,988.26,988.26,2026-04-12,2026-04-14,completed_late
Item SKU Industrial 487,14,14,825.44,825.44,2025-04-10,2025-04-10,completed
Item SKU Industrial 478,22,22,544.94,544.94,2025-03-30,2025-03-30,completed
Item SKU Industrial 261,36,36,1742.04,2003.35,2025-05-04,2025-05-04,completed
Item SKU Industrial 483,27,27,1362.15,1362.15,2026-03-05,2026-03-05,completed
Item SKU Industrial 176,53,53,4062.45,4062.45,2025-01-07,2025-01-07,completed
Item SKU Industrial 485,3,3,36.84,36.84,2024-09-29,2024-09-29,completed
Item SKU Industrial 47,52,52,7258.16,7258.16,2024-03-27,2024-03-29,completed_late
Item SKU Industrial 394,33,33,1195.92,1195.92,2025-07-17,2025-07-17,completed
Item SKU Industrial 382,50,50,3890.0,3890.0,2025-01-16,2025-01-16,completed
Item SKU Industrial 129,14,14,2300.06,2300.06,2024-06-10,2024-06-10,completed
Item SKU Industrial 432,26,26,6347.12,6347.12,2025-03-06,2025-03-06,completed
Item SKU Industrial 420,11,11,79.09,79.09,2025-03-07,2025-03-07,completed
Item SKU Industrial 390,27,27,202.23,202.23,2025-05-23,2025-05-31,completed_late
Item SKU Industrial 166,19,19,4615.48,5307.8,2024-03-11,2024-03-13,completed_late
Item SKU Industrial 100,28,28,1807.12,1807.12,2024-05-19,2024-05-19,completed
Item SKU Industrial 77,18,18,1273.86,1273.86,2025-03-10,2025-03-10,completed
Item SKU Industrial 375,11,11,1112.32,1112.32,2026-05-17,2026-05-17,completed
Item SKU Industrial 249,7,7,458.99,458.99,2025-05-02,2025-05-02,completed
Item SKU Industrial 464,8,8,644.0,644.0,2024-08-23,2024-08-23,completed
Item SKU Industrial 222,46,46,4155.64,4155.64,2024-04-20,2024-04-20,completed
Item SKU Industrial 154,23,23,198.03,198.03,2026-04-30,2026-05-02,completed_late
Item SKU Industrial 252,5,5,316.85,316.85,2024-08-10,2024-08-10,completed
Item SKU Industrial 467,44,44,3787.96,3787.96,2025-08-25,2025-08-25,completed
Item SKU Industrial 43,39,39,1733.55,1733.55,2025-07-25,2025-07-25,completed
Item SKU Industrial 296,14,14,281.82,324.09,2025-12-27,2025-12-27,completed
Item SKU Industrial 303,52,52,2776.8,2776.8,2025-01-18,2025-01-18,completed
Item SKU Industrial 388,1,1,24.45,24.45,2025-06-15,2025-06-15,completed
Item SKU Industrial 312,35,35,2614.15,2614.15,2025-09-05,2025-09-07,completed_late
Item SKU Industrial 321,19,19,1328.86,1328.86,2024-12-14,2024-12-14,completed
Item SKU Industrial 97,52,52,18051.8,18051.8,2025-10-23,2025-10-23,completed
Item SKU Industrial 111,28,28,4638.2,4638.2,2024-07-28,2024-07-28,completed
Item SKU Industrial 451,33,33,6262.41,6262.41,2026-01-29,2026-01-29,completed
Item SKU Industrial 253,24,24,2784.96,2784.96,2026-03-22,2026-03-22,completed
Item SKU Industrial 416,25,25,397.5,397.5,2026-04-02,2026-04-02,completed
Item SKU Industrial 363,37,37,5644.72,5644.72,2024-06-17,2024-06-19,completed_late
Item SKU Industrial 311,14,14,1153.32,1326.32,2026-04-17,2026-04-17,completed
Item SKU Industrial 213,49,49,955.5,955.5,2024-06-02,2024-06-02,completed
Item SKU Industrial 496,34,34,1427.66,1427.66,2026-05-07,2026-05-07,completed
Item SKU Industrial 316,15,15,510.9,510.9,2025-05-25,2025-05-25,completed
Item SKU Industrial 242,49,49,449.82,449.82,2024-08-19,2024-08-19,completed
Item SKU Industrial 425,31,31,6970.66,6970.66,2026-01-19,2026-01-19,completed
Item SKU Industrial 129,5,5,821.45,821.45,2025-01-23,2025-01-31,completed_late
Item SKU Industrial 408,41,41,1262.8,1262.8,2024-03-09,2024-03-09,completed
Item SKU Industrial 435,45,45,695.25,695.25,2025-05-08,2025-05-08,completed
Item SKU Industrial 337,40,40,3377.6,3377.6,2026-02-27,2026-02-27,completed
Item SKU Industrial 231,5,5,232.45,232.45,2024-06-16,2024-06-16,completed
Item SKU Industrial 187,30,30,723.0,831.45,2025-11-09,2025-11-09,completed
Item SKU Industrial 171,40,40,1586.8,1586.8,2025-12-04,2025-12-04,completed
Item SKU Industrial 329,18,18,258.12,258.12,2025-12-03,2025-12-05,completed_late
Item SKU Industrial 368,48,48,6384.96,6384.96,2024-07-27,2024-07-27,completed
Item SKU Industrial 104,46,46,14825.34,14825.34,2026-01-05,2026-01-05,completed
Item SKU Industrial 46,44,44,6546.32,6546.32,2026-02-15,2026-02-15,completed
Item SKU Industrial 128,19,19,619.02,619.02,2026-01-30,2026-01-30,completed
Item SKU Industrial 189,18,18,109.62,109.62,2025-04-13,2025-04-13,completed
Item SKU Industrial 423,17,17,1251.88,1251.88,2024-04-10,2024-04-10,completed
Item SKU Industrial 87,14,14,1289.26,1289.26,2025-06-19,2025-06-21,completed_late
Item SKU Industrial 439,39,39,7223.97,7223.97,2025-06-12,2025-06-12,completed
Item SKU Industrial 246,45,45,996.3,1145.74,2026-04-17,2026-04-17,completed
Item SKU Industrial 32,9,9,444.78,444.78,2026-04-03,2026-04-03,completed
Item SKU Industrial 412,18,18,1216.8,1216.8,2024-03-04,2024-03-04,completed
Item SKU Industrial 459,19,19,345.42,345.42,2026-05-23,2026-05-23,completed
Item SKU Industrial 48,37,37,492.84,492.84,2026-04-25,2026-04-25,completed
Item SKU Industrial 412,53,53,3582.8,3582.8,2024-09-07,2024-09-09,completed_late
Item SKU Industrial 389,8,8,812.08,812.08,2024-08-31,2024-08-31,completed
Item SKU Industrial 228,31,31,692.23,692.23,2025-02-22,2025-02-22,completed
Item SKU Industrial 425,16,16,3597.76,3597.76,2025-05-06,2025-05-06,completed
Item SKU Industrial 434,16,16,872.16,872.16,2025-09-30,2025-09-30,completed
Item SKU Industrial 195,15,15,705.6,705.6,2024-08-22,2024-08-22,completed
Item SKU Industrial 159,22,22,1362.68,1567.08,2025-01-30,2025-01-30,completed
Item SKU Industrial 303,51,51,2723.4,2723.4,2025-10-19,2025-10-21,completed_late
Item SKU Industrial 130,25,25,2465.25,2465.25,2024-05-29,2024-06-06,completed_late
Item SKU Industrial 384,15,15,3237.75,3237.75,2026-03-23,2026-03-23,completed
Item SKU Industrial 319,38,38,983.82,983.82,2026-03-19,2026-03-19,completed
Item SKU Industrial 459,14,14,254.52,254.52,2025-05-15,2025-05-15,completed
Item SKU Industrial 205,47,47,1605.52,1605.52,2025-05-26,2025-05-26,completed
Item SKU Industrial 428,37,37,3163.13,3163.13,2025-06-29,2025-06-29,completed
Item SKU Industrial 88,42,42,5058.48,5058.48,2025-10-18,2025-10-20,completed_late
Item SKU Industrial 364,25,25,1453.5,1453.5,2025-08-12,2025-08-12,completed
Item SKU Industrial 485,24,24,294.72,294.72,2025-11-12,2025-11-12,completed
Item SKU Industrial 228,18,18,401.94,462.23,2024-01-11,2024-01-11,completed
Item SKU Industrial 489,35,35,1951.6,1951.6,2025-05-17,2025-05-17,completed
Item SKU Industrial 418,4,4,229.04,229.04,2025-11-06,2025-11-06,completed
Item SKU Industrial 62,19,19,209.0,209.0,2024-12-07,2024-12-07,completed
Item SKU Industrial 4,5,5,769.75,769.75,2024-11-04,2024-11-06,completed_late
Item SKU Industrial 348,24,24,246.0,246.0,2024-07-16,2024-07-16,completed
Item SKU Industrial 377,36,36,9282.6,9282.6,2025-12-11,2025-12-11,completed
Item SKU Industrial 463,7,7,319.2,319.2,2025-06-16,2025-06-16,completed
Item SKU Industrial 416,11,11,174.9,174.9,2024-11-28,2024-11-28,completed
Item SKU Industrial 14,26,26,2719.86,2719.86,2026-05-21,2026-05-21,completed
Item SKU Industrial 120,26,26,1378.52,1378.52,2025-04-24,2025-04-24,completed
Item SKU Industrial 44,48,48,5446.56,6263.54,2025-03-01,2025-03-03,completed_late
Item SKU Industrial 128,37,37,1205.46,1205.46,2024-02-01,2024-02-01,completed
Item SKU Industrial 288,27,27,1908.63,1908.63,2025-09-13,2025-09-13,completed
Item SKU Industrial 210,7,7,530.18,530.18,2026-04-30,2026-04-30,completed
Item SKU Industrial 81,16,16,1148.48,1148.48,2025-10-02,2025-10-02,completed
Item SKU Industrial 415,11,11,2554.86,2554.86,2026-01-27,2026-01-27,completed
Item SKU Industrial 254,17,17,166.94,166.94,2025-12-06,2025-12-06,completed
Item SKU Industrial 29,29,29,4068.12,4068.12,2025-12-15,2025-12-17,completed_late
Item SKU Industrial 294,35,35,830.55,830.55,2024-10-26,2024-10-26,completed
Item SKU Industrial 492,35,35,711.55,711.55,2026-01-08,2026-01-16,completed_late
Item SKU Industrial 159,9,9,557.46,557.46,2025-08-23,2025-08-23,completed
Item SKU Industrial 218,25,25,625.5,719.32,2024-06-17,2024-06-17,completed
Item SKU Industrial 43,4,4,177.8,177.8,2025-03-17,2025-03-17,completed
Item SKU Industrial 337,20,20,1688.8,1688.8,2025-10-06,2025-10-06,completed
Item SKU Industrial 259,49,49,2972.34,2972.34,2025-11-22,2025-11-24,completed_late
Item SKU Industrial 279,53,53,5806.68,5806.68,2026-05-23,2026-05-23,completed
Item SKU Industrial 51,31,31,2288.42,2288.42,2024-11-25,2024-11-25,completed
Item SKU Industrial 5,33,33,1041.81,1041.81,2025-03-21,2025-03-21,completed
Item SKU Industrial 355,53,53,1025.55,1025.55,2025-10-23,2025-10-23,completed
Item SKU Industrial 395,51,51,7551.57,7551.57,2025-03-22,2025-03-22,completed
Item SKU Industrial 365,44,44,1724.8,1724.8,2025-02-13,2025-02-13,completed
Item SKU Industrial 384,33,33,7123.05,7123.05,2025-07-25,2025-07-27,completed_late
Item SKU Industrial 130,39,39,3845.79,4422.66,2026-04-19,2026-04-19,completed
Item SKU Industrial 110,26,26,1961.7,1961.7,2026-03-22,2026-03-22,completed
Item SKU Industrial 234,34,34,2262.02,2262.02,2026-02-19,2026-02-19,completed
Item SKU Industrial 451,19,19,3605.63,3605.63,2026-01-23,2026-01-23,completed
Item SKU Industrial 228,37,37,826.21,826.21,2025-02-08,2025-02-08,completed
Item SKU Industrial 183,4,4,36.96,36.96,2025-07-14,2025-07-14,completed
Item SKU Industrial 490,22,22,982.96,982.96,2025-11-24,2025-11-26,completed_late
Item SKU Industrial 180,44,44,8496.4,8496.4,2024-08-04,2024-08-04,completed
Item SKU Industrial 271,16,16,2898.4,2898.4,2025-06-18,2025-06-18,completed
Item SKU Industrial 222,2,2,180.68,180.68,2025-10-06,2025-10-06,completed
Item SKU Industrial 464,41,41,3300.5,3300.5,2026-03-14,2026-03-14,completed
Item SKU Industrial 371,8,8,1834.08,2109.19,2024-03-08,2024-03-08,completed
Item SKU Industrial 446,16,16,1840.0,1840.0,2025-01-30,2025-01-30,completed
Item SKU Industrial 346,39,39,7743.45,7743.45,2024-02-05,2024-02-07,completed_late
Item SKU Industrial 336,40,40,4510.8,4510.8,2025-09-15,2025-09-15,completed
Item SKU Industrial 464,18,18,1449.0,1449.0,2025-12-20,2025-12-20,completed
Item SKU Industrial 471,40,40,2238.8,2238.8,2025-07-28,2025-08-05,completed_late
Item SKU Industrial 190,31,31,1427.86,1427.86,2024-11-11,2024-11-11,completed
Item SKU Industrial 489,9,9,501.84,501.84,2024-10-26,2024-10-26,completed
Item SKU Industrial 14,5,5,523.05,523.05,2025-04-17,2025-04-17,completed
Item SKU Industrial 244,16,16,2275.84,2275.84,2026-02-09,2026-02-11,completed_late
Item SKU Industrial 333,47,47,6298.94,6298.94,2025-10-05,2025-10-05,completed
Item SKU Industrial 176,11,11,843.15,969.62,2025-03-24,2025-03-24,completed
Item SKU Industrial 331,24,24,10313.52,10313.52,2025-10-24,2025-10-24,completed
Item SKU Industrial 126,38,38,3815.2,3815.2,2025-11-22,2025-11-22,completed
Item SKU Industrial 144,52,52,20956.52,20956.52,2025-03-08,2025-03-08,completed
Item SKU Industrial 85,23,23,397.9,397.9,2024-04-21,2024-04-21,completed
Item SKU Industrial 398,49,49,953.05,953.05,2024-03-29,2024-03-31,completed_late
Item SKU Industrial 70,5,5,758.75,758.75,2026-05-17,2026-05-17,completed
Item SKU Industrial 69,12,12,433.08,433.08,2025-01-03,2025-01-03,completed
Item SKU Industrial 424,17,17,1646.79,1646.79,2026-03-02,2026-03-02,completed
Item SKU Industrial 373,14,14,940.8,940.8,2025-08-08,2025-08-08,completed
Item SKU Industrial 171,33,33,1309.11,1309.11,2025-05-29,2025-05-29,completed
Item SKU Industrial 203,3,3,688.2,791.43,2025-11-06,2025-11-06,completed
Item SKU Industrial 205,26,26,888.16,888.16,2024-04-18,2024-04-20,completed_late
Item SKU Industrial 385,44,44,6115.12,6115.12,2025-04-27,2025-04-27,completed
Item SKU Industrial 491,16,16,1312.8,1312.8,2024-09-09,2024-09-09,completed
Item SKU Industrial 197,1,1,152.93,152.93,2025-07-03,2025-07-03,completed
Item SKU Industrial 119,52,52,1245.4,1245.4,2024-03-29,2024-03-29,completed
Item SKU Industrial 397,1,1,147.26,147.26,2024-09-14,2024-09-14,completed
Item SKU Industrial 389,19,19,1928.69,1928.69,2025-07-17,2025-07-17,completed
Item SKU Industrial 185,36,36,3254.76,3254.76,2024-06-14,2024-06-16,completed_late
Item SKU Industrial 141,38,38,304.0,304.0,2026-05-02,2026-05-02,completed
Item SKU Industrial 428,50,50,4274.5,4274.5,2025-08-11,2025-08-11,completed
Item SKU Industrial 343,5,5,1381.15,1588.32,2025-10-17,2025-10-17,completed
Item SKU Industrial 430,34,34,2020.62,2020.62,2025-09-14,2025-09-22,completed_late
Item SKU Industrial 464,44,44,3542.0,3542.0,2025-03-28,2025-03-28,completed
Item SKU Industrial 276,31,31,455.7,455.7,2025-05-24,2025-05-24,completed
Item SKU Industrial 70,39,39,5918.25,5918.25,2026-03-08,2026-03-10,completed_late
Item SKU Industrial 116,48,48,2749.44,2749.44,2024-03-01,2024-03-01,completed
Item SKU Industrial 3,14,14,102.9,102.9,2025-08-04,2025-08-04,completed
Item SKU Industrial 94,35,35,956.2,956.2,2025-11-24,2025-11-24,completed
Item SKU Industrial 138,40,40,8305.2,8305.2,2025-12-08,2025-12-08,completed
Item SKU Industrial 16,48,48,19188.0,19188.0,2025-06-26,2025-06-26,completed
Item SKU Industrial 322,52,52,1519.44,1519.44,2026-01-10,2026-01-10,completed
Item SKU Industrial 301,12,12,3771.72,4337.48,2025-06-12,2025-06-14,completed_late
Item SKU Industrial 139,13,13,2113.67,2113.67,2026-04-03,2026-04-03,completed
Item SKU Industrial 382,6,6,466.8,466.8,2024-08-17,2024-08-17,completed
Item SKU Industrial 47,45,45,6281.1,6281.1,2024-12-28,2024-12-28,completed
Item SKU Industrial 446,7,7,805.0,805.0,2024-06-24,2024-06-24,completed
Item SKU Industrial 219,9,9,347.94,347.94,2026-03-07,2026-03-07,completed
Item SKU Industrial 175,53,53,5885.65,5885.65,2024-04-01,2024-04-01,completed
Item SKU Industrial 495,37,37,7602.76,7602.76,2024-02-22,2024-02-24,completed_late
Item SKU Industrial 234,47,47,3126.91,3126.91,2025-11-21,2025-11-21,completed
Item SKU Industrial 9,34,34,6643.6,6643.6,2025-08-28,2025-08-28,completed
Item SKU Industrial 387,1,1,31.82,31.82,2025-11-10,2025-11-10,completed
Item SKU Industrial 101,52,52,21282.56,24474.94,2025-02-04,2025-02-04,completed
Item SKU Industrial 222,39,39,3523.26,3523.26,2025-01-24,2025-01-24,completed
Item SKU Industrial 414,5,5,316.05,316.05,2026-03-02,2026-03-02,completed
Item SKU Industrial 3,14,14,102.9,102.9,2025-07-14,2025-07-16,completed_late
Item SKU Industrial 191,18,18,1611.36,1611.36,2024-02-29,2024-02-29,completed
Item SKU Industrial 418,50,50,2863.0,2863.0,2026-03-30,2026-03-30,completed
Item SKU Industrial 51,42,42,3100.44,3100.44,2025-08-16,2025-08-16,completed
Item SKU Industrial 474,26,26,1582.36,1582.36,2025-02-15,2025-02-15,completed
Item SKU Industrial 125,14,14,5205.2,5205.2,2025-01-17,2025-01-25,completed_late
Item SKU Industrial 382,3,3,233.4,233.4,2025-01-03,2025-01-03,completed
Item SKU Industrial 291,27,27,520.83,520.83,2025-02-21,2025-02-23,completed_late
Item SKU Industrial 110,38,38,2867.1,3297.16,2026-03-05,2026-03-05,completed
Item SKU Industrial 301,24,24,7543.44,7543.44,2024-11-28,2024-11-28,completed
Item SKU Industrial 473,5,5,2662.45,2662.45,2026-05-15,2026-05-15,completed
Item SKU Industrial 189,6,6,36.54,36.54,2026-02-17,2026-02-17,completed
Item SKU Industrial 201,42,42,9995.58,9995.58,2024-01-19,2024-01-19,completed
Item SKU Industrial 403,42,42,4782.96,4782.96,2026-04-04,2026-04-04,completed
Item SKU Industrial 408,9,9,277.2,277.2,2026-03-13,2026-03-15,completed_late
Item SKU Industrial 172,45,45,703.35,703.35,2025-09-15,2025-09-15,completed
Item SKU Industrial 248,46,46,2045.62,2045.62,2026-04-29,2026-04-29,completed
Item SKU Industrial 314,38,38,4247.26,4247.26,2026-05-24,2026-05-24,completed
Item SKU Industrial 312,40,40,2987.6,2987.6,2025-03-14,2025-03-14,completed
Item SKU Industrial 202,28,28,456.96,525.5,2025-11-17,2025-11-17,completed
Item SKU Industrial 438,51,51,925.14,925.14,2025-11-01,2025-11-01,completed
Item SKU Industrial 421,34,34,6893.16,6893.16,2026-01-04,2026-01-06,completed_late
Item SKU Industrial 452,2,2,72.66,72.66,2025-06-27,2025-06-27,completed
Item SKU Industrial 325,48,48,3045.12,3045.12,2025-12-22,2025-12-22,completed
Item SKU Industrial 130,13,13,1281.93,1281.93,2025-03-27,2025-03-27,completed
Item SKU Industrial 408,13,13,400.4,400.4,2025-01-10,2025-01-10,completed
Item SKU Industrial 96,3,3,20.61,20.61,2026-03-27,2026-03-27,completed
Item SKU Industrial 143,17,17,2456.33,2456.33,2025-03-27,2025-03-27,completed
Item SKU Industrial 298,18,18,245.16,245.16,2025-08-31,2025-09-02,completed_late
Item SKU Industrial 463,9,9,410.4,410.4,2024-11-30,2024-11-30,completed
Item SKU Industrial 367,45,45,1534.5,1764.68,2024-03-25,2024-03-25,completed
Item SKU Industrial 453,50,50,2021.5,2021.5,2025-12-04,2025-12-04,completed
Item SKU Industrial 178,34,34,2139.28,2139.28,2025-10-13,2025-10-13,completed
Item SKU Industrial 241,46,46,11006.88,11006.88,2024-04-04,2024-04-04,completed
Item SKU Industrial 103,15,15,977.4,977.4,2025-01-10,2025-01-18,completed_late
Item SKU Industrial 192,47,47,2403.11,2403.11,2025-07-13,2025-07-15,completed_late
Item SKU Industrial 144,23,23,9269.23,9269.23,2025-01-18,2025-01-18,completed
Item SKU Industrial 19,7,7,808.36,808.36,2025-01-30,2025-01-30,completed
Item SKU Industrial 420,40,40,287.6,287.6,2025-01-18,2025-01-18,completed
Item SKU Industrial 491,13,13,1066.65,1066.65,2024-07-07,2024-07-07,completed
Item SKU Industrial 39,41,41,3214.4,3214.4,2026-02-28,2026-02-28,completed
Item SKU Industrial 12,25,25,887.75,1020.91,2024-04-21,2024-04-21,completed
Item SKU Industrial 209,34,34,1204.62,1204.62,2025-03-16,2025-03-18,completed_late
Item SKU Industrial 299,23,23,1568.83,1568.83,2025-11-16,2025-11-16,completed
Item SKU Industrial 400,2,2,240.6,240.6,2025-07-23,2025-07-23,completed
Item SKU Industrial 274,22,22,2970.66,2970.66,2026-04-10,2026-04-10,completed
Item SKU Industrial 74,24,24,904.32,904.32,2025-06-22,2025-06-22,completed
Item SKU Industrial 497,17,17,490.62,490.62,2024-10-12,2024-10-12,completed
Item SKU Industrial 349,12,12,1451.28,1451.28,2026-01-22,2026-01-22,completed
Item SKU Industrial 164,53,53,3106.33,3106.33,2024-02-17,2024-02-19,completed_late
Item SKU Industrial 475,33,33,2793.12,2793.12,2026-03-05,2026-03-05,completed
Item SKU Industrial 374,30,30,5196.0,5196.0,2026-02-10,2026-02-10,completed
Item SKU Industrial 199,26,26,2365.74,2720.6,2024-01-13,2024-01-13,completed
Item SKU Industrial 161,51,51,13319.67,13319.67,2025-09-11,2025-09-11,completed
Item SKU Industrial 215,33,33,722.04,722.04,2024-08-29,2024-08-29,completed
Item SKU Industrial 331,35,35,15040.55,15040.55,2026-05-10,2026-05-10,completed
Item SKU Industrial 5,23,23,726.11,726.11,2025-11-30,2025-12-02,completed_late
Item SKU Industrial 191,30,30,2685.6,2685.6,2024-10-12,2024-10-12,completed
Item SKU Industrial 98,52,52,437.84,437.84,2026-02-26,2026-02-26,completed
Item SKU Industrial 392,37,37,4392.27,4392.27,2025-02-06,2025-02-06,completed
Item SKU Industrial 108,5,5,264.7,264.7,2024-09-06,2024-09-06,completed
Item SKU Industrial 379,26,26,922.74,922.74,2025-12-29,2025-12-29,completed
Item SKU Industrial 393,3,3,504.81,504.81,2024-05-18,2024-05-18,completed
Item SKU Industrial 379,36,36,1277.64,1469.29,2025-01-21,2025-01-29,completed_late
Item SKU Industrial 212,17,17,223.72,223.72,2026-03-07,2026-03-07,completed
Item SKU Industrial 306,3,3,479.28,479.28,2025-08-01,2025-08-01,completed
Item SKU Industrial 80,49,49,657.58,657.58,2024-09-06,2024-09-06,completed
Item SKU Industrial 200,49,49,8518.65,8518.65,2025-01-27,2025-01-27,completed
Item SKU Industrial 471,29,29,1623.13,1623.13,2024-12-13,2024-12-13,completed
Item SKU Industrial 308,13,13,264.94,264.94,2024-03-08,2024-03-08,completed
Item SKU Industrial 100,27,27,1742.58,1742.58,2025-11-17,2025-11-19,completed_late
Item SKU Industrial 126,25,25,2510.0,2510.0,2025-05-26,2025-05-26,completed
Item SKU Industrial 11,14,14,2246.3,2246.3,2024-05-24,2024-05-24,completed
Item SKU Industrial 427,26,26,570.18,570.18,2026-03-23,2026-03-23,completed
Item SKU Industrial 493,50,50,982.5,1129.88,2024-08-15,2024-08-15,completed
Item SKU Industrial 91,33,33,1210.44,1210.44,2026-04-23,2026-04-23,completed
Item SKU Industrial 166,11,11,2672.12,2672.12,2025-05-18,2025-05-18,completed
Item SKU Industrial 465,27,27,2492.1,2492.1,2025-11-27,2025-11-29,completed_late
Item SKU Industrial 106,48,48,4350.24,4350.24,2026-01-01,2026-01-01,completed
Item SKU Industrial 388,49,49,1198.05,1198.05,2024-03-14,2024-03-14,completed
Item SKU Industrial 364,22,22,1279.08,1279.08,2024-03-01,2024-03-01,completed
Item SKU Industrial 268,13,13,335.92,335.92,2025-12-15,2025-12-15,completed
Item SKU Industrial 432,37,37,9032.44,9032.44,2025-08-16,2025-08-16,completed
Item SKU Industrial 39,4,4,313.6,313.6,2024-05-16,2024-05-16,completed
Item SKU Industrial 463,30,30,1368.0,1368.0,2024-06-03,2024-06-05,completed_late
Item SKU Industrial 22,13,13,2516.02,2893.42,2025-12-25,2025-12-25,completed
Item SKU Industrial 386,15,15,286.8,286.8,2026-03-09,2026-03-09,completed
Item SKU Industrial 413,52,52,2223.52,2223.52,2025-11-28,2025-11-28,completed
Item SKU Industrial 319,20,20,517.8,517.8,2025-08-11,2025-08-11,completed
Item SKU Industrial 261,2,2,96.78,96.78,2026-01-24,2026-01-24,completed
Item SKU Industrial 230,35,35,552.3,552.3,2026-01-05,2026-01-05,completed
Item SKU Industrial 462,13,13,2395.38,2395.38,2026-03-21,2026-03-23,completed_late
Item SKU Industrial 265,17,17,804.61,804.61,2024-08-02,2024-08-10,completed_late
Item SKU Industrial 441,53,53,4043.9,4043.9,2025-06-08,2025-06-08,completed
Item SKU Industrial 92,33,33,1055.67,1055.67,2026-04-12,2026-04-12,completed
Item SKU Industrial 437,33,33,4365.24,4365.24,2026-05-14,2026-05-14,completed
Item SKU Industrial 128,19,19,619.02,711.87,2026-04-30,2026-04-30,completed
Item SKU Industrial 493,12,12,235.8,235.8,2025-03-15,2025-03-15,completed
Item SKU Industrial 409,20,20,861.2,861.2,2026-04-07,2026-04-09,completed_late
Item SKU Industrial 86,36,36,624.6,624.6,2024-09-10,2024-09-10,completed
Item SKU Industrial 426,20,20,1856.6,1856.6,2024-05-03,2024-05-03,completed
Item SKU Industrial 275,1,1,53.88,53.88,2025-09-26,2025-09-26,completed
Item SKU Industrial 328,11,11,468.27,468.27,2024-02-15,2024-02-15,completed
Item SKU Industrial 269,40,40,1301.2,1301.2,2025-11-16,2025-11-16,completed
Item SKU Industrial 86,23,23,399.05,399.05,2025-09-14,2025-09-14,completed
Item SKU Industrial 252,1,1,63.37,63.37,2025-12-19,2025-12-21,completed_late
Item SKU Industrial 30,51,51,2233.8,2233.8,2025-12-20,2025-12-20,completed
Item SKU Industrial 297,39,39,8630.7,9925.3,2024-05-27,2024-05-27,completed
Item SKU Industrial 118,26,26,716.3,716.3,2025-12-05,2025-12-05,completed
Item SKU Industrial 430,41,41,2436.63,2436.63,2024-05-04,2024-05-04,completed
Item SKU Industrial 19,51,51,5889.48,5889.48,2025-10-24,2025-10-24,completed
Item SKU Industrial 215,17,17,371.96,371.96,2026-02-19,2026-02-19,completed
Item SKU Industrial 226,38,38,754.68,754.68,2026-04-24,2026-04-26,completed_late
Item SKU Industrial 201,3,3,713.97,713.97,2026-05-24,2026-05-24,completed
Item SKU Industrial 228,20,20,446.6,446.6,2025-06-05,2025-06-05,completed
Item SKU Industrial 143,18,18,2600.82,2600.82,2025-01-16,2025-01-16,completed
Item SKU Industrial 97,35,35,12150.25,12150.25,2025-01-09,2025-01-09,completed
Item SKU Industrial 398,3,3,58.35,58.35,2024-09-27,2024-09-27,completed
Item SKU Industrial 344,31,31,571.64,657.39,2024-08-16,2024-08-16,completed
Item SKU Industrial 331,36,36,15470.28,15470.28,2024-08-31,2024-09-02,completed_late
Item SKU Industrial 11,34,34,5455.3,5455.3,2025-04-05,2025-04-05,completed
Item SKU Industrial 440,38,38,6828.98,6828.98,2026-01-29,2026-02-06,completed_late
Item SKU Industrial 462,30,30,5527.8,5527.8,2024-03-07,2024-03-07,completed
Item SKU Industrial 226,44,44,873.84,873.84,2026-02-26,2026-02-26,completed
Item SKU Industrial 418,29,29,1660.54,1660.54,2025-06-02,2025-06-02,completed
Item SKU Industrial 377,13,13,3352.05,3352.05,2025-02-20,2025-02-20,completed
Item SKU Industrial 405,39,39,3513.51,3513.51,2025-08-15,2025-08-17,completed_late
Item SKU Industrial 170,30,30,2567.7,2567.7,2025-08-02,2025-08-02,completed
Item SKU Industrial 438,37,37,671.18,671.18,2024-03-01,2024-03-01,completed
Item SKU Industrial 175,38,38,4219.9,4852.88,2024-07-12,2024-07-12,completed
Item SKU Industrial 140,45,45,400.95,400.95,2026-04-23,2026-04-23,completed
Item SKU Industrial 314,13,13,1453.01,1453.01,2024-11-25,2024-11-25,completed
Item SKU Industrial 344,25,25,461.0,461.0,2026-03-23,2026-03-23,completed
Item SKU Industrial 291,16,16,308.64,308.64,2024-05-10,2024-05-12,completed_late
Item SKU Industrial 203,53,53,12158.2,12158.2,2025-09-13,2025-09-13,completed
Item SKU Industrial 61,34,34,3723.68,3723.68,2025-06-05,2025-06-05,completed
Item SKU Industrial 17,52,52,2118.48,2118.48,2025-06-27,2025-06-27,completed
Item SKU Industrial 282,42,42,1598.1,1598.1,2025-01-26,2025-01-26,completed
Item SKU Industrial 112,49,49,447.37,447.37,2025-09-22,2025-09-22,completed
Item SKU Industrial 378,28,28,2674.28,2674.28,2026-01-17,2026-01-17,completed
Item SKU Industrial 134,27,27,5935.14,6825.41,2024-10-18,2024-10-20,completed_late
Item SKU Industrial 324,45,45,900.45,900.45,2025-02-20,2025-02-20,completed
Item SKU Industrial 3,11,11,80.85,80.85,2025-04-03,2025-04-03,completed
Item SKU Industrial 354,48,48,967.68,967.68,2025-05-18,2025-05-18,completed
Item SKU Industrial 420,18,18,129.42,129.42,2025-02-08,2025-02-08,completed
Item SKU Industrial 168,6,6,166.2,166.2,2026-01-09,2026-01-09,completed
Item SKU Industrial 230,31,31,489.18,489.18,2024-12-20,2024-12-20,completed
Item SKU Industrial 229,53,53,709.14,709.14,2026-04-11,2026-04-13,completed_late
Item SKU Industrial 28,16,16,964.32,964.32,2025-03-29,2025-03-29,completed
Item SKU Industrial 317,38,38,1738.12,1738.12,2024-08-07,2024-08-07,completed
Item SKU Industrial 189,30,30,182.7,182.7,2025-04-20,2025-04-28,completed_late
Item SKU Industrial 214,24,24,394.08,453.19,2024-04-21,2024-04-21,completed
Item SKU Industrial 436,8,8,2535.68,2535.68,2024-01-04,2024-01-04,completed
Item SKU Industrial 35,45,45,640.35,640.35,2024-05-13,2024-05-13,completed
Item SKU Industrial 324,17,17,340.17,340.17,2025-07-27,2025-07-29,completed_late
Item SKU Industrial 2,16,16,2223.2,2223.2,2025-08-27,2025-08-27,completed
Item SKU Industrial 193,7,7,318.57,318.57,2025-01-31,2025-01-31,completed
Item SKU Industrial 172,2,2,31.26,31.26,2024-11-15,2024-11-15,completed
Item SKU Industrial 146,53,53,4151.49,4151.49,2025-07-04,2025-07-04,completed
Item SKU Industrial 129,37,37,6078.73,6078.73,2025-07-05,2025-07-05,completed
Item SKU Industrial 28,9,9,542.43,542.43,2025-05-08,2025-05-08,completed
Item SKU Industrial 396,27,27,458.19,458.19,2025-02-14,2025-02-16,completed_late
Item SKU Industrial 310,18,18,3646.44,4193.41,2025-07-26,2025-07-26,completed
Item SKU Industrial 140,20,20,178.2,178.2,2025-08-23,2025-08-23,completed
Item SKU Industrial 423,31,31,2282.84,2282.84,2024-07-29,2024-07-29,completed
Item SKU Industrial 49,1,1,65.38,65.38,2025-09-05,2025-09-05,completed
Item SKU Industrial 368,40,40,5320.8,5320.8,2026-05-01,2026-05-01,completed
Item SKU Industrial 70,26,26,3945.5,3945.5,2025-03-16,2025-03-16,completed
Item SKU Industrial 218,29,29,725.58,725.58,2026-03-16,2026-03-18,completed_late
Item SKU Industrial 174,28,28,1603.84,1603.84,2025-09-28,2025-09-28,completed
Item SKU Industrial 146,39,39,3054.87,3054.87,2026-01-25,2026-01-25,completed
Item SKU Industrial 398,26,26,505.7,505.7,2026-03-02,2026-03-02,completed
Item SKU Industrial 358,27,27,2535.3,2535.3,2024-02-01,2024-02-01,completed
Item SKU Industrial 301,22,22,6914.82,7952.04,2024-12-16,2024-12-16,completed
Item SKU Industrial 85,14,14,242.2,242.2,2026-05-02,2026-05-02,completed
Item SKU Industrial 20,28,28,1054.2,1054.2,2025-08-30,2025-09-01,completed_late
Item SKU Industrial 337,45,45,3799.8,3799.8,2026-01-09,2026-01-09,completed
Item SKU Industrial 300,16,16,715.68,715.68,2024-11-02,2024-11-02,completed
Item SKU Industrial 141,36,36,288.0,288.0,2025-12-11,2025-12-11,completed
Item SKU Industrial 76,3,3,348.63,348.63,2025-11-10,2025-11-18,completed_late
Item SKU Industrial 443,23,23,1004.18,1004.18,2025-04-28,2025-04-28,completed
Item SKU Industrial 490,20,20,893.6,893.6,2026-02-02,2026-02-02,completed
Item SKU Industrial 333,4,4,536.08,536.08,2025-11-28,2025-11-30,completed_late
Item SKU Industrial 465,3,3,276.9,276.9,2024-10-05,2024-10-05,completed
Item SKU Industrial 98,38,38,319.96,367.95,2024-03-29,2024-03-29,completed
Item SKU Industrial 221,18,18,1110.06,1110.06,2024-05-12,2024-05-12,completed
Item SKU Industrial 387,14,14,445.48,445.48,2026-04-17,2026-04-17,completed
Item SKU Industrial 44,15,15,1702.05,1702.05,2026-01-29,2026-01-29,completed
Item SKU Industrial 305,40,40,7610.8,7610.8,2024-12-14,2024-12-14,completed
Item SKU Industrial 268,9,9,232.56,232.56,2024-01-25,2024-01-27,completed_late
Item SKU Industrial 32,52,52,2569.84,2569.84,2024-09-19,2024-09-19,completed
Item SKU Industrial 247,51,51,1219.92,1219.92,2024-03-04,2024-03-04,completed
Item SKU Industrial 59,12,12,180.96,180.96,2025-10-07,2025-10-07,completed
Item SKU Industrial 304,29,29,9037.27,9037.27,2025-08-26,2025-08-26,completed
Item SKU Industrial 37,28,28,6109.88,6109.88,2026-02-26,2026-02-26,completed
Item SKU Industrial 198,5,5,263.85,303.43,2026-04-06,2026-04-06,completed
Item SKU Industrial 298,50,50,681.0,681.0,2026-03-17,2026-03-19,completed_late
Item SKU Industrial 465,34,34,3138.2,3138.2,2025-07-05,2025-07-05,completed
Item SKU Industrial 411,45,45,9858.15,9858.15,2024-02-08,2024-02-08,completed
Item SKU Industrial 353,39,39,4719.0,4719.0,2026-04-05,2026-04-05,completed
Item SKU Industrial 297,4,4,885.2,885.2,2024-10-07,2024-10-07,completed
Item SKU Industrial 74,11,11,414.48,414.48,2024-05-05,2024-05-05,completed
Item SKU Industrial 150,18,18,2329.92,2329.92,2025-05-04,2025-05-04,completed
Item SKU Industrial 245,47,47,5089.16,5089.16,2026-04-03,2026-04-05,completed_late
Item SKU Industrial 106,33,33,2990.79,2990.79,2024-07-10,2024-07-10,completed
Item SKU Industrial 59,42,42,633.36,633.36,2024-09-30,2024-09-30,completed
Item SKU Industrial 101,12,12,4911.36,5648.06,2024-08-24,2024-08-24,completed
Item SKU Industrial 64,12,12,1392.36,1392.36,2026-04-24,2026-04-24,completed
Item SKU Industrial 337,11,11,928.84,928.84,2026-03-27,2026-04-04,completed_late
Item SKU Industrial 357,39,39,6651.84,6651.84,2024-01-26,2024-01-26,completed
Item SKU Industrial 109,9,9,786.42,786.42,2024-01-11,2024-01-13,completed_late
Item SKU Industrial 126,17,17,1706.8,1706.8,2025-01-20,2025-01-20,completed
Item SKU Industrial 47,4,4,558.32,558.32,2026-04-09,2026-04-09,completed
Item SKU Industrial 306,24,24,3834.24,3834.24,2024-07-05,2024-07-05,completed
Item SKU Industrial 409,46,46,1980.76,1980.76,2025-03-14,2025-03-14,completed
Item SKU Industrial 346,45,45,8934.75,8934.75,2026-04-17,2026-04-17,completed
Item SKU Industrial 285,51,51,4279.92,4279.92,2024-01-07,2024-01-07,completed
Item SKU Industrial 82,5,5,31.2,35.88,2024-11-17,2024-11-19,completed_late
Item SKU Industrial 424,15,15,1453.05,1453.05,2024-06-01,2024-06-01,completed
Item SKU Industrial 166,31,31,7530.52,7530.52,2025-10-20,2025-10-20,completed
Item SKU Industrial 368,41,41,5453.82,5453.82,2025-07-04,2025-07-04,completed
Item SKU Industrial 273,52,52,5768.88,5768.88,2025-02-22,2025-02-22,completed
Item SKU Industrial 486,37,37,4906.2,4906.2,2026-01-24,2026-01-24,completed
Item SKU Industrial 255,49,49,1220.1,1220.1,2026-02-08,2026-02-08,completed
Item SKU Industrial 27,30,30,6627.6,6627.6,2026-04-23,2026-04-25,completed_late
Item SKU Industrial 127,19,19,1183.32,1183.32,2026-01-17,2026-01-17,completed
Item SKU Industrial 487,51,51,3006.96,3006.96,2024-09-06,2024-09-06,completed
Item SKU Industrial 350,24,24,1943.28,1943.28,2024-10-23,2024-10-23,completed
Item SKU Industrial 342,41,41,6496.86,7471.39,2025-01-12,2025-01-12,completed
Item SKU Industrial 409,46,46,1980.76,1980.76,2025-08-09,2025-08-09,completed
Item SKU Industrial 84,12,12,129.12,129.12,2025-09-10,2025-09-10,completed
Item SKU Industrial 303,51,51,2723.4,2723.4,2025-05-06,2025-05-08,completed_late
Item SKU Industrial 210,48,48,3635.52,3635.52,2025-11-22,2025-11-22,completed
Item SKU Industrial 344,11,11,202.84,202.84,2026-03-05,2026-03-05,completed
Item SKU Industrial 16,49,49,19587.75,19587.75,2024-09-19,2024-09-19,completed
Item SKU Industrial 170,50,50,4279.5,4279.5,2025-04-21,2025-04-21,completed
Item SKU Industrial 23,5,5,218.4,218.4,2025-09-12,2025-09-12,completed
Item SKU Industrial 445,15,15,480.9,480.9,2024-01-25,2024-02-02,completed_late
Item SKU Industrial 169,30,30,2660.4,2660.4,2026-01-26,2026-01-28,completed_late
Item SKU Industrial 358,42,42,3943.8,4535.37,2026-05-12,2026-05-12,completed
Item SKU Industrial 187,28,28,674.8,674.8,2024-03-27,2024-03-27,completed
Item SKU Industrial 362,50,50,2722.0,2722.0,2025-05-25,2025-05-25,completed
Item SKU Industrial 31,14,14,2393.72,2393.72,2025-12-14,2025-12-14,completed
Item SKU Industrial 273,45,45,4992.3,4992.3,2024-11-14,2024-11-14,completed
Item SKU Industrial 309,30,30,2532.9,2532.9,2025-06-09,2025-06-09,completed
Item SKU Industrial 350,47,47,3805.59,3805.59,2025-11-21,2025-11-23,completed_late
Item SKU Industrial 206,9,9,596.61,596.61,2025-06-09,2025-06-09,completed
Item SKU Industrial 263,17,17,503.54,503.54,2024-08-01,2024-08-01,completed
Item SKU Industrial 421,18,18,3649.32,3649.32,2024-02-09,2024-02-09,completed
Item SKU Industrial 186,38,38,4727.2,4727.2,2025-10-23,2025-10-23,completed
Item SKU Industrial 471,36,36,2014.92,2317.16,2025-11-14,2025-11-14,completed
Item SKU Industrial 158,19,19,7679.99,7679.99,2025-12-29,2025-12-29,completed
Item SKU Industrial 1,14,14,612.36,612.36,2024-10-18,2024-10-20,completed_late
Item SKU Industrial 168,20,20,554.0,554.0,2024-04-13,2024-04-13,completed
Item SKU Industrial 235,17,17,1901.79,1901.79,2024-08-05,2024-08-05,completed
Item SKU Industrial 30,16,16,700.8,700.8,2025-03-14,2025-03-14,completed
Item SKU Industrial 482,25,25,194.75,194.75,2025-01-17,2025-01-17,completed
Item SKU Industrial 358,14,14,1314.6,1314.6,2025-09-12,2025-09-12,completed
Item SKU Industrial 488,8,8,474.16,474.16,2025-07-11,2025-07-11,completed
Item SKU Industrial 127,35,35,2179.8,2179.8,2026-03-22,2026-03-24,completed_late
Item SKU Industrial 36,31,31,1343.85,1343.85,2026-03-28,2026-03-28,completed
Item SKU Industrial 157,53,53,31833.92,36609.01,2024-04-06,2024-04-06,completed
Item SKU Industrial 239,37,37,522.44,522.44,2026-03-05,2026-03-05,completed
Item SKU Industrial 443,41,41,1790.06,1790.06,2024-10-10,2024-10-10,completed
Item SKU Industrial 374,46,46,7967.2,7967.2,2026-03-14,2026-03-14,completed
Item SKU Industrial 488,4,4,237.08,237.08,2025-09-11,2025-09-11,completed
Item SKU Industrial 430,28,28,1664.04,1664.04,2024-11-25,2024-12-03,completed_late
Item SKU Industrial 415,53,53,12309.78,12309.78,2026-03-06,2026-03-06,completed
Item SKU Industrial 493,23,23,451.95,451.95,2024-09-22,2024-09-22,completed
Item SKU Industrial 444,1,1,11.44,11.44,2024-09-20,2024-09-20,completed
Item SKU Industrial 62,19,19,209.0,209.0,2025-11-14,2025-11-14,completed
Item SKU Industrial 139,53,53,8617.27,8617.27,2025-02-16,2025-02-16,completed
Item SKU Industrial 26,34,34,417.52,480.15,2025-06-05,2025-06-05,completed
Item SKU Industrial 144,37,37,14911.37,14911.37,2025-09-22,2025-09-24,completed_late
Item SKU Industrial 81,52,52,3732.56,3732.56,2025-03-29,2025-03-29,completed
Item SKU Industrial 188,29,29,420.79,420.79,2024-12-07,2024-12-07,completed
Item SKU Industrial 417,33,33,2258.85,2258.85,2024-07-13,2024-07-13,completed
Item SKU Industrial 172,38,38,593.94,593.94,2024-12-01,2024-12-01,completed
Item SKU Industrial 278,9,9,624.87,624.87,2025-05-03,2025-05-03,completed
Item SKU Industrial 166,37,37,8988.04,8988.04,2025-05-31,2025-05-31,completed
Item SKU Industrial 244,26,26,3698.24,3698.24,2024-03-08,2024-03-10,completed_late
Item SKU Industrial 245,6,6,649.68,649.68,2026-04-17,2026-04-17,completed
Item SKU Industrial 322,27,27,788.94,788.94,2025-10-05,2025-10-05,completed
Item SKU Industrial 450,22,22,1555.84,1789.22,2024-10-18,2024-10-18,completed
Item SKU Industrial 372,52,52,2342.08,2342.08,2025-03-21,2025-03-21,completed
Item SKU Industrial 301,18,18,5657.58,5657.58,2024-11-04,2024-11-04,completed
Item SKU Industrial 330,14,14,143.78,143.78,2026-01-10,2026-01-10,completed
Item SKU Industrial 468,46,46,895.62,895.62,2024-01-12,2024-01-14,completed_late
Item SKU Industrial 490,50,50,2234.0,2234.0,2024-03-09,2024-03-09,completed
Item SKU Industrial 274,22,22,2970.66,2970.66,2025-08-10,2025-08-10,completed
Item SKU Industrial 150,51,51,6601.44,6601.44,2026-05-14,2026-05-14,completed
Item SKU Industrial 407,2,2,142.14,142.14,2026-04-17,2026-04-17,completed
Item SKU Industrial 112,30,30,273.9,273.9,2024-04-25,2024-04-25,completed
Item SKU Industrial 168,51,51,1412.7,1412.7,2025-02-14,2025-02-14,completed
Item SKU Industrial 273,22,22,2440.68,2806.78,2024-11-17,2024-11-19,completed_late
Item SKU Industrial 403,11,11,1252.68,1252.68,2025-11-27,2025-12-05,completed_late
Item SKU Industrial 485,3,3,36.84,36.84,2025-06-12,2025-06-12,completed
Item SKU Industrial 363,9,9,1373.04,1373.04,2024-06-14,2024-06-14,completed
Item SKU Industrial 351,24,24,3413.04,3413.04,2026-02-12,2026-02-12,completed
Item SKU Industrial 378,16,16,1528.16,1528.16,2024-12-15,2024-12-15,completed
Item SKU Industrial 53,36,36,6645.6,6645.6,2024-09-06,2024-09-06,completed
Item SKU Industrial 240,19,19,3850.35,3850.35,2025-03-14,2025-03-16,completed_late
Item SKU Industrial 180,19,19,3668.9,3668.9,2026-01-12,2026-01-12,completed
Item SKU Industrial 137,51,51,2977.38,2977.38,2025-03-30,2025-03-30,completed
Item SKU Industrial 186,22,22,2736.8,2736.8,2024-05-11,2024-05-11,completed
Item SKU Industrial 394,14,14,507.36,583.46,2025-12-28,2025-12-28,completed
Item SKU Industrial 106,6,6,543.78,543.78,2025-10-17,2025-10-17,completed
Item SKU Industrial 407,26,26,1847.82,1847.82,2025-09-07,2025-09-07,completed
Item SKU Industrial 211,29,29,861.3,861.3,2024-11-23,2024-11-25,completed_late
Item SKU Industrial 347,5,5,115.6,115.6,2025-03-02,2025-03-02,completed
Item SKU Industrial 61,45,45,4928.4,4928.4,2025-03-10,2025-03-10,completed
Item SKU Industrial 480,37,37,867.28,867.28,2025-12-04,2025-12-04,completed
Item SKU Industrial 235,52,52,5817.24,5817.24,2024-05-20,2024-05-20,completed
Item SKU Industrial 434,23,23,1253.73,1253.73,2026-05-22,2026-05-22,completed
Item SKU Industrial 291,39,39,752.31,752.31,2024-02-27,2024-02-27,completed
Item SKU Industrial 434,24,24,1308.24,1308.24,2026-05-01,2026-05-03,completed_late
Item SKU Industrial 138,27,27,5606.01,6446.91,2025-01-20,2025-01-20,completed
Item SKU Industrial 247,49,49,1172.08,1172.08,2024-03-23,2024-03-23,completed
Item SKU Industrial 111,24,24,3975.6,3975.6,2025-04-26,2025-04-26,completed
Item SKU Industrial 384,36,36,7770.6,7770.6,2025-06-28,2025-06-28,completed
Item SKU Industrial 473,8,8,4259.92,4259.92,2026-03-22,2026-03-22,completed
Item SKU Industrial 18,26,26,1133.6,1133.6,2025-02-23,2025-02-23,completed
Item SKU Industrial 178,42,42,2642.64,2642.64,2024-07-11,2024-07-13,completed_late
Item SKU Industrial 33,41,41,292.74,292.74,2026-04-09,2026-04-09,completed
Item SKU Industrial 343,35,35,9668.05,9668.05,2026-02-22,2026-03-02,completed_late
Item SKU Industrial 28,13,13,783.51,783.51,2025-05-24,2025-05-24,completed
Item SKU Industrial 370,11,11,278.52,278.52,2025-01-02,2025-01-02,completed
Item SKU Industrial 354,20,20,403.2,463.68,2024-01-08,2024-01-08,completed
Item SKU Industrial 290,39,39,588.12,588.12,2024-02-11,2024-02-11,completed
Item SKU Industrial 360,8,8,347.2,347.2,2025-03-14,2025-03-16,completed_late
Item SKU Industrial 289,8,8,182.48,182.48,2025-05-19,2025-05-19,completed
Item SKU Industrial 98,15,15,126.3,126.3,2025-11-03,2025-11-03,completed
Item SKU Industrial 364,20,20,1162.8,1162.8,2026-04-10,2026-04-10,completed
Item SKU Industrial 57,16,16,2141.92,2141.92,2025-08-25,2025-08-25,completed
Item SKU Industrial 495,38,38,7808.24,7808.24,2024-04-01,2024-04-01,completed
Item SKU Industrial 332,3,3,117.03,117.03,2024-07-25,2024-07-25,completed
Item SKU Industrial 126,47,47,4718.8,4718.8,2025-08-10,2025-08-12,completed_late
Item SKU Industrial 371,7,7,1604.82,1604.82,2024-07-25,2024-07-25,completed
Item SKU Industrial 131,41,41,774.9,891.13,2025-11-15,2025-11-15,completed
Item SKU Industrial 431,28,28,3616.76,3616.76,2024-07-06,2024-07-06,completed
Item SKU Industrial 365,47,47,1842.4,1842.4,2026-02-02,2026-02-02,completed
Item SKU Industrial 453,49,49,1981.07,1981.07,2025-07-20,2025-07-20,completed
Item SKU Industrial 220,4,4,714.44,714.44,2025-01-05,2025-01-05,completed
Item SKU Industrial 177,14,14,2478.7,2478.7,2024-04-24,2024-04-26,completed_late
Item SKU Industrial 307,26,26,683.02,683.02,2026-04-24,2026-04-24,completed
Item SKU Industrial 195,6,6,282.24,282.24,2025-12-11,2025-12-11,completed
Item SKU Industrial 268,23,23,594.32,594.32,2025-02-02,2025-02-02,completed
Item SKU Industrial 166,46,46,11174.32,11174.32,2024-04-27,2024-04-27,completed
Item SKU Industrial 18,11,11,479.6,479.6,2025-11-16,2025-11-16,completed
Item SKU Industrial 249,40,40,2622.8,3016.22,2025-06-20,2025-06-20,completed
Item SKU Industrial 320,41,41,668.71,668.71,2025-09-20,2025-09-22,completed_late
Item SKU Industrial 442,24,24,2163.84,2163.84,2025-12-08,2025-12-08,completed
Item SKU Industrial 10,20,20,2680.4,2680.4,2026-03-08,2026-03-08,completed
Item SKU Industrial 145,6,6,122.16,122.16,2025-12-21,2025-12-29,completed_late
Item SKU Industrial 141,36,36,288.0,288.0,2024-02-03,2024-02-03,completed
Item SKU Industrial 227,25,25,825.25,825.25,2025-07-03,2025-07-03,completed
Item SKU Industrial 398,3,3,58.35,58.35,2024-12-05,2024-12-05,completed
Item SKU Industrial 144,42,42,16926.42,16926.42,2024-11-12,2024-11-14,completed_late
Item SKU Industrial 325,13,13,824.72,824.72,2026-03-07,2026-03-07,completed
Item SKU Industrial 138,41,41,8512.83,8512.83,2025-03-24,2025-03-24,completed
Item SKU Industrial 195,9,9,423.36,486.86,2026-04-17,2026-04-17,completed
Item SKU Industrial 429,3,3,231.06,231.06,2025-12-16,2025-12-16,completed
Item SKU Industrial 213,2,2,39.0,39.0,2025-05-02,2025-05-02,completed
Item SKU Industrial 119,24,24,574.8,574.8,2025-08-17,2025-08-17,completed
Item SKU Industrial 87,51,51,4696.59,4696.59,2024-01-05,2024-01-07,completed_late
Item SKU Industrial 102,31,31,411.37,411.37,2025-10-04,2025-10-04,completed
Item SKU Industrial 438,34,34,616.76,616.76,2024-06-22,2024-06-22,completed
Item SKU Industrial 123,35,35,350.0,350.0,2025-02-16,2025-02-16,completed
Item SKU Industrial 344,38,38,700.72,700.72,2024-05-31,2024-05-31,completed
Item SKU Industrial 442,9,9,811.44,811.44,2024-10-05,2024-10-05,completed
Item SKU Industrial 455,4,4,230.2,230.2,2025-12-29,2025-12-29,completed
Item SKU Industrial 450,4,4,282.88,325.31,2024-05-05,2024-05-07,completed_late
Item SKU Industrial 315,26,26,547.04,547.04,2025-01-19,2025-01-19,completed
Item SKU Industrial 250,7,7,641.2,641.2,2024-09-01,2024-09-01,completed
Item SKU Industrial 17,20,20,814.8,814.8,2024-09-30,2024-09-30,completed
Item SKU Industrial 92,36,36,1151.64,1151.64,2025-08-10,2025-08-10,completed
Item SKU Industrial 214,52,52,853.84,853.84,2026-05-08,2026-05-08,completed
Item SKU Industrial 457,15,15,806.85,806.85,2024-08-22,2024-08-22,completed
Item SKU Industrial 112,41,41,374.33,374.33,2024-10-26,2024-10-28,completed_late
Item SKU Industrial 328,11,11,468.27,468.27,2025-06-19,2025-06-19,completed
Item SKU Industrial 488,36,36,2133.72,2133.72,2025-02-03,2025-02-03,completed
Item SKU Industrial 28,48,48,2892.96,2892.96,2024-02-04,2024-02-04,completed
Item SKU Industrial 2,26,26,3612.7,4154.6,2025-02-10,2025-02-18,completed_late
Item SKU Industrial 479,9,9,1539.9,1539.9,2025-06-27,2025-06-27,completed
Item SKU Industrial 450,45,45,3182.4,3182.4,2025-09-12,2025-09-12,completed
Item SKU Industrial 153,5,5,143.7,143.7,2024-06-13,2024-06-15,completed_late
Item SKU Industrial 241,24,24,5742.72,5742.72,2025-05-15,2025-05-15,completed
Item SKU Industrial 388,41,41,1002.45,1002.45,2026-04-24,2026-04-24,completed
Item SKU Industrial 220,36,36,6429.96,6429.96,2024-03-04,2024-03-04,completed
Item SKU Industrial 223,30,30,663.0,663.0,2025-03-28,2025-03-28,completed
Item SKU Industrial 100,12,12,774.48,774.48,2026-05-11,2026-05-11,completed
Item SKU Industrial 194,5,5,1101.75,1101.75,2024-09-06,2024-09-06,completed
Item SKU Industrial 120,11,11,583.22,583.22,2025-10-04,2025-10-06,completed_late
Item SKU Industrial 237,38,38,5326.08,6124.99,2025-04-05,2025-04-05,completed
Item SKU Industrial 1,14,14,612.36,612.36,2024-01-19,2024-01-19,completed
Item SKU Industrial 251,4,4,175.24,175.24,2026-02-13,2026-02-13,completed
Item SKU Industrial 67,31,31,9347.43,9347.43,2026-04-09,2026-04-09,completed
Item SKU Industrial 404,16,16,1698.4,1698.4,2025-05-08,2025-05-08,completed
Item SKU Industrial 134,20,20,4396.4,4396.4,2024-03-29,2024-03-29,completed
Item SKU Industrial 336,33,33,3721.41,3721.41,2025-06-28,2025-06-30,completed_late
Item SKU Industrial 484,8,8,575.6,575.6,2026-04-06,2026-04-06,completed
Item SKU Industrial 295,15,15,438.9,438.9,2025-04-09,2025-04-09,completed
Item SKU Industrial 207,41,41,14699.32,14699.32,2025-06-22,2025-06-22,completed
Item SKU Industrial 168,35,35,969.5,969.5,2024-10-06,2024-10-06,completed
Item SKU Industrial 19,8,8,923.84,1062.42,2024-04-18,2024-04-18,completed
Item SKU Industrial 344,11,11,202.84,202.84,2026-04-17,2026-04-17,completed
Item SKU Industrial 53,34,34,6276.4,6276.4,2026-04-26,2026-04-28,completed_late
Item SKU Industrial 196,24,24,1617.84,1617.84,2024-10-03,2024-10-03,completed
Item SKU Industrial 275,17,17,915.96,915.96,2025-07-22,2025-07-22,completed
Item SKU Industrial 346,49,49,9728.95,9728.95,2026-01-05,2026-01-05,completed
Item SKU Industrial 19,48,48,5543.04,5543.04,2025-09-13,2025-09-13,completed
Item SKU Industrial 83,26,26,1688.18,1688.18,2024-02-03,2024-02-11,completed_late
Item SKU Industrial 189,30,30,182.7,182.7,2026-01-05,2026-01-05,completed
Item SKU Industrial 391,17,17,1203.26,1203.26,2026-03-25,2026-03-27,completed_late
Item SKU Industrial 234,15,15,997.95,997.95,2025-09-12,2025-09-12,completed
Item SKU Industrial 354,30,30,604.8,695.52,2026-04-02,2026-04-02,completed
Item SKU Industrial 316,3,3,102.18,102.18,2025-09-04,2025-09-04,completed
Item SKU Industrial 248,44,44,1956.68,1956.68,2024-04-22,2024-04-22,completed
Item SKU Industrial 29,31,31,4348.68,4348.68,2024-09-26,2024-09-26,completed
Item SKU Industrial 113,8,8,223.36,223.36,2024-08-31,2024-08-31,completed
Item SKU Industrial 54,14,14,479.92,479.92,2026-03-12,2026-03-14,completed_late
Item SKU Industrial 297,28,28,6196.4,6196.4,2026-04-23,2026-04-23,completed
Item SKU Industrial 146,1,1,78.33,78.33,2024-04-12,2024-04-12,completed
Item SKU Industrial 248,16,16,711.52,711.52,2026-04-18,2026-04-18,completed
Item SKU Industrial 347,4,4,92.48,92.48,2024-10-06,2024-10-06,completed
Item SKU Industrial 300,30,30,1341.9,1341.9,2024-10-31,2024-10-31,completed
Item SKU Industrial 190,33,33,1519.98,1747.98,2025-05-22,2025-05-22,completed
Item SKU Industrial 411,42,42,9200.94,9200.94,2026-04-25,2026-04-27,completed_late
Item SKU Industrial 279,4,4,438.24,438.24,2024-07-30,2024-07-30,completed
Item SKU Industrial 145,53,53,1079.08,1079.08,2025-02-15,2025-02-15,completed
Item SKU Industrial 419,4,4,389.48,389.48,2026-03-05,2026-03-05,completed
Item SKU Industrial 279,12,12,1314.72,1314.72,2025-04-25,2025-04-25,completed
Item SKU Industrial 1,27,27,1180.98,1180.98,2024-10-29,2024-10-29,completed
Item SKU Industrial 12,3,3,106.53,106.53,2026-04-23,2026-04-23,completed
Item SKU Industrial 334,49,49,1672.37,1672.37,2026-01-29,2026-01-31,completed_late
Item SKU Industrial 97,44,44,15274.6,15274.6,2024-10-12,2024-10-12,completed
Item SKU Industrial 87,25,25,2302.25,2302.25,2025-09-05,2025-09-05,completed
Item SKU Industrial 55,31,31,429.35,493.75,2026-05-18,2026-05-18,completed
Item SKU Industrial 94,26,26,710.32,710.32,2025-07-27,2025-07-27,completed
Item SKU Industrial 65,22,22,312.18,312.18,2025-12-13,2025-12-13,completed
Item SKU Industrial 331,48,48,20627.04,20627.04,2024-11-06,2024-11-14,completed_late
Item SKU Industrial 58,19,19,1668.58,1668.58,2025-05-22,2025-05-24,completed_late
Item SKU Industrial 65,2,2,28.38,28.38,2025-03-01,2025-03-01,completed
Item SKU Industrial 46,12,12,1785.36,1785.36,2024-02-08,2024-02-08,completed
Item SKU Industrial 470,39,39,773.76,773.76,2025-08-12,2025-08-12,completed
Item SKU Industrial 62,48,48,528.0,528.0,2026-02-07,2026-02-07,completed
Item SKU Industrial 8,49,49,4521.23,4521.23,2026-05-07,2026-05-07,completed
Item SKU Industrial 254,27,27,265.14,265.14,2025-05-01,2025-05-01,completed
Item SKU Industrial 22,13,13,2516.02,2893.42,2025-10-18,2025-10-20,completed_late
Item SKU Industrial 33,34,34,242.76,242.76,2024-09-12,2024-09-12,completed
Item SKU Industrial 314,37,37,4135.49,4135.49,2025-02-08,2025-02-08,completed
Item SKU Industrial 247,49,49,1172.08,1172.08,2024-11-24,2024-11-24,completed
Item SKU Industrial 331,30,30,12891.9,12891.9,2024-09-30,2024-09-30,completed
Item SKU Industrial 316,5,5,170.3,170.3,2025-12-02,2025-12-02,completed
Item SKU Industrial 432,27,27,6591.24,6591.24,2024-12-14,2024-12-14,completed
Item SKU Industrial 149,8,8,1280.64,1280.64,2025-10-25,2025-10-27,completed_late
Item SKU Industrial 425,47,47,10568.42,10568.42,2025-05-31,2025-05-31,completed
Item SKU Industrial 120,9,9,477.18,477.18,2025-06-22,2025-06-22,completed
Item SKU Industrial 314,16,16,1788.32,1788.32,2025-03-15,2025-03-15,completed
Item SKU Industrial 37,37,37,8073.77,9284.84,2025-11-07,2025-11-07,completed
Item SKU Industrial 386,30,30,573.6,573.6,2025-08-18,2025-08-18,completed
Item SKU Industrial 157,47,47,28230.08,28230.08,2025-12-12,2025-12-12,completed
Item SKU Industrial 368,45,45,5985.9,5985.9,2024-07-26,2024-07-28,completed_late
Item SKU Industrial 282,34,34,1293.7,1293.7,2025-12-07,2025-12-07,completed
Item SKU Industrial 143,48,48,6935.52,6935.52,2026-05-11,2026-05-11,completed
Item SKU Industrial 77,45,45,3184.65,3184.65,2024-11-15,2024-11-15,completed
Item SKU Industrial 417,18,18,1232.1,1232.1,2026-05-03,2026-05-03,completed
Item SKU Industrial 474,17,17,1034.62,1034.62,2026-02-07,2026-02-07,completed
Item SKU Industrial 172,41,41,640.83,640.83,2025-11-08,2025-11-08,completed
Item SKU Industrial 244,35,35,4978.4,4978.4,2026-01-25,2026-02-02,completed_late
Item SKU Industrial 57,28,28,3748.36,4310.61,2024-01-14,2024-01-14,completed
Item SKU Industrial 6,1,1,18.61,18.61,2025-04-07,2025-04-07,completed
Item SKU Industrial 115,34,34,6600.76,6600.76,2024-10-20,2024-10-20,completed
Item SKU Industrial 302,29,29,481.11,481.11,2025-11-22,2025-11-22,completed
Item SKU Industrial 155,30,30,5376.3,5376.3,2026-01-29,2026-01-29,completed
Item SKU Industrial 194,8,8,1762.8,1762.8,2026-03-06,2026-03-06,completed
Item SKU Industrial 36,2,2,86.7,86.7,2026-02-02,2026-02-04,completed_late
Item SKU Industrial 405,41,41,3693.69,3693.69,2024-02-26,2024-02-26,completed
Item SKU Industrial 424,31,31,3002.97,3002.97,2025-08-17,2025-08-17,completed
Item SKU Industrial 289,27,27,615.87,615.87,2026-03-28,2026-03-28,completed
Item SKU Industrial 187,30,30,723.0,723.0,2026-02-17,2026-02-17,completed
Item SKU Industrial 271,2,2,362.3,416.64,2024-03-07,2024-03-07,completed
Item SKU Industrial 388,9,9,220.05,220.05,2025-09-26,2025-09-26,completed
Item SKU Industrial 178,12,12,755.04,755.04,2026-03-20,2026-03-22,completed_late
Item SKU Industrial 469,53,53,12766.11,12766.11,2025-06-06,2025-06-06,completed
Item SKU Industrial 375,39,39,3943.68,3943.68,2024-09-30,2024-09-30,completed
Item SKU Industrial 496,20,20,839.8,839.8,2024-10-09,2024-10-09,completed
Item SKU Industrial 83,34,34,2207.62,2207.62,2025-11-17,2025-11-17,completed
Item SKU Industrial 164,19,19,1113.59,1113.59,2025-06-12,2025-06-12,completed
Item SKU Industrial 177,22,22,3895.1,3895.1,2025-01-05,2025-01-05,completed
Item SKU Industrial 100,2,2,129.08,129.08,2026-01-11,2026-01-13,completed_late
Item SKU Industrial 433,3,3,568.77,568.77,2024-04-18,2024-04-18,completed
Item SKU Industrial 144,20,20,8060.2,9269.23,2025-07-31,2025-07-31,completed
Item SKU Industrial 384,24,24,5180.4,5180.4,2024-01-13,2024-01-13,completed
Item SKU Industrial 19,27,27,3117.96,3117.96,2025-09-08,2025-09-08,completed
Item SKU Industrial 206,33,33,2187.57,2187.57,2025-06-07,2025-06-07,completed
Item SKU Industrial 48,52,52,692.64,692.64,2024-04-05,2024-04-05,completed
Item SKU Industrial 270,29,29,501.41,501.41,2024-11-25,2024-11-27,completed_late
Item SKU Industrial 35,17,17,241.91,241.91,2025-06-22,2025-06-30,completed_late
Item SKU Industrial 455,13,13,748.15,748.15,2026-05-23,2026-05-23,completed
Item SKU Industrial 456,26,26,638.04,638.04,2024-02-07,2024-02-07,completed
Item SKU Industrial 372,47,47,2116.88,2116.88,2025-06-12,2025-06-12,completed
Item SKU Industrial 273,36,36,3993.84,3993.84,2025-08-30,2025-08-30,completed
Item SKU Industrial 22,41,41,7935.14,9125.41,2026-03-13,2026-03-13,completed
Item SKU Industrial 246,26,26,575.64,575.64,2026-01-26,2026-01-28,completed_late
Item SKU Industrial 107,41,41,4455.47,4455.47,2025-12-11,2025-12-11,completed
Item SKU Industrial 442,23,23,2073.68,2073.68,2024-05-10,2024-05-10,completed
Item SKU Industrial 412,51,51,3447.6,3447.6,2024-12-27,2024-12-27,completed
Item SKU Industrial 163,18,18,517.14,517.14,2025-03-29,2025-03-29,completed
Item SKU Industrial 270,39,39,674.31,674.31,2026-05-11,2026-05-11,completed
Item SKU Industrial 447,8,8,48.8,48.8,2024-05-10,2024-05-10,completed
Item SKU Industrial 414,26,26,1643.46,1643.46,2025-11-13,2025-11-15,completed_late
Item SKU Industrial 142,37,37,1559.55,1559.55,2026-02-05,2026-02-05,completed
Item SKU Industrial 83,3,3,194.79,194.79,2025-01-18,2025-01-18,completed
Item SKU Industrial 491,25,25,2051.25,2358.94,2025-08-13,2025-08-13,completed
Item SKU Industrial 26,35,35,429.8,429.8,2026-04-27,2026-04-27,completed
Item SKU Industrial 261,51,51,2467.89,2467.89,2025-09-26,2025-09-26,completed
Item SKU Industrial 363,26,26,3966.56,3966.56,2024-08-24,2024-08-24,completed
Item SKU Industrial 102,6,6,79.62,79.62,2025-09-18,2025-09-20,completed_late
Item SKU Industrial 95,36,36,11073.6,11073.6,2024-03-23,2024-03-23,completed
Item SKU Industrial 60,45,45,569.25,569.25,2025-11-10,2025-11-10,completed
Item SKU Industrial 211,52,52,1544.4,1544.4,2026-01-23,2026-01-23,completed
Item SKU Industrial 434,30,30,1635.3,1635.3,2025-03-13,2025-03-13,completed
Item SKU Industrial 410,12,12,267.48,267.48,2025-02-03,2025-02-03,completed
Item SKU Industrial 380,12,12,227.88,227.88,2025-06-20,2025-06-20,completed
Item SKU Industrial 118,52,52,1432.6,1647.49,2025-09-08,2025-09-10,completed_late
Item SKU Industrial 52,13,13,768.17,768.17,2025-02-01,2025-02-01,completed
Item SKU Industrial 394,42,42,1522.08,1522.08,2025-12-06,2025-12-14,completed_late
Item SKU Industrial 314,3,3,335.31,335.31,2025-09-21,2025-09-21,completed
Item SKU Industrial 182,13,13,203.97,203.97,2025-05-17,2025-05-17,completed
Item SKU Industrial 305,26,26,4947.02,4947.02,2025-11-19,2025-11-19,completed
Item SKU Industrial 485,29,29,356.12,356.12,2026-01-14,2026-01-14,completed
Item SKU Industrial 388,40,40,978.0,978.0,2024-03-16,2024-03-18,completed_late
Item SKU Industrial 169,13,13,1152.84,1152.84,2024-11-04,2024-11-04,completed
Item SKU Industrial 275,37,37,1993.56,1993.56,2025-01-04,2025-01-04,completed
Item SKU Industrial 88,19,19,2288.36,2288.36,2026-01-20,2026-01-20,completed
Item SKU Industrial 44,39,39,4425.33,5089.13,2026-03-19,2026-03-19,completed
Item SKU Industrial 98,31,31,261.02,261.02,2025-10-20,2025-10-20,completed
Item SKU Industrial 493,30,30,589.5,589.5,2026-03-01,2026-03-01,completed
Item SKU Industrial 277,18,18,1378.26,1378.26,2025-12-05,2025-12-07,completed_late
Item SKU Industrial 20,29,29,1091.85,1091.85,2026-02-27,2026-02-27,completed
Item SKU Industrial 265,3,3,141.99,141.99,2025-03-21,2025-03-21,completed
Item SKU Industrial 323,53,53,3761.41,3761.41,2024-03-09,2024-03-09,completed
Item SKU Industrial 342,31,31,4912.26,4912.26,2026-03-01,2026-03-01,completed
Item SKU Industrial 341,53,53,11213.21,11213.21,2024-01-14,2024-01-14,completed
Item SKU Industrial 434,14,14,763.14,763.14,2025-04-27,2025-04-27,completed
Item SKU Industrial 209,53,53,1877.79,1877.79,2025-03-30,2025-04-01,completed_late
Item SKU Industrial 398,9,9,175.05,201.31,2026-02-14,2026-02-14,completed
Item SKU Industrial 491,16,16,1312.8,1312.8,2024-03-16,2024-03-16,completed
Item SKU Industrial 404,18,18,1910.7,1910.7,2024-12-02,2024-12-02,completed
Item SKU Industrial 149,8,8,1280.64,1280.64,2024-10-04,2024-10-04,completed
Item SKU Industrial 359,2,2,125.1,125.1,2026-03-20,2026-03-20,completed
Item SKU Industrial 170,11,11,941.49,941.49,2025-04-19,2025-04-19,completed
Item SKU Industrial 424,11,11,1065.57,1065.57,2026-01-19,2026-01-21,completed_late
Item SKU Industrial 300,46,46,2057.58,2057.58,2024-10-17,2024-10-17,completed
Item SKU Industrial 198,19,19,1002.63,1002.63,2026-04-05,2026-04-05,completed
Item SKU Industrial 27,16,16,3534.72,3534.72,2024-05-04,2024-05-12,completed_late
Item SKU Industrial 49,30,30,1961.4,1961.4,2025-07-25,2025-07-25,completed
Item SKU Industrial 100,36,36,2323.44,2671.96,2025-06-08,2025-06-08,completed
Item SKU Industrial 353,25,25,3025.0,3025.0,2025-08-14,2025-08-14,completed
Item SKU Industrial 35,36,36,512.28,512.28,2025-02-17,2025-02-19,completed_late
Item SKU Industrial 149,1,1,160.08,160.08,2025-07-27,2025-07-27,completed
Item SKU Industrial 22,28,28,5419.12,5419.12,2025-04-10,2025-04-10,completed
Item SKU Industrial 226,16,16,317.76,317.76,2024-12-13,2024-12-13,completed
Item SKU Industrial 206,4,4,265.16,265.16,2025-09-25,2025-09-25,completed
Item SKU Industrial 358,3,3,281.7,281.7,2026-03-21,2026-03-21,completed
Item SKU Industrial 38,8,8,2321.6,2321.6,2024-10-10,2024-10-10,completed
Item SKU Industrial 343,48,48,13259.04,13259.04,2024-06-06,2024-06-08,completed_late
Item SKU Industrial 82,47,47,293.28,293.28,2025-11-18,2025-11-18,completed
Item SKU Industrial 202,46,46,750.72,863.33,2025-07-05,2025-07-05,completed
Item SKU Industrial 252,23,23,1457.51,1457.51,2024-01-04,2024-01-04,completed
Item SKU Industrial 476,11,11,116.93,116.93,2024-04-18,2024-04-18,completed
Item SKU Industrial 122,52,52,4571.84,4571.84,2025-07-21,2025-07-21,completed
Item SKU Industrial 166,38,38,9230.96,9230.96,2024-10-02,2024-10-02,completed
Item SKU Industrial 489,30,30,1672.8,1672.8,2024-01-15,2024-01-17,completed_late
Item SKU Industrial 236,17,17,149.77,149.77,2025-10-13,2025-10-13,completed
Item SKU Industrial 117,27,27,2440.8,2440.8,2024-05-20,2024-05-20,completed
Item SKU Industrial 418,7,7,400.82,400.82,2025-09-07,2025-09-07,completed
Item SKU Industrial 149,11,11,1760.88,1760.88,2025-10-12,2025-10-12,completed
Item SKU Industrial 59,18,18,271.44,271.44,2025-01-26,2025-01-26,completed
Item SKU Industrial 287,16,16,5827.84,6702.02,2024-11-08,2024-11-08,completed
Item SKU Industrial 104,8,8,2578.32,2578.32,2024-02-05,2024-02-07,completed_late
Item SKU Industrial 67,53,53,15981.09,15981.09,2025-08-18,2025-08-18,completed
Item SKU Industrial 422,16,16,3738.24,3738.24,2024-01-04,2024-01-04,completed
Item SKU Industrial 409,52,52,2239.12,2239.12,2024-03-23,2024-03-23,completed
Item SKU Industrial 382,6,6,466.8,466.8,2026-01-23,2026-01-31,completed_late
Item SKU Industrial 489,44,44,2453.44,2453.44,2025-08-02,2025-08-02,completed
Item SKU Industrial 14,51,51,5335.11,5335.11,2025-03-30,2025-03-30,completed
Item SKU Industrial 103,1,1,65.16,65.16,2025-11-07,2025-11-09,completed_late
Item SKU Industrial 288,20,20,1413.8,1413.8,2024-08-29,2024-08-29,completed
Item SKU Industrial 14,13,13,1359.93,1359.93,2025-12-01,2025-12-01,completed
Item SKU Industrial 458,52,52,825.24,949.03,2025-04-18,2025-04-18,completed
Item SKU Industrial 108,4,4,211.76,211.76,2025-12-13,2025-12-13,completed
Item SKU Industrial 408,13,13,400.4,400.4,2025-03-29,2025-03-29,completed
Item SKU Industrial 383,8,8,604.48,604.48,2024-07-14,2024-07-14,completed
Item SKU Industrial 451,16,16,3036.32,3036.32,2026-03-12,2026-03-14,completed_late
Item SKU Industrial 45,53,53,6686.48,6686.48,2026-05-02,2026-05-02,completed
Item SKU Industrial 99,16,16,2860.96,2860.96,2024-06-07,2024-06-07,completed
Item SKU Industrial 486,41,41,5436.6,5436.6,2025-08-17,2025-08-17,completed
Item SKU Industrial 306,44,44,7029.44,7029.44,2026-01-15,2026-01-15,completed
Item SKU Industrial 365,53,53,2077.6,2077.6,2025-08-07,2025-08-07,completed
Item SKU Industrial 375,19,19,1921.28,1921.28,2026-01-30,2026-01-30,completed
Item SKU Industrial 422,45,45,10513.8,12090.87,2026-04-18,2026-04-20,completed_late
Item SKU Industrial 21,14,14,3478.02,3478.02,2025-11-02,2025-11-02,completed
Item SKU Industrial 156,36,36,4658.04,4658.04,2026-05-14,2026-05-14,completed
Item SKU Industrial 73,45,45,5431.05,5431.05,2025-07-28,2025-07-28,completed
Item SKU Industrial 89,20,20,1562.6,1562.6,2024-04-06,2024-04-06,completed
Item SKU Industrial 445,24,24,769.44,769.44,2025-12-01,2025-12-01,completed
Item SKU Industrial 30,40,40,1752.0,1752.0,2025-09-08,2025-09-08,completed
Item SKU Industrial 129,14,14,2300.06,2300.06,2026-01-11,2026-01-13,completed_late
Item SKU Industrial 496,5,5,209.95,209.95,2024-04-26,2024-04-26,completed
Item SKU Industrial 214,52,52,853.84,853.84,2025-07-11,2025-07-11,completed
Item SKU Industrial 150,5,5,647.2,647.2,2025-03-28,2025-03-28,completed
Item SKU Industrial 22,42,42,8128.68,9347.98,2024-01-07,2024-01-07,completed
Item SKU Industrial 405,34,34,3063.06,3063.06,2026-05-09,2026-05-17,completed_late
Item SKU Industrial 500,17,17,118.49,118.49,2025-01-05,2025-01-05,completed
Item SKU Industrial 219,17,17,657.22,657.22,2025-11-06,2025-11-08,completed_late
Item SKU Industrial 362,49,49,2667.56,2667.56,2025-02-09,2025-02-09,completed
Item SKU Industrial 123,7,7,70.0,70.0,2026-03-13,2026-03-13,completed
Item SKU Industrial 133,41,41,6448.07,6448.07,2024-06-27,2024-06-27,completed
Item SKU Industrial 452,23,23,835.59,835.59,2024-02-03,2024-02-03,completed
Item SKU Industrial 396,9,9,152.73,152.73,2025-04-27,2025-04-27,completed
Item SKU Industrial 264,53,53,1676.92,1676.92,2025-08-16,2025-08-16,completed
Item SKU Industrial 251,30,30,1314.3,1314.3,2024-11-18,2024-11-20,completed_late
Item SKU Industrial 60,34,34,430.1,494.62,2024-10-26,2024-10-26,completed
Item SKU Industrial 325,6,6,380.64,380.64,2024-01-27,2024-01-27,completed
Item SKU Industrial 245,23,23,2490.44,2490.44,2024-12-26,2024-12-26,completed
Item SKU Industrial 385,37,37,5142.26,5142.26,2026-05-02,2026-05-02,completed
Item SKU Industrial 200,25,25,4346.25,4346.25,2025-02-10,2025-02-10,completed
Item SKU Industrial 154,19,19,163.59,163.59,2025-07-04,2025-07-04,completed
Item SKU Industrial 107,25,25,2716.75,2716.75,2024-09-02,2024-09-04,completed_late
Item SKU Industrial 227,15,15,495.15,495.15,2025-10-02,2025-10-02,completed
Item SKU Industrial 471,28,28,1567.16,1567.16,2025-10-08,2025-10-08,completed
Item SKU Industrial 284,27,27,2091.42,2091.42,2025-05-26,2025-05-26,completed
Item SKU Industrial 417,1,1,68.45,68.45,2024-06-02,2024-06-02,completed
Item SKU Industrial 98,36,36,303.12,348.59,2025-01-17,2025-01-17,completed
Item SKU Industrial 160,14,14,1823.92,1823.92,2026-01-23,2026-01-23,completed
Item SKU Industrial 56,17,17,303.11,303.11,2025-10-06,2025-10-08,completed_late
Item SKU Industrial 395,36,36,5330.52,5330.52,2025-12-31,2025-12-31,completed
Item SKU Industrial 30,35,35,1533.0,1533.0,2026-04-26,2026-04-26,completed
Item SKU Industrial 388,28,28,684.6,684.6,2024-11-16,2024-11-16,completed
Item SKU Industrial 437,5,5,661.4,661.4,2024-05-23,2024-05-23,completed
Item SKU Industrial 217,46,46,3864.0,3864.0,2026-03-26,2026-03-26,completed
Item SKU Industrial 207,23,23,8245.96,8245.96,2024-11-15,2024-11-23,completed_late
Item SKU Industrial 24,4,4,486.6,486.6,2026-05-02,2026-05-04,completed_late
Item SKU Industrial 424,13,13,1259.31,1259.31,2024-08-17,2024-08-17,completed
Item SKU Industrial 78,6,6,273.24,314.23,2025-12-31,2025-12-31,completed
Item SKU Industrial 120,31,31,1643.62,1643.62,2026-04-03,2026-04-03,completed
Item SKU Industrial 96,8,8,54.96,54.96,2026-02-16,2026-02-16,completed
Item SKU Industrial 392,7,7,830.97,830.97,2026-03-30,2026-03-30,completed
Item SKU Industrial 260,15,15,221.1,221.1,2024-06-13,2024-06-13,completed
Item SKU Industrial 410,38,38,847.02,847.02,2024-04-25,2024-04-27,completed_late
Item SKU Industrial 163,11,11,316.03,316.03,2024-12-21,2024-12-21,completed
Item SKU Industrial 138,45,45,9343.35,9343.35,2025-05-19,2025-05-19,completed
Item SKU Industrial 340,41,41,1595.72,1595.72,2025-10-09,2025-10-09,completed
Item SKU Industrial 8,38,38,3506.26,3506.26,2025-10-06,2025-10-06,completed
Item SKU Industrial 183,16,16,147.84,147.84,2025-09-12,2025-09-12,completed
Item SKU Industrial 402,19,19,526.49,605.46,2025-01-10,2025-01-10,completed
Item SKU Industrial 307,2,2,52.54,52.54,2025-01-17,2025-01-19,completed_late
Item SKU Industrial 360,12,12,520.8,520.8,2025-12-27,2025-12-27,completed
Item SKU Industrial 328,28,28,1191.96,1191.96,2025-08-11,2025-08-11,completed
Item SKU Industrial 428,25,25,2137.25,2137.25,2024-03-30,2024-03-30,completed
Item SKU Industrial 384,33,33,7123.05,7123.05,2024-02-24,2024-02-24,completed
Item SKU Industrial 477,41,41,4959.77,4959.77,2024-12-23,2024-12-23,completed
Item SKU Industrial 280,24,24,1384.32,1384.32,2026-05-03,2026-05-03,completed
Item SKU Industrial 182,40,40,627.6,627.6,2024-03-07,2024-03-09,completed_late
Item SKU Industrial 368,29,29,3857.58,3857.58,2025-11-03,2025-11-03,completed
Item SKU Industrial 122,35,35,3077.2,3077.2,2024-11-15,2024-11-15,completed
Item SKU Industrial 117,49,49,4429.6,5094.04,2024-04-03,2024-04-03,completed
Item SKU Industrial 325,24,24,1522.56,1522.56,2024-05-03,2024-05-03,completed
Item SKU Industrial 447,16,16,97.6,97.6,2025-06-12,2025-06-12,completed
Item SKU Industrial 268,22,22,568.48,568.48,2024-05-03,2024-05-03,completed
Item SKU Industrial 219,28,28,1082.48,1082.48,2025-03-09,2025-03-17,completed_late
Item SKU Industrial 243,25,25,703.25,703.25,2024-03-16,2024-03-16,completed
Item SKU Industrial 176,39,39,2989.35,2989.35,2024-09-26,2024-09-26,completed
Item SKU Industrial 66,29,29,362.79,362.79,2025-07-13,2025-07-13,completed
Item SKU Industrial 288,24,24,1696.56,1696.56,2024-07-22,2024-07-22,completed
Item SKU Industrial 364,23,23,1337.22,1337.22,2025-08-18,2025-08-18,completed
Item SKU Industrial 157,16,16,9610.24,9610.24,2024-09-22,2024-09-22,completed
Item SKU Industrial 497,36,36,1038.96,1194.8,2025-10-18,2025-10-20,completed_late
Item SKU Industrial 438,29,29,526.06,526.06,2025-09-01,2025-09-01,completed
Item SKU Industrial 112,3,3,27.39,27.39,2025-02-03,2025-02-03,completed
Item SKU Industrial 500,14,14,97.58,97.58,2024-09-21,2024-09-21,completed
Item SKU Industrial 365,19,19,744.8,744.8,2025-03-02,2025-03-02,completed
Item SKU Industrial 193,14,14,637.14,637.14,2026-02-06,2026-02-06,completed
Item SKU Industrial 182,29,29,455.01,455.01,2025-09-20,2025-09-20,completed
Item SKU Industrial 132,48,48,9657.12,9657.12,2024-04-21,2024-04-23,completed_late
Item SKU Industrial 141,16,16,128.0,128.0,2024-06-24,2024-06-24,completed
Item SKU Industrial 465,44,44,4061.2,4061.2,2025-02-27,2025-02-27,completed
Item SKU Industrial 135,27,27,2974.32,2974.32,2024-10-31,2024-10-31,completed
Item SKU Industrial 112,26,26,237.38,272.99,2024-12-27,2024-12-27,completed
Item SKU Industrial 16,20,20,7995.0,7995.0,2025-02-13,2025-02-13,completed
Item SKU Industrial 327,13,13,125.97,125.97,2025-07-07,2025-07-07,completed
Item SKU Industrial 23,35,35,1528.8,1528.8,2025-06-08,2025-06-10,completed_late
Item SKU Industrial 333,52,52,6969.04,6969.04,2025-01-10,2025-01-10,completed
Item SKU Industrial 254,41,41,402.62,402.62,2024-05-04,2024-05-04,completed
Item SKU Industrial 300,34,34,1520.82,1520.82,2024-07-29,2024-07-29,completed
Item SKU Industrial 21,52,52,12918.36,12918.36,2025-10-05,2025-10-05,completed
Item SKU Industrial 179,42,42,2733.78,2733.78,2025-01-09,2025-01-09,completed
Item SKU Industrial 25,39,39,5392.14,5392.14,2026-03-02,2026-03-02,completed
Item SKU Industrial 376,52,52,676.52,676.52,2024-03-15,2024-03-17,completed_late
Item SKU Industrial 303,31,31,1655.4,1903.71,2026-03-09,2026-03-17,completed_late
Item SKU Industrial 324,42,42,840.42,840.42,2024-06-29,2024-06-29,completed
Item SKU Industrial 209,14,14,496.02,496.02,2025-09-14,2025-09-14,completed
Item SKU Industrial 169,9,9,798.12,798.12,2025-06-01,2025-06-01,completed
Item SKU Industrial 61,11,11,1204.72,1204.72,2026-03-02,2026-03-02,completed
Item SKU Industrial 57,31,31,4149.97,4149.97,2025-02-26,2025-02-26,completed
Item SKU Industrial 270,2,2,34.58,34.58,2025-07-23,2025-07-25,completed_late
Item SKU Industrial 99,16,16,2860.96,2860.96,2025-08-11,2025-08-11,completed
Item SKU Industrial 306,16,16,2556.16,2556.16,2024-10-11,2024-10-11,completed
Item SKU Industrial 255,24,24,597.6,597.6,2024-05-19,2024-05-19,completed
Item SKU Industrial 275,29,29,1562.52,1562.52,2026-04-06,2026-04-06,completed
Item SKU Industrial 500,19,19,132.43,152.29,2025-10-23,2025-10-23,completed
Item SKU Industrial 415,27,27,6271.02,6271.02,2024-12-09,2024-12-09,completed
Item SKU Industrial 318,34,34,2283.44,2283.44,2026-02-25,2026-02-27,completed_late
Item SKU Industrial 193,31,31,1410.81,1410.81,2025-02-27,2025-02-27,completed
Item SKU Industrial 248,20,20,889.4,889.4,2025-11-01,2025-11-01,completed
Item SKU Industrial 259,7,7,424.62,424.62,2025-09-29,2025-09-29,completed
Item SKU Industrial 278,27,27,1874.61,1874.61,2026-02-09,2026-02-09,completed
Item SKU Industrial 148,37,37,11129.23,11129.23,2025-07-18,2025-07-18,completed
Item SKU Industrial 133,38,38,5976.26,5976.26,2026-04-30,2026-04-30,completed
Item SKU Industrial 415,39,39,9058.14,9058.14,2024-06-06,2024-06-08,completed_late
Item SKU Industrial 19,35,35,4041.8,4041.8,2026-01-13,2026-01-13,completed
Item SKU Industrial 470,6,6,119.04,136.9,2025-12-29,2025-12-29,completed
Item SKU Industrial 175,7,7,777.35,777.35,2024-04-08,2024-04-08,completed
Item SKU Industrial 282,40,40,1522.0,1522.0,2025-06-21,2025-06-21,completed
Item SKU Industrial 225,26,26,237.9,237.9,2024-07-01,2024-07-01,completed
Item SKU Industrial 432,53,53,12938.36,12938.36,2024-09-22,2024-09-22,completed
Item SKU Industrial 246,36,36,797.04,797.04,2025-03-23,2025-03-25,completed_late
Item SKU Industrial 439,24,24,4445.52,4445.52,2026-04-30,2026-04-30,completed
Item SKU Industrial 195,5,5,235.2,235.2,2025-09-20,2025-09-28,completed_late
Item SKU Industrial 245,9,9,974.52,974.52,2024-08-19,2024-08-19,completed
Item SKU Industrial 340,20,20,778.4,778.4,2026-05-25,2026-05-25,completed
Item SKU Industrial 277,30,30,2297.1,2297.1,2026-01-18,2026-01-18,completed
Item SKU Industrial 44,19,19,2155.93,2479.32,2025-08-02,2025-08-02,completed
Item SKU Industrial 277,52,52,3981.64,3981.64,2025-02-09,2025-02-11,completed_late
Item SKU Industrial 154,27,27,232.47,232.47,2025-12-07,2025-12-07,completed
Item SKU Industrial 256,48,48,6073.44,6073.44,2025-07-05,2025-07-05,completed
Item SKU Industrial 211,24,24,712.8,712.8,2024-12-29,2024-12-29,completed
Item SKU Industrial 473,19,19,10117.31,10117.31,2026-04-16,2026-04-16,completed
Item SKU Industrial 152,34,34,1458.26,1458.26,2024-12-31,2024-12-31,completed
Item SKU Industrial 292,19,19,565.63,565.63,2025-05-19,2025-05-19,completed
Item SKU Industrial 139,46,46,7479.14,7479.14,2024-08-03,2024-08-05,completed_late
Item SKU Industrial 427,13,13,285.09,285.09,2025-04-07,2025-04-07,completed
Item SKU Industrial 327,53,53,513.57,513.57,2024-07-28,2024-07-28,completed
Item SKU Industrial 426,27,27,2506.41,2882.37,2025-01-23,2025-01-23,completed
Item SKU Industrial 165,25,25,348.5,348.5,2025-01-27,2025-01-27,completed
Item SKU Industrial 221,16,16,986.72,986.72,2026-01-04,2026-01-04,completed
Item SKU Industrial 54,47,47,1611.16,1611.16,2024-03-23,2024-03-23,completed
Item SKU Industrial 17,6,6,244.44,244.44,2024-08-05,2024-08-07,completed_late
Item SKU Industrial 221,46,46,2836.82,2836.82,2025-09-15,2025-09-15,completed
Item SKU Industrial 270,53,53,916.37,916.37,2024-06-07,2024-06-07,completed
Item SKU Industrial 326,49,49,3274.18,3274.18,2025-05-19,2025-05-19,completed
Item SKU Industrial 204,33,33,1892.22,1892.22,2025-03-27,2025-03-27,completed
Item SKU Industrial 372,17,17,765.68,765.68,2025-10-18,2025-10-18,completed
Item SKU Industrial 408,47,47,1447.6,1447.6,2024-12-19,2024-12-19,completed
Item SKU Industrial 28,53,53,3194.31,3673.46,2024-01-22,2024-01-24,completed_late
Item SKU Industrial 486,26,26,3447.6,3447.6,2025-11-23,2025-11-23,completed
Item SKU Industrial 10,16,16,2144.32,2144.32,2024-09-23,2024-09-23,completed
Item SKU Industrial 177,27,27,4780.35,4780.35,2025-03-10,2025-03-18,completed_late
Item SKU Industrial 288,35,35,2474.15,2474.15,2025-12-07,2025-12-07,completed
Item SKU Industrial 215,28,28,612.64,612.64,2025-02-07,2025-02-07,completed
Item SKU Industrial 341,38,38,8039.66,8039.66,2024-04-06,2024-04-06,completed
Item SKU Industrial 178,35,35,2202.2,2202.2,2025-04-10,2025-04-12,completed_late
Item SKU Industrial 18,42,42,1831.2,1831.2,2025-02-20,2025-02-20,completed
Item SKU Industrial 340,5,5,194.6,194.6,2025-06-29,2025-06-29,completed
Item SKU Industrial 95,15,15,4614.0,4614.0,2025-10-12,2025-10-12,completed
Item SKU Industrial 445,14,14,448.84,516.17,2025-04-07,2025-04-07,completed
Item SKU Industrial 19,9,9,1039.32,1039.32,2025-08-22,2025-08-22,completed
Item SKU Industrial 26,45,45,552.6,552.6,2025-01-23,2025-01-23,completed
Item SKU Industrial 81,9,9,646.02,646.02,2025-04-12,2025-04-14,completed_late
Item SKU Industrial 216,26,26,527.28,527.28,2025-09-26,2025-09-26,completed
Item SKU Industrial 191,41,41,3670.32,3670.32,2025-03-10,2025-03-10,completed
Item SKU Industrial 435,22,22,339.9,339.9,2024-05-12,2024-05-12,completed
Item SKU Industrial 318,12,12,805.92,805.92,2024-06-08,2024-06-08,completed
Item SKU Industrial 318,49,49,3290.84,3290.84,2025-09-05,2025-09-05,completed
Item SKU Industrial 356,40,40,771.6,771.6,2024-11-29,2024-11-29,completed
Item SKU Industrial 389,48,48,4872.48,4872.48,2024-04-08,2024-04-10,completed_late
Item SKU Industrial 465,15,15,1384.5,1592.18,2024-03-08,2024-03-08,completed
Item SKU Industrial 192,34,34,1738.42,1738.42,2025-05-02,2025-05-02,completed
Item SKU Industrial 393,30,30,5048.1,5048.1,2025-09-01,2025-09-01,completed
Item SKU Industrial 150,19,19,2459.36,2459.36,2025-03-06,2025-03-06,completed
Item SKU Industrial 304,27,27,8414.01,8414.01,2025-09-07,2025-09-07,completed
Item SKU Industrial 54,46,46,1576.88,1576.88,2024-10-24,2024-10-24,completed
Item SKU Industrial 85,31,31,536.3,536.3,2025-11-01,2025-11-03,completed_late
Item SKU Industrial 348,29,29,297.25,297.25,2025-01-01,2025-01-01,completed
Item SKU Industrial 124,29,29,9214.75,9214.75,2025-06-28,2025-06-28,completed
Item SKU Industrial 304,28,28,8725.64,8725.64,2024-09-22,2024-09-22,completed
Item SKU Industrial 408,35,35,1078.0,1078.0,2025-11-21,2025-11-29,completed_late
Item SKU Industrial 385,24,24,3335.52,3835.85,2026-04-12,2026-04-12,completed
Item SKU Industrial 225,27,27,247.05,247.05,2025-12-21,2025-12-21,completed
Item SKU Industrial 331,42,42,18048.66,18048.66,2026-04-29,2026-05-01,completed_late
Item SKU Industrial 318,23,23,1544.68,1544.68,2026-02-28,2026-02-28,completed
Item SKU Industrial 137,7,7,408.66,408.66,2024-10-24,2024-10-24,completed
Item SKU Industrial 217,38,38,3192.0,3192.0,2024-09-01,2024-09-01,completed
Item SKU Industrial 168,27,27,747.9,747.9,2025-09-28,2025-09-28,completed
Item SKU Industrial 11,44,44,7059.8,7059.8,2025-01-23,2025-01-23,completed
Item SKU Industrial 228,3,3,66.99,66.99,2025-05-22,2025-05-22,completed
Item SKU Industrial 93,18,18,3232.98,3232.98,2025-04-21,2025-04-23,completed_late
Item SKU Industrial 243,33,33,928.29,928.29,2024-06-28,2024-06-28,completed
Item SKU Industrial 274,39,39,5266.17,6056.1,2026-01-01,2026-01-01,completed
Item SKU Industrial 485,38,38,466.64,466.64,2025-09-11,2025-09-11,completed
Item SKU Industrial 115,51,51,9901.14,9901.14,2025-03-28,2025-03-28,completed
Item SKU Industrial 263,35,35,1036.7,1036.7,2026-03-08,2026-03-08,completed
Item SKU Industrial 309,50,50,4221.5,4221.5,2025-10-31,2025-10-31,completed
Item SKU Industrial 85,25,25,432.5,432.5,2025-06-16,2025-06-18,completed_late
Item SKU Industrial 306,35,35,5591.6,5591.6,2026-05-17,2026-05-17,completed
Item SKU Industrial 126,37,37,3714.8,3714.8,2025-01-26,2025-01-26,completed
Item SKU Industrial 316,1,1,34.06,34.06,2026-02-21,2026-02-21,completed
Item SKU Industrial 62,5,5,55.0,55.0,2025-04-11,2025-04-11,completed
Item SKU Industrial 36,20,20,867.0,867.0,2025-01-26,2025-01-26,completed
Item SKU Industrial 9,24,24,4689.6,5393.04,2025-03-03,2025-03-03,completed
Item SKU Industrial 350,5,5,404.85,404.85,2025-10-29,2025-10-31,completed_late
Item SKU Industrial 478,24,24,594.48,594.48,2026-04-05,2026-04-05,completed
Item SKU Industrial 180,46,46,8882.6,8882.6,2024-12-19,2024-12-19,completed
Item SKU Industrial 25,25,25,3456.5,3456.5,2025-02-23,2025-02-23,completed
Item SKU Industrial 382,15,15,1167.0,1167.0,2025-12-22,2025-12-22,completed
Item SKU Industrial 444,24,24,274.56,274.56,2024-07-07,2024-07-15,completed_late
Item SKU Industrial 116,38,38,2176.64,2176.64,2025-10-26,2025-10-26,completed
Item SKU Industrial 212,28,28,368.48,368.48,2024-08-19,2024-08-21,completed_late
Item SKU Industrial 137,45,45,2627.1,2627.1,2026-05-11,2026-05-11,completed
Item SKU Industrial 411,7,7,1533.49,1533.49,2024-11-18,2024-11-18,completed
Item SKU Industrial 24,36,36,4379.4,5036.31,2024-09-09,2024-09-09,completed
Item SKU Industrial 367,14,14,477.4,477.4,2025-09-04,2025-09-04,completed
Item SKU Industrial 95,22,22,6767.2,6767.2,2026-05-14,2026-05-14,completed
Item SKU Industrial 410,33,33,735.57,735.57,2025-12-20,2025-12-20,completed
Item SKU Industrial 336,11,11,1240.47,1240.47,2024-06-02,2024-06-04,completed_late
Item SKU Industrial 257,15,15,3035.7,3035.7,2024-06-15,2024-06-15,completed
Item SKU Industrial 365,26,26,1019.2,1019.2,2026-05-09,2026-05-09,completed
Item SKU Industrial 180,40,40,7724.0,7724.0,2024-09-20,2024-09-20,completed
Item SKU Industrial 213,29,29,565.5,565.5,2025-08-20,2025-08-20,completed
Item SKU Industrial 272,23,23,2153.03,2153.03,2025-11-14,2025-11-14,completed
Item SKU Industrial 331,16,16,6875.68,6875.68,2025-01-12,2025-01-12,completed
Item SKU Industrial 246,44,44,974.16,1120.28,2024-09-05,2024-09-07,completed_late
Item SKU Industrial 158,19,19,7679.99,7679.99,2024-04-02,2024-04-02,completed
Item SKU Industrial 27,8,8,1767.36,1767.36,2025-05-02,2025-05-02,completed
Item SKU Industrial 436,8,8,2535.68,2535.68,2025-09-08,2025-09-08,completed
Item SKU Industrial 112,20,20,182.6,182.6,2024-06-22,2024-06-22,completed
Item SKU Industrial 355,25,25,483.75,483.75,2024-05-28,2024-05-28,completed
Item SKU Industrial 56,16,16,285.28,285.28,2025-09-29,2025-09-29,completed
Item SKU Industrial 19,2,2,230.96,230.96,2024-12-27,2024-12-29,completed_late
Item SKU Industrial 481,12,12,321.96,321.96,2025-02-24,2025-02-24,completed
Item SKU Industrial 146,40,40,3133.2,3133.2,2024-02-26,2024-02-26,completed
Item SKU Industrial 267,8,8,304.08,304.08,2025-12-20,2025-12-20,completed
Item SKU Industrial 478,48,48,1188.96,1367.3,2025-01-26,2025-01-26,completed
Item SKU Industrial 102,52,52,690.04,690.04,2025-10-02,2025-10-02,completed
Item SKU Industrial 196,40,40,2696.4,2696.4,2025-11-28,2025-12-06,completed_late
Item SKU Industrial 353,42,42,5082.0,5082.0,2024-11-29,2024-12-01,completed_late
Item SKU Industrial 420,33,33,237.27,237.27,2026-04-21,2026-04-21,completed
Item SKU Industrial 265,17,17,804.61,804.61,2026-03-14,2026-03-14,completed
Item SKU Industrial 397,30,30,4417.8,4417.8,2024-07-24,2024-07-24,completed
Item SKU Industrial 404,30,30,3184.5,3184.5,2025-07-27,2025-07-27,completed
Item SKU Industrial 478,25,25,619.25,619.25,2024-05-09,2024-05-09,completed
Item SKU Industrial 225,30,30,274.5,274.5,2025-08-02,2025-08-02,completed
Item SKU Industrial 308,2,2,40.76,40.76,2024-06-06,2024-06-08,completed_late
Item SKU Industrial 304,53,53,16516.39,18993.85,2026-03-14,2026-03-14,completed
Item SKU Industrial 408,8,8,246.4,246.4,2025-03-03,2025-03-03,completed
Item SKU Industrial 366,14,14,768.32,768.32,2025-12-15,2025-12-15,completed
Item SKU Industrial 34,16,16,2666.56,2666.56,2025-11-08,2025-11-08,completed
Item SKU Industrial 453,2,2,80.86,80.86,2025-06-19,2025-06-19,completed
Item SKU Industrial 51,37,37,2731.34,2731.34,2025-06-05,2025-06-05,completed
Item SKU Industrial 302,49,49,812.91,812.91,2024-05-06,2024-05-08,completed_late
Item SKU Industrial 235,35,35,3915.45,3915.45,2026-04-20,2026-04-20,completed
Item SKU Industrial 105,51,51,3279.3,3279.3,2025-08-27,2025-08-27,completed
Item SKU Industrial 350,48,48,3886.56,3886.56,2025-10-27,2025-10-27,completed
Item SKU Industrial 351,28,28,3981.88,3981.88,2025-11-07,2025-11-07,completed
Item SKU Industrial 380,19,19,360.81,414.93,2025-01-09,2025-01-09,completed
Item SKU Industrial 342,15,15,2376.9,2376.9,2025-12-08,2025-12-08,completed
Item SKU Industrial 231,17,17,790.33,790.33,2024-07-25,2024-07-27,completed_late
Item SKU Industrial 219,30,30,1159.8,1159.8,2026-03-02,2026-03-02,completed
Item SKU Industrial 57,31,31,4149.97,4149.97,2026-03-15,2026-03-15,completed
Item SKU Industrial 445,34,34,1090.04,1090.04,2026-01-04,2026-01-04,completed
Item SKU Industrial 253,12,12,1392.48,1392.48,2025-12-18,2025-12-18,completed
Item SKU Industrial 280,26,26,1499.68,1499.68,2025-12-14,2025-12-14,completed
Item SKU Industrial 402,39,39,1080.69,1080.69,2024-06-17,2024-06-17,completed
Item SKU Industrial 480,15,15,351.6,351.6,2025-10-09,2025-10-17,completed_late
Item SKU Industrial 361,22,22,3340.04,3340.04,2024-12-28,2024-12-28,completed
Item SKU Industrial 108,41,41,2170.54,2496.12,2025-05-26,2025-05-26,completed
Item SKU Industrial 91,33,33,1210.44,1210.44,2025-01-11,2025-01-11,completed
Item SKU Industrial 14,48,48,5021.28,5021.28,2025-11-12,2025-11-12,completed
Item SKU Industrial 24,3,3,364.95,364.95,2024-11-22,2024-11-22,completed
Item SKU Industrial 492,17,17,345.61,345.61,2024-10-13,2024-10-13,completed
Item SKU Industrial 24,20,20,2433.0,2433.0,2025-02-10,2025-02-12,completed_late
Item SKU Industrial 284,48,48,3718.08,3718.08,2025-07-25,2025-07-25,completed
Item SKU Industrial 187,29,29,698.9,698.9,2024-08-13,2024-08-13,completed
Item SKU Industrial 485,31,31,380.68,380.68,2024-02-15,2024-02-15,completed
Item SKU Industrial 437,12,12,1587.36,1587.36,2025-09-21,2025-09-21,completed
Item SKU Industrial 259,22,22,1334.52,1334.52,2024-12-26,2024-12-26,completed
Item SKU Industrial 485,5,5,61.4,70.61,2026-03-15,2026-03-15,completed
Item SKU Industrial 353,1,1,121.0,121.0,2024-08-09,2024-08-11,completed_late
Item SKU Industrial 225,7,7,64.05,64.05,2026-04-05,2026-04-05,completed
Item SKU Industrial 115,45,45,8736.3,8736.3,2026-01-26,2026-01-26,completed
Item SKU Industrial 320,19,19,309.89,309.89,2024-10-13,2024-10-13,completed
Item SKU Industrial 2,51,51,7086.45,7086.45,2025-06-06,2025-06-06,completed
Item SKU Industrial 414,42,42,2654.82,2654.82,2026-03-06,2026-03-06,completed
Item SKU Industrial 115,29,29,5630.06,5630.06,2025-09-13,2025-09-13,completed
Item SKU Industrial 90,42,42,11948.58,11948.58,2026-01-01,2026-01-03,completed_late
Item SKU Industrial 40,53,53,4857.98,4857.98,2025-12-06,2025-12-06,completed
Item SKU Industrial 115,45,45,8736.3,8736.3,2026-01-10,2026-01-10,completed
Item SKU Industrial 323,27,27,1916.19,2203.62,2026-05-23,2026-05-23,completed
Item SKU Industrial 426,28,28,2599.24,2599.24,2025-09-28,2025-09-28,completed
Item SKU Industrial 178,3,3,188.76,188.76,2026-04-06,2026-04-06,completed
Item SKU Industrial 8,47,47,4336.69,4336.69,2024-09-15,2024-09-15,completed
Item SKU Industrial 364,15,15,872.1,872.1,2026-05-11,2026-05-13,completed_late
Item SKU Industrial 161,25,25,6529.25,6529.25,2025-04-24,2025-05-02,completed_late
Item SKU Industrial 64,8,8,928.24,928.24,2025-12-21,2025-12-21,completed
Item SKU Industrial 108,23,23,1217.62,1217.62,2024-07-12,2024-07-12,completed
Item SKU Industrial 215,38,38,831.44,831.44,2024-09-29,2024-09-29,completed
Item SKU Industrial 279,3,3,328.68,328.68,2025-04-07,2025-04-07,completed
Item SKU Industrial 304,40,40,12465.2,12465.2,2025-10-12,2025-10-12,completed
Item SKU Industrial 277,49,49,3751.93,4314.72,2024-04-13,2024-04-15,completed_late
Item SKU Industrial 255,16,16,398.4,398.4,2025-02-12,2025-02-12,completed
Item SKU Industrial 131,24,24,453.6,453.6,2025-11-24,2025-11-24,completed
Item SKU Industrial 489,16,16,892.16,892.16,2025-11-06,2025-11-06,completed
Item SKU Industrial 289,44,44,1003.64,1003.64,2024-11-18,2024-11-18,completed
Item SKU Industrial 162,52,52,8100.56,8100.56,2024-08-17,2024-08-17,completed
Item SKU Industrial 54,6,6,205.68,205.68,2024-06-09,2024-06-09,completed
Item SKU Industrial 14,24,24,2510.64,2510.64,2026-01-31,2026-02-02,completed_late
Item SKU Industrial 286,38,38,1515.82,1515.82,2025-05-04,2025-05-04,completed
Item SKU Industrial 14,17,17,1778.37,1778.37,2025-07-05,2025-07-05,completed
Item SKU Industrial 169,42,42,3724.56,3724.56,2025-08-08,2025-08-08,completed
Item SKU Industrial 403,33,33,3758.04,4321.75,2025-11-20,2025-11-20,completed
Item SKU Industrial 307,36,36,945.72,945.72,2024-04-15,2024-04-15,completed
Item SKU Industrial 138,12,12,2491.56,2491.56,2025-02-17,2025-02-17,completed
Item SKU Industrial 338,24,24,1443.6,1443.6,2026-05-09,2026-05-11,completed_late
Item SKU Industrial 187,22,22,530.2,530.2,2024-02-09,2024-02-09,completed
Item SKU Industrial 363,24,24,3661.44,3661.44,2024-04-12,2024-04-12,completed
Item SKU Industrial 79,48,48,10836.0,10836.0,2026-02-02,2026-02-02,completed
Item SKU Industrial 146,8,8,626.64,626.64,2026-02-12,2026-02-12,completed
Item SKU Industrial 164,20,20,1172.2,1172.2,2024-10-19,2024-10-19,completed
Item SKU Industrial 56,8,8,142.64,142.64,2025-02-16,2025-02-16,completed
Item SKU Industrial 317,42,42,1921.08,1921.08,2024-02-20,2024-02-22,completed_late
Item SKU Industrial 12,35,35,1242.85,1429.28,2024-08-26,2024-08-26,completed
Item SKU Industrial 336,53,53,5976.81,5976.81,2026-01-05,2026-01-13,completed_late
Item SKU Industrial 207,7,7,2509.64,2509.64,2025-11-10,2025-11-10,completed
Item SKU Industrial 137,39,39,2276.82,2276.82,2024-11-04,2024-11-04,completed
Item SKU Industrial 421,6,6,1216.44,1216.44,2025-08-18,2025-08-18,completed
Item SKU Industrial 495,46,46,9452.08,9452.08,2026-05-04,2026-05-04,completed
Item SKU Industrial 28,11,11,662.97,662.97,2024-06-20,2024-06-22,completed_late
Item SKU Industrial 152,46,46,1972.94,1972.94,2026-04-23,2026-04-23,completed
Item SKU Industrial 239,5,5,70.6,70.6,2024-02-26,2024-02-26,completed
Item SKU Industrial 259,41,41,2487.06,2487.06,2025-11-14,2025-11-14,completed
Item SKU Industrial 78,40,40,1821.6,1821.6,2025-04-27,2025-04-27,completed
Item SKU Industrial 431,35,35,4520.95,5199.09,2026-01-12,2026-01-12,completed
Item SKU Industrial 309,25,25,2110.75,2110.75,2025-10-19,2025-10-19,completed
Item SKU Industrial 21,45,45,11179.35,11179.35,2024-10-26,2024-10-28,completed_late
Item SKU Industrial 440,39,39,7008.69,7008.69,2025-07-11,2025-07-11,completed
Item SKU Industrial 145,38,38,773.68,773.68,2026-05-10,2026-05-10,completed
Item SKU Industrial 107,22,22,2390.74,2390.74,2025-08-06,2025-08-06,completed
Item SKU Industrial 340,53,53,2062.76,2062.76,2026-01-15,2026-01-15,completed
Item SKU Industrial 213,27,27,526.5,526.5,2025-05-04,2025-05-04,completed
Item SKU Industrial 204,15,15,860.1,860.1,2025-01-01,2025-01-01,completed
Item SKU Industrial 450,50,50,3536.0,3536.0,2024-06-24,2024-06-26,completed_late
Item SKU Industrial 218,30,30,750.6,750.6,2025-08-01,2025-08-01,completed
Item SKU Industrial 494,28,28,3977.12,4573.69,2024-09-28,2024-09-28,completed
Item SKU Industrial 294,16,16,379.68,379.68,2025-01-25,2025-01-25,completed
Item SKU Industrial 414,38,38,2401.98,2401.98,2025-11-07,2025-11-07,completed
Item SKU Industrial 82,17,17,106.08,106.08,2024-06-15,2024-06-15,completed
Item SKU Industrial 446,24,24,2760.0,2760.0,2024-04-28,2024-04-28,completed
Item SKU Industrial 141,6,6,48.0,48.0,2024-02-21,2024-02-23,completed_late
Item SKU Industrial 286,38,38,1515.82,1515.82,2026-04-30,2026-04-30,completed
Item SKU Industrial 200,28,28,4867.8,4867.8,2025-12-15,2025-12-15,completed
Item SKU Industrial 252,49,49,3105.13,3105.13,2025-05-22,2025-05-30,completed_late
Item SKU Industrial 386,24,24,458.88,458.88,2024-03-21,2024-03-21,completed
Item SKU Industrial 335,48,48,5269.92,5269.92,2025-08-23,2025-08-23,completed
Item SKU Industrial 413,46,46,1966.96,2262.0,2026-04-19,2026-04-19,completed
Item SKU Industrial 208,50,50,2616.0,2616.0,2026-02-26,2026-02-28,completed_late
Item SKU Industrial 434,3,3,163.53,163.53,2025-05-10,2025-05-10,completed
Item SKU Industrial 344,49,49,903.56,903.56,2025-08-11,2025-08-11,completed
Item SKU Industrial 425,28,28,6296.08,6296.08,2025-03-29,2025-03-29,completed
Item SKU Industrial 416,12,12,190.8,190.8,2025-04-19,2025-04-19,completed
Item SKU Industrial 323,7,7,496.79,496.79,2026-02-01,2026-02-01,completed
Item SKU Industrial 287,2,2,728.48,728.48,2025-08-28,2025-08-28,completed
Item SKU Industrial 189,6,6,36.54,36.54,2026-05-01,2026-05-03,completed_late
Item SKU Industrial 185,3,3,271.23,271.23,2024-12-09,2024-12-09,completed
Item SKU Industrial 416,31,31,492.9,492.9,2025-09-29,2025-09-29,completed
Item SKU Industrial 374,35,35,6062.0,6971.3,2025-10-12,2025-10-12,completed
Item SKU Industrial 398,36,36,700.2,700.2,2024-05-30,2024-05-30,completed
Item SKU Industrial 480,22,22,515.68,515.68,2025-11-06,2025-11-06,completed
Item SKU Industrial 444,40,40,457.6,457.6,2024-03-19,2024-03-19,completed
Item SKU Industrial 365,34,34,1332.8,1332.8,2024-04-29,2024-05-01,completed_late
Item SKU Industrial 350,47,47,3805.59,3805.59,2025-10-05,2025-10-05,completed
Item SKU Industrial 358,42,42,3943.8,3943.8,2025-08-08,2025-08-08,completed
Item SKU Industrial 187,34,34,819.4,819.4,2026-01-24,2026-01-24,completed
Item SKU Industrial 309,37,37,3123.91,3123.91,2025-01-17,2025-01-17,completed
Item SKU Industrial 389,30,30,3045.3,3045.3,2025-08-30,2025-08-30,completed
Item SKU Industrial 146,44,44,3446.52,3446.52,2026-05-15,2026-05-15,completed
Item SKU Industrial 430,33,33,1961.19,2255.37,2026-05-09,2026-05-11,completed_late
Item SKU Industrial 347,52,52,1202.24,1202.24,2025-12-21,2025-12-21,completed
Item SKU Industrial 272,4,4,374.44,374.44,2024-09-23,2024-09-23,completed
Item SKU Industrial 65,39,39,553.41,553.41,2026-04-09,2026-04-09,completed
Item SKU Industrial 386,5,5,95.6,95.6,2026-01-02,2026-01-10,completed_late
Item SKU Industrial 242,12,12,110.16,110.16,2025-08-02,2025-08-02,completed
Item SKU Industrial 42,45,45,1423.35,1423.35,2024-05-12,2024-05-12,completed
Item SKU Industrial 479,46,46,7870.6,7870.6,2024-05-04,2024-05-06,completed_late
Item SKU Industrial 312,13,13,970.97,970.97,2024-11-02,2024-11-02,completed
Item SKU Industrial 19,50,50,5774.0,5774.0,2024-10-28,2024-10-28,completed
Item SKU Industrial 185,48,48,4339.68,4339.68,2026-03-29,2026-03-29,completed
Item SKU Industrial 110,8,8,603.6,694.14,2024-10-10,2024-10-10,completed
Item SKU Industrial 392,30,30,3561.3,3561.3,2024-11-13,2024-11-13,completed
Item SKU Industrial 37,18,18,3927.78,3927.78,2024-10-09,2024-10-09,completed
Item SKU Industrial 95,52,52,15995.2,15995.2,2024-08-31,2024-09-02,completed_late
Item SKU Industrial 36,51,51,2210.85,2210.85,2026-02-21,2026-02-21,completed
Item SKU Industrial 397,39,39,5743.14,5743.14,2025-04-08,2025-04-08,completed
Item SKU Industrial 237,50,50,7008.0,7008.0,2024-03-14,2024-03-14,completed
Item SKU Industrial 69,11,11,396.99,396.99,2025-05-26,2025-05-26,completed
Item SKU Industrial 399,53,53,2845.57,2845.57,2024-03-03,2024-03-03,completed
Item SKU Industrial 144,2,2,806.02,806.02,2025-06-26,2025-06-26,completed
Item SKU Industrial 151,29,29,1968.52,1968.52,2024-05-26,2024-05-28,completed_late
Item SKU Industrial 328,40,40,1702.8,1958.22,2024-10-10,2024-10-10,completed
Item SKU Industrial 250,52,52,4763.2,4763.2,2026-05-11,2026-05-11,completed
Item SKU Industrial 90,22,22,6258.78,6258.78,2026-04-06,2026-04-06,completed
Item SKU Industrial 23,20,20,873.6,873.6,2026-01-28,2026-01-28,completed
Item SKU Industrial 262,19,19,1139.43,1139.43,2026-03-14,2026-03-14,completed
Item SKU Industrial 63,42,42,6141.66,6141.66,2025-04-13,2025-04-13,completed
Item SKU Industrial 376,39,39,507.39,507.39,2024-04-18,2024-04-20,completed_late
Item SKU Industrial 460,51,51,3510.33,3510.33,2024-02-03,2024-02-03,completed
Item SKU Industrial 285,24,24,2014.08,2014.08,2025-05-25,2025-05-25,completed
Item SKU Industrial 54,5,5,171.4,171.4,2024-07-11,2024-07-11,completed
Item SKU Industrial 225,35,35,320.25,320.25,2025-04-25,2025-04-25,completed
Item SKU Industrial 496,48,48,2015.52,2317.85,2025-06-22,2025-06-30,completed_late
Item SKU Industrial 240,1,1,202.65,202.65,2024-12-22,2024-12-22,completed
Item SKU Industrial 469,4,4,963.48,963.48,2026-02-27,2026-03-01,completed_late
Item SKU Industrial 225,17,17,155.55,155.55,2025-04-14,2025-04-14,completed
Item SKU Industrial 460,18,18,1238.94,1238.94,2026-01-12,2026-01-12,completed
Item SKU Industrial 498,26,26,2483.52,2483.52,2024-12-27,2024-12-27,completed
Item SKU Industrial 481,52,52,1395.16,1395.16,2024-07-25,2024-07-25,completed
Item SKU Industrial 419,27,27,2628.99,2628.99,2024-11-23,2024-11-23,completed
Item SKU Industrial 176,36,36,2759.4,2759.4,2026-01-16,2026-01-16,completed
Item SKU Industrial 1,12,12,524.88,524.88,2025-07-14,2025-07-16,completed_late
Item SKU Industrial 417,8,8,547.6,547.6,2025-06-19,2025-06-19,completed
Item SKU Industrial 154,39,39,335.79,386.16,2025-11-30,2025-11-30,completed
Item SKU Industrial 314,35,35,3911.95,3911.95,2025-07-24,2025-07-24,completed
Item SKU Industrial 386,20,20,382.4,382.4,2024-12-27,2024-12-27,completed
Item SKU Industrial 283,19,19,789.45,789.45,2024-10-23,2024-10-23,completed
Item SKU Industrial 50,29,29,307.11,307.11,2025-09-16,2025-09-16,completed
Item SKU Industrial 324,28,28,560.28,560.28,2025-10-30,2025-11-01,completed_late
Item SKU Industrial 258,9,9,556.38,556.38,2025-11-13,2025-11-13,completed
Item SKU Industrial 307,39,39,1024.53,1024.53,2026-03-19,2026-03-19,completed
Item SKU Industrial 396,15,15,254.55,254.55,2025-12-04,2025-12-04,completed
Item SKU Industrial 359,53,53,3315.15,3315.15,2026-04-12,2026-04-12,completed
Item SKU Industrial 487,23,23,1356.08,1356.08,2026-04-17,2026-04-17,completed
Item SKU Industrial 289,53,53,1208.93,1390.27,2026-03-23,2026-03-23,completed
Item SKU Industrial 294,4,4,94.92,94.92,2025-04-20,2025-04-22,completed_late
Item SKU Industrial 30,42,42,1839.6,1839.6,2025-04-03,2025-04-03,completed
Item SKU Industrial 312,16,16,1195.04,1195.04,2026-02-15,2026-02-15,completed
Item SKU Industrial 320,17,17,277.27,277.27,2025-07-23,2025-07-23,completed
Item SKU Industrial 250,31,31,2839.6,2839.6,2025-02-08,2025-02-08,completed
Item SKU Industrial 109,47,47,4106.86,4106.86,2025-12-26,2025-12-26,completed
Item SKU Industrial 232,1,1,25.34,25.34,2026-05-15,2026-05-23,completed_late
Item SKU Industrial 375,4,4,404.48,404.48,2025-08-18,2025-08-20,completed_late
Item SKU Industrial 131,12,12,226.8,226.8,2026-01-04,2026-01-04,completed
Item SKU Industrial 152,33,33,1415.37,1415.37,2024-06-24,2024-06-24,completed
Item SKU Industrial 213,24,24,468.0,538.2,2025-07-18,2025-07-18,completed
Item SKU Industrial 2,19,19,2640.05,2640.05,2024-02-15,2024-02-15,completed
Item SKU Industrial 72,11,11,3995.2,3995.2,2024-10-19,2024-10-19,completed
Item SKU Industrial 477,22,22,2661.34,2661.34,2024-06-04,2024-06-04,completed
Item SKU Industrial 142,6,6,252.9,252.9,2025-02-07,2025-02-09,completed_late
Item SKU Industrial 242,40,40,367.2,367.2,2024-11-15,2024-11-15,completed
Item SKU Industrial 385,28,28,3891.44,3891.44,2025-10-20,2025-10-20,completed
Item SKU Industrial 175,51,51,5663.55,5663.55,2025-07-25,2025-07-25,completed
Item SKU Industrial 26,2,2,24.56,24.56,2024-12-06,2024-12-06,completed
Item SKU Industrial 33,36,36,257.04,257.04,2025-10-06,2025-10-06,completed
Item SKU Industrial 376,12,12,156.12,156.12,2025-07-14,2025-07-14,completed
Item SKU Industrial 347,35,35,809.2,930.58,2024-01-06,2024-01-08,completed_late
Item SKU Industrial 458,19,19,301.53,301.53,2025-08-11,2025-08-11,completed
Item SKU Industrial 334,6,6,204.78,204.78,2025-06-15,2025-06-15,completed
Item SKU Industrial 260,35,35,515.9,515.9,2026-04-04,2026-04-04,completed
Item SKU Industrial 219,50,50,1933.0,1933.0,2024-04-13,2024-04-13,completed
Item SKU Industrial 216,24,24,486.72,486.72,2024-04-01,2024-04-01,completed
Item SKU Industrial 150,24,24,3106.56,3106.56,2024-12-20,2024-12-20,completed
Item SKU Industrial 115,11,11,2135.54,2135.54,2026-01-09,2026-01-11,completed_late
Item SKU Industrial 42,5,5,158.15,158.15,2025-02-16,2025-02-16,completed
Item SKU Industrial 366,8,8,439.04,439.04,2024-12-21,2024-12-21,completed
Item SKU Industrial 81,38,38,2727.64,2727.64,2025-04-12,2025-04-12,completed
Item SKU Industrial 482,18,18,140.22,161.25,2025-08-22,2025-08-22,completed
Item SKU Industrial 315,37,37,778.48,778.48,2026-05-14,2026-05-14,completed
Item SKU Industrial 469,26,26,6262.62,6262.62,2025-03-24,2025-03-24,completed
Item SKU Industrial 4,35,35,5388.25,5388.25,2025-11-21,2025-11-29,completed_late
Item SKU Industrial 59,16,16,241.28,241.28,2026-01-29,2026-01-29,completed
Item SKU Industrial 30,49,49,2146.2,2146.2,2025-11-12,2025-11-12,completed
Item SKU Industrial 264,34,34,1075.76,1075.76,2024-11-02,2024-11-02,completed
Item SKU Industrial 239,20,20,282.4,282.4,2025-11-03,2025-11-03,completed
Item SKU Industrial 161,30,30,7835.1,7835.1,2025-06-01,2025-06-01,completed
Item SKU Industrial 434,34,34,1853.34,1853.34,2026-04-23,2026-04-23,completed
Item SKU Industrial 248,50,50,2223.5,2223.5,2026-01-08,2026-01-10,completed_late
Item SKU Industrial 133,38,38,5976.26,6872.7,2025-04-03,2025-04-03,completed
Item SKU Industrial 307,19,19,499.13,499.13,2024-06-18,2024-06-18,completed
Item SKU Industrial 446,37,37,4255.0,4255.0,2025-03-28,2025-03-28,completed
Item SKU Industrial 474,1,1,60.86,60.86,2024-09-27,2024-09-27,completed
Item SKU Industrial 168,34,34,941.8,941.8,2026-04-06,2026-04-06,completed
Item SKU Industrial 35,7,7,99.61,99.61,2025-11-14,2025-11-14,completed
Item SKU Industrial 11,28,28,4492.6,4492.6,2025-08-31,2025-09-02,completed_late
Item SKU Industrial 36,47,47,2037.45,2037.45,2026-01-31,2026-01-31,completed
Item SKU Industrial 35,22,22,313.06,313.06,2024-09-22,2024-09-22,completed
Item SKU Industrial 424,22,22,2131.14,2131.14,2025-05-12,2025-05-12,completed
Item SKU Industrial 297,48,48,10622.4,10622.4,2025-11-25,2025-11-25,completed
Item SKU Industrial 17,25,25,1018.5,1171.27,2025-03-31,2025-03-31,completed
Item SKU Industrial 486,41,41,5436.6,5436.6,2025-06-23,2025-06-23,completed
Item SKU Industrial 141,12,12,96.0,96.0,2025-11-10,2025-11-12,completed_late
Item SKU Industrial 38,14,14,4062.8,4062.8,2025-10-17,2025-10-17,completed
Item SKU Industrial 306,19,19,3035.44,3035.44,2025-06-13,2025-06-13,completed
Item SKU Industrial 497,23,23,663.78,663.78,2025-07-20,2025-07-20,completed
Item SKU Industrial 442,11,11,991.76,991.76,2025-03-06,2025-03-06,completed
Item SKU Industrial 17,11,11,448.14,448.14,2024-08-11,2024-08-11,completed
Item SKU Industrial 159,3,3,185.82,185.82,2025-02-20,2025-02-20,completed
Item SKU Industrial 314,27,27,3017.79,3017.79,2024-02-12,2024-02-14,completed_late
Item SKU Industrial 347,28,28,647.36,647.36,2026-01-26,2026-02-03,completed_late
Item SKU Industrial 69,19,19,685.71,788.57,2025-09-22,2025-09-22,completed
Item SKU Industrial 271,37,37,6702.55,6702.55,2025-02-15,2025-02-15,completed
Item SKU Industrial 473,1,1,532.49,532.49,2024-09-07,2024-09-07,completed
Item SKU Industrial 181,25,25,1052.75,1052.75,2026-04-04,2026-04-04,completed
Item SKU Industrial 41,28,28,1591.24,1591.24,2024-08-02,2024-08-02,completed
Item SKU Industrial 258,22,22,1360.04,1360.04,2026-05-11,2026-05-13,completed_late
Item SKU Industrial 8,9,9,830.43,830.43,2025-02-17,2025-02-17,completed
Item SKU Industrial 309,19,19,1604.17,1604.17,2024-09-21,2024-09-21,completed
Item SKU Industrial 499,37,37,1807.08,1807.08,2025-11-02,2025-11-02,completed
Item SKU Industrial 102,11,11,145.97,145.97,2026-01-12,2026-01-12,completed
Item SKU Industrial 24,38,38,4622.7,4622.7,2025-01-24,2025-01-24,completed
Item SKU Industrial 76,7,7,813.47,935.49,2025-11-09,2025-11-09,completed
Item SKU Industrial 384,40,40,8634.0,8634.0,2024-10-17,2024-10-19,completed_late
Item SKU Industrial 76,14,14,1626.94,1626.94,2025-01-05,2025-01-05,completed
Item SKU Industrial 37,17,17,3709.57,3709.57,2024-10-28,2024-10-28,completed
Item SKU Industrial 404,6,6,636.9,636.9,2026-02-26,2026-02-26,completed
Item SKU Industrial 154,25,25,215.25,215.25,2024-02-10,2024-02-10,completed
Item SKU Industrial 248,46,46,2045.62,2045.62,2025-11-07,2025-11-07,completed
Item SKU Industrial 116,20,20,1145.6,1145.6,2024-06-10,2024-06-10,completed
Item SKU Industrial 188,20,20,290.2,290.2,2024-05-19,2024-05-21,completed_late
Item SKU Industrial 376,24,24,312.24,312.24,2025-04-04,2025-04-04,completed
Item SKU Industrial 71,52,52,12120.68,12120.68,2024-08-12,2024-08-12,completed
Item SKU Industrial 28,33,33,1988.91,2287.25,2025-09-22,2025-09-22,completed
Item SKU Industrial 479,7,7,1197.7,1197.7,2025-06-28,2025-06-28,completed
Item SKU Industrial 475,45,45,3808.8,3808.8,2025-10-10,2025-10-10,completed
Item SKU Industrial 425,4,4,899.44,899.44,2024-07-25,2024-07-25,completed
Item SKU Industrial 72,20,20,7264.0,7264.0,2024-12-18,2024-12-20,completed_late
Item SKU Industrial 112,33,33,301.29,301.29,2025-11-21,2025-11-21,completed
Item SKU Industrial 22,36,36,6967.44,6967.44,2024-12-08,2024-12-16,completed_late
Item SKU Industrial 442,35,35,3155.6,3155.6,2024-11-08,2024-11-08,completed
Item SKU Industrial 321,17,17,1188.98,1188.98,2024-06-27,2024-06-27,completed
Item SKU Industrial 296,44,44,885.72,885.72,2025-10-23,2025-10-23,completed
Item SKU Industrial 247,19,19,454.48,454.48,2025-12-05,2025-12-05,completed
Item SKU Industrial 21,48,48,11924.64,13713.34,2025-01-13,2025-01-15,completed_late
Item SKU Industrial 385,3,3,416.94,416.94,2026-01-26,2026-01-26,completed
Item SKU Industrial 231,20,20,929.8,929.8,2025-11-01,2025-11-01,completed
Item SKU Industrial 255,47,47,1170.3,1170.3,2026-03-30,2026-03-30,completed
Item SKU Industrial 206,6,6,397.74,397.74,2026-01-10,2026-01-10,completed
Item SKU Industrial 454,14,14,1771.84,1771.84,2025-06-12,2025-06-12,completed
Item SKU Industrial 120,6,6,318.12,318.12,2026-05-14,2026-05-14,completed
Item SKU Industrial 415,40,40,9290.4,9290.4,2026-01-18,2026-01-20,completed_late
Item SKU Industrial 211,33,33,980.1,980.1,2025-12-27,2025-12-27,completed
Item SKU Industrial 209,36,36,1275.48,1275.48,2024-02-22,2024-02-22,completed
Item SKU Industrial 154,47,47,404.67,404.67,2026-01-08,2026-01-08,completed
Item SKU Industrial 371,18,18,4126.68,4745.68,2024-06-07,2024-06-07,completed
Item SKU Industrial 422,15,15,3504.6,3504.6,2025-12-07,2025-12-07,completed
Item SKU Industrial 358,4,4,375.6,375.6,2025-12-25,2025-12-25,completed
Item SKU Industrial 492,47,47,955.51,955.51,2024-01-22,2024-01-24,completed_late
Item SKU Industrial 337,39,39,3293.16,3293.16,2024-09-01,2024-09-01,completed
Item SKU Industrial 418,34,34,1946.84,1946.84,2025-11-02,2025-11-02,completed
Item SKU Industrial 106,49,49,4440.87,4440.87,2026-01-12,2026-01-12,completed
Item SKU Industrial 391,16,16,1132.48,1132.48,2025-03-12,2025-03-12,completed
Item SKU Industrial 65,36,36,510.84,510.84,2024-12-11,2024-12-11,completed
Item SKU Industrial 82,47,47,293.28,293.28,2025-02-02,2025-02-02,completed
Item SKU Industrial 296,30,30,603.9,603.9,2026-02-23,2026-02-25,completed_late
Item SKU Industrial 394,14,14,507.36,583.46,2025-03-01,2025-03-01,completed
Item SKU Industrial 116,53,53,3035.84,3035.84,2026-03-07,2026-03-07,completed
Item SKU Industrial 401,14,14,292.18,292.18,2025-12-11,2025-12-19,completed_late
Item SKU Industrial 134,22,22,4836.04,4836.04,2026-02-11,2026-02-11,completed
Item SKU Industrial 385,52,52,7226.96,7226.96,2024-11-16,2024-11-16,completed
Item SKU Industrial 6,18,18,334.98,334.98,2025-02-23,2025-02-23,completed
Item SKU Industrial 462,5,5,921.3,921.3,2024-05-17,2024-05-19,completed_late
Item SKU Industrial 331,40,40,17189.2,17189.2,2025-04-27,2025-04-27,completed
Item SKU Industrial 60,2,2,25.3,25.3,2026-02-05,2026-02-05,completed
Item SKU Industrial 231,45,45,2092.05,2092.05,2025-08-24,2025-08-24,completed
Item SKU Industrial 175,38,38,4219.9,4219.9,2026-02-23,2026-02-23,completed
Item SKU Industrial 376,11,11,143.11,164.58,2025-01-12,2025-01-12,completed
Item SKU Industrial 228,4,4,89.32,89.32,2025-03-07,2025-03-07,completed
Item SKU Industrial 12,31,31,1100.81,1100.81,2025-04-26,2025-04-28,completed_late
Item SKU Industrial 431,42,42,5425.14,5425.14,2025-12-18,2025-12-18,completed
Item SKU Industrial 188,50,50,725.5,725.5,2025-12-19,2025-12-19,completed
Item SKU Industrial 50,41,41,434.19,434.19,2025-10-28,2025-10-28,completed
Item SKU Industrial 315,41,41,862.64,862.64,2025-01-16,2025-01-16,completed
Item SKU Industrial 57,29,29,3882.23,3882.23,2026-04-20,2026-04-20,completed
Item SKU Industrial 142,14,14,590.1,590.1,2026-01-10,2026-01-10,completed
Item SKU Industrial 126,49,49,4919.6,4919.6,2025-08-07,2025-08-09,completed_late
Item SKU Industrial 443,29,29,1266.14,1266.14,2025-12-21,2025-12-21,completed
Item SKU Industrial 93,25,25,4490.25,5163.79,2025-05-19,2025-05-19,completed
Item SKU Industrial 166,28,28,6801.76,6801.76,2024-06-21,2024-06-21,completed
Item SKU Industrial 364,18,18,1046.52,1046.52,2025-10-30,2025-10-30,completed
Item SKU Industrial 245,5,5,541.4,541.4,2026-05-24,2026-05-24,completed
Item SKU Industrial 491,40,40,3282.0,3282.0,2024-01-08,2024-01-08,completed
Item SKU Industrial 438,37,37,671.18,671.18,2025-01-05,2025-01-07,completed_late
Item SKU Industrial 219,45,45,1739.7,1739.7,2026-01-05,2026-01-05,completed
Item SKU Industrial 12,50,50,1775.5,1775.5,2025-01-09,2025-01-09,completed
Item SKU Industrial 173,12,12,1009.32,1009.32,2025-06-21,2025-06-21,completed
Item SKU Industrial 264,33,33,1044.12,1044.12,2025-06-07,2025-06-15,completed_late
Item SKU Industrial 164,16,16,937.76,937.76,2025-02-24,2025-02-24,completed
Item SKU Industrial 357,30,30,5116.8,5884.32,2026-02-08,2026-02-08,completed
Item SKU Industrial 354,15,15,302.4,302.4,2025-07-13,2025-07-15,completed_late
Item SKU Industrial 39,1,1,78.4,78.4,2026-05-01,2026-05-01,completed
Item SKU Industrial 229,17,17,227.46,227.46,2025-06-02,2025-06-02,completed
Item SKU Industrial 439,23,23,4260.29,4260.29,2024-05-30,2024-05-30,completed
Item SKU Industrial 436,53,53,16798.88,16798.88,2026-05-01,2026-05-01,completed
Item SKU Industrial 457,15,15,806.85,806.85,2026-01-17,2026-01-17,completed
Item SKU Industrial 81,30,30,2153.4,2153.4,2026-04-16,2026-04-16,completed
Item SKU Industrial 491,40,40,3282.0,3282.0,2025-11-19,2025-11-21,completed_late
Item SKU Industrial 228,11,11,245.63,245.63,2025-01-25,2025-01-25,completed
Item SKU Industrial 442,16,16,1442.56,1442.56,2024-04-25,2024-04-25,completed
Item SKU Industrial 490,34,34,1519.12,1746.99,2024-11-22,2024-11-22,completed
Item SKU Industrial 280,26,26,1499.68,1499.68,2026-01-31,2026-01-31,completed
Item SKU Industrial 44,45,45,5106.15,5106.15,2026-03-05,2026-03-05,completed
Item SKU Industrial 492,53,53,1077.49,1077.49,2026-05-11,2026-05-11,completed
Item SKU Industrial 282,40,40,1522.0,1522.0,2026-04-20,2026-04-22,completed_late
Item SKU Industrial 75,26,26,318.5,318.5,2026-02-26,2026-02-26,completed
Item SKU Industrial 219,48,48,1855.68,1855.68,2024-03-23,2024-03-23,completed
Item SKU Industrial 414,20,20,1264.2,1264.2,2024-02-01,2024-02-01,completed
Item SKU Industrial 334,17,17,580.21,580.21,2024-10-28,2024-10-28,completed
Item SKU Industrial 293,30,30,662.4,662.4,2026-02-13,2026-02-13,completed
Item SKU Industrial 186,23,23,2861.2,2861.2,2025-03-15,2025-03-15,completed
Item SKU Industrial 191,15,15,1342.8,1544.22,2025-10-02,2025-10-04,completed_late
Item SKU Industrial 452,41,41,1489.53,1489.53,2025-12-28,2025-12-28,completed
Item SKU Industrial 20,48,48,1807.2,1807.2,2025-12-29,2025-12-29,completed
Item SKU Industrial 126,39,39,3915.6,3915.6,2025-05-11,2025-05-11,completed
Item SKU Industrial 3,26,26,191.1,191.1,2024-06-24,2024-06-24,completed
Item SKU Industrial 337,7,7,591.08,591.08,2025-07-21,2025-07-29,completed_late
Item SKU Industrial 265,24,24,1135.92,1135.92,2026-04-05,2026-04-05,completed
Item SKU Industrial 439,15,15,2778.45,2778.45,2024-11-06,2024-11-08,completed_late
Item SKU Industrial 454,2,2,253.12,253.12,2026-02-26,2026-02-26,completed
Item SKU Industrial 446,41,41,4715.0,4715.0,2024-02-08,2024-02-08,completed
Item SKU Industrial 284,49,49,3795.54,3795.54,2025-02-27,2025-02-27,completed
Item SKU Industrial 148,20,20,6015.8,6918.17,2024-02-15,2024-02-15,completed
Item SKU Industrial 362,44,44,2395.36,2395.36,2025-10-09,2025-10-09,completed
Item SKU Industrial 337,29,29,2448.76,2448.76,2024-04-07,2024-04-07,completed
Item SKU Industrial 377,52,52,13408.2,13408.2,2025-10-19,2025-10-21,completed_late
Item SKU Industrial 168,17,17,470.9,470.9,2024-11-28,2024-11-28,completed
Item SKU Industrial 134,35,35,7693.7,7693.7,2025-08-24,2025-08-24,completed
Item SKU Industrial 229,3,3,40.14,40.14,2024-02-04,2024-02-04,completed
Item SKU Industrial 144,45,45,18135.45,18135.45,2024-05-20,2024-05-20,completed
Item SKU Industrial 143,4,4,577.96,577.96,2024-08-22,2024-08-22,completed
Item SKU Industrial 175,31,31,3442.55,3442.55,2025-04-21,2025-04-21,completed
Item SKU Industrial 479,48,48,8212.8,8212.8,2025-02-13,2025-02-15,completed_late
Item SKU Industrial 292,38,38,1131.26,1300.95,2026-02-08,2026-02-08,completed
Item SKU Industrial 226,22,22,436.92,436.92,2025-11-06,2025-11-06,completed
Item SKU Industrial 156,48,48,6210.72,6210.72,2026-01-10,2026-01-10,completed
Item SKU Industrial 190,48,48,2210.88,2210.88,2026-02-15,2026-02-15,completed
Item SKU Industrial 199,35,35,3184.65,3184.65,2025-12-05,2025-12-05,completed
Item SKU Industrial 91,2,2,73.36,73.36,2024-12-02,2024-12-02,completed
Item SKU Industrial 103,20,20,1303.2,1303.2,2024-06-01,2024-06-03,completed_late
Item SKU Industrial 1,46,46,2012.04,2012.04,2025-05-17,2025-05-17,completed
Item SKU Industrial 214,37,37,607.54,607.54,2026-02-16,2026-02-16,completed
Item SKU Industrial 221,3,3,185.01,185.01,2025-01-19,2025-01-19,completed
Item SKU Industrial 148,6,6,1804.74,1804.74,2025-09-11,2025-09-11,completed
Item SKU Industrial 413,38,38,1624.88,1868.61,2024-11-23,2024-11-23,completed
Item SKU Industrial 415,40,40,9290.4,9290.4,2025-07-21,2025-07-29,completed_late
Item SKU Industrial 281,30,30,445.2,445.2,2025-04-05,2025-04-07,completed_late
Item SKU Industrial 325,5,5,317.2,317.2,2024-01-27,2024-01-27,completed
Item SKU Industrial 493,22,22,432.3,432.3,2025-12-19,2025-12-19,completed
Item SKU Industrial 194,39,39,8593.65,8593.65,2025-09-16,2025-09-16,completed
Item SKU Industrial 412,2,2,135.2,135.2,2024-05-30,2024-05-30,completed
Item SKU Industrial 11,30,30,4813.5,4813.5,2026-03-12,2026-03-12,completed
Item SKU Industrial 200,46,46,7997.1,7997.1,2025-10-13,2025-10-13,completed
Item SKU Industrial 162,50,50,7789.0,7789.0,2024-11-09,2024-11-11,completed_late
Item SKU Industrial 130,33,33,3254.13,3254.13,2025-01-03,2025-01-03,completed
Item SKU Industrial 56,5,5,89.15,102.52,2025-09-05,2025-09-05,completed
Item SKU Industrial 62,39,39,429.0,429.0,2025-07-04,2025-07-04,completed
Item SKU Industrial 200,12,12,2086.2,2086.2,2024-03-24,2024-03-24,completed
Item SKU Industrial 148,25,25,7519.75,7519.75,2024-04-19,2024-04-19,completed
Item SKU Industrial 167,27,27,2606.85,2606.85,2026-04-02,2026-04-02,completed
Item SKU Industrial 80,2,2,26.84,26.84,2024-09-29,2024-10-01,completed_late
Item SKU Industrial 360,4,4,173.6,173.6,2025-10-27,2025-10-27,completed
Item SKU Industrial 261,26,26,1258.14,1258.14,2025-01-16,2025-01-16,completed
Item SKU Industrial 493,14,14,275.1,275.1,2025-08-28,2025-08-28,completed
Item SKU Industrial 471,48,48,2686.56,2686.56,2025-03-15,2025-03-15,completed
Item SKU Industrial 376,39,39,507.39,507.39,2024-01-20,2024-01-20,completed
Item SKU Industrial 88,16,16,1927.04,2216.1,2024-08-16,2024-08-16,completed
Item SKU Industrial 434,40,40,2180.4,2180.4,2026-02-28,2026-03-02,completed_late
Item SKU Industrial 419,26,26,2531.62,2531.62,2026-05-17,2026-05-17,completed
Item SKU Industrial 93,36,36,6465.96,6465.96,2025-09-22,2025-09-22,completed
Item SKU Industrial 2,7,7,972.65,972.65,2024-01-14,2024-01-14,completed
Item SKU Industrial 150,28,28,3624.32,3624.32,2024-10-25,2024-10-25,completed
Item SKU Industrial 447,35,35,213.5,213.5,2026-04-08,2026-04-08,completed
Item SKU Industrial 333,46,46,6164.92,6164.92,2025-06-20,2025-06-20,completed
Item SKU Industrial 305,7,7,1331.89,1331.89,2024-06-01,2024-06-09,completed_late
Item SKU Industrial 11,51,51,8182.95,8182.95,2026-01-31,2026-01-31,completed
Item SKU Industrial 425,20,20,4497.2,4497.2,2024-08-12,2024-08-12,completed
Item SKU Industrial 237,42,42,5886.72,6769.73,2025-05-25,2025-05-25,completed
Item SKU Industrial 441,24,24,1831.2,1831.2,2024-10-26,2024-10-26,completed
Item SKU Industrial 139,1,1,162.59,162.59,2025-08-04,2025-08-04,completed
Item SKU Industrial 405,3,3,270.27,270.27,2026-02-26,2026-02-26,completed
Item SKU Industrial 278,24,24,1666.32,1666.32,2025-08-18,2025-08-20,completed_late
Item SKU Industrial 139,46,46,7479.14,7479.14,2024-03-15,2024-03-15,completed
Item SKU Industrial 474,22,22,1338.92,1338.92,2024-12-15,2024-12-15,completed
Item SKU Industrial 47,2,2,279.16,279.16,2024-06-23,2024-06-23,completed
Item SKU Industrial 301,7,7,2200.17,2200.17,2025-12-15,2025-12-15,completed
Item SKU Industrial 185,34,34,3073.94,3073.94,2025-08-11,2025-08-11,completed
Item SKU Industrial 409,16,16,688.96,688.96,2024-01-15,2024-01-15,completed
Item SKU Industrial 189,46,46,280.14,322.16,2025-08-23,2025-08-25,completed_late
Item SKU Industrial 450,19,19,1343.68,1343.68,2026-03-06,2026-03-06,completed
Item SKU Industrial 486,13,13,1723.8,1723.8,2025-11-06,2025-11-06,completed
Item SKU Industrial 429,42,42,3234.84,3234.84,2025-12-01,2025-12-01,completed
Item SKU Industrial 266,46,46,381.34,381.34,2025-02-23,2025-02-23,completed
Item SKU Industrial 221,16,16,986.72,986.72,2025-12-13,2025-12-13,completed
Item SKU Industrial 387,40,40,1272.8,1272.8,2025-05-09,2025-05-09,completed
Item SKU Industrial 39,12,12,940.8,940.8,2024-01-24,2024-01-26,completed_late
Item SKU Industrial 4,20,20,3079.0,3079.0,2024-06-23,2024-06-23,completed
Item SKU Industrial 135,7,7,771.12,771.12,2024-08-23,2024-08-23,completed
Item SKU Industrial 123,49,49,490.0,490.0,2025-03-08,2025-03-08,completed
Item SKU Industrial 438,46,46,834.44,959.61,2024-08-07,2024-08-07,completed
Item SKU Industrial 291,34,34,655.86,655.86,2024-05-27,2024-05-27,completed
Item SKU Industrial 257,50,50,10119.0,10119.0,2026-03-27,2026-03-27,completed
Item SKU Industrial 280,33,33,1903.44,1903.44,2025-02-14,2025-02-16,completed_late
Item SKU Industrial 56,38,38,677.54,677.54,2024-04-27,2024-05-05,completed_late
Item SKU Industrial 406,15,15,1489.8,1489.8,2025-07-05,2025-07-05,completed
Item SKU Industrial 15,28,28,3381.28,3381.28,2024-08-25,2024-08-25,completed
Item SKU Industrial 349,18,18,2176.92,2176.92,2025-10-23,2025-10-23,completed
Item SKU Industrial 192,8,8,409.04,409.04,2025-03-29,2025-03-29,completed
Item SKU Industrial 217,28,28,2352.0,2352.0,2024-12-27,2024-12-27,completed
Item SKU Industrial 416,5,5,79.5,79.5,2025-02-21,2025-02-23,completed_late
Item SKU Industrial 434,37,37,2016.87,2319.4,2026-04-30,2026-04-30,completed
Item SKU Industrial 20,14,14,527.1,527.1,2026-01-25,2026-01-25,completed
Item SKU Industrial 106,41,41,3715.83,3715.83,2024-09-05,2024-09-05,completed
Item SKU Industrial 163,13,13,373.49,373.49,2025-09-13,2025-09-13,completed
Item SKU Industrial 500,50,50,348.5,348.5,2025-10-10,2025-10-10,completed
Item SKU Industrial 89,53,53,4140.89,4140.89,2024-05-08,2024-05-08,completed
Item SKU Industrial 316,17,17,579.02,579.02,2026-03-02,2026-03-04,completed_late
Item SKU Industrial 419,4,4,389.48,389.48,2025-08-31,2025-08-31,completed
Item SKU Industrial 86,27,27,468.45,468.45,2026-05-02,2026-05-02,completed
Item SKU Industrial 400,11,11,1323.3,1323.3,2024-11-24,2024-11-24,completed
Item SKU Industrial 80,47,47,630.74,630.74,2025-09-06,2025-09-06,completed
Item SKU Industrial 74,25,25,942.0,1083.3,2024-12-14,2024-12-14,completed
Item SKU Industrial 367,47,47,1602.7,1602.7,2025-10-04,2025-10-04,completed
Item SKU Industrial 7,41,41,4605.12,4605.12,2025-04-11,2025-04-13,completed_late
Item SKU Industrial 50,27,27,285.93,285.93,2025-01-23,2025-01-23,completed
Item SKU Industrial 372,51,51,2297.04,2297.04,2025-05-08,2025-05-08,completed
Item SKU Industrial 125,46,46,17102.8,17102.8,2025-09-20,2025-09-20,completed
Item SKU Industrial 153,41,41,1178.34,1178.34,2025-03-20,2025-03-20,completed
Item SKU Industrial 253,40,40,4641.6,4641.6,2025-08-10,2025-08-10,completed
Item SKU Industrial 133,25,25,3931.75,3931.75,2025-09-28,2025-09-28,completed
Item SKU Industrial 406,52,52,5164.64,5164.64,2026-01-31,2026-02-02,completed_late
Item SKU Industrial 83,18,18,1168.74,1168.74,2025-06-13,2025-06-13,completed
Item SKU Industrial 174,18,18,1031.04,1185.7,2024-10-08,2024-10-16,completed_late
Item SKU Industrial 24,42,42,5109.3,5109.3,2025-07-19,2025-07-19,completed
Item SKU Industrial 215,51,51,1115.88,1115.88,2024-09-13,2024-09-13,completed
Item SKU Industrial 279,45,45,4930.2,4930.2,2025-08-02,2025-08-02,completed
Item SKU Industrial 419,26,26,2531.62,2531.62,2025-10-30,2025-10-30,completed
Item SKU Industrial 117,15,15,1356.0,1356.0,2025-11-10,2025-11-12,completed_late
Item SKU Industrial 465,36,36,3322.8,3322.8,2025-11-27,2025-11-27,completed
Item SKU Industrial 362,8,8,435.52,435.52,2025-08-29,2025-08-29,completed
Item SKU Industrial 326,19,19,1269.58,1269.58,2026-01-04,2026-01-04,completed
Item SKU Industrial 44,28,28,3177.16,3177.16,2024-02-25,2024-02-25,completed
Item SKU Industrial 333,3,3,402.06,402.06,2026-04-20,2026-04-20,completed
Item SKU Industrial 465,39,39,3599.7,4139.66,2025-02-23,2025-02-23,completed
Item SKU Industrial 182,15,15,235.35,235.35,2024-09-12,2024-09-14,completed_late
Item SKU Industrial 395,47,47,6959.29,6959.29,2024-06-15,2024-06-15,completed
Item SKU Industrial 276,47,47,690.9,690.9,2024-11-14,2024-11-14,completed
Item SKU Industrial 84,41,41,441.16,441.16,2024-11-03,2024-11-03,completed
Item SKU Industrial 401,42,42,876.54,876.54,2025-03-16,2025-03-16,completed
Item SKU Industrial 267,17,17,646.17,646.17,2025-01-30,2025-01-30,completed
Item SKU Industrial 443,45,45,1964.7,1964.7,2024-11-17,2024-11-17,completed
Item SKU Industrial 36,22,22,953.7,953.7,2025-09-06,2025-09-08,completed_late
Item SKU Industrial 90,8,8,2275.92,2275.92,2025-09-16,2025-09-16,completed
Item SKU Industrial 451,14,14,2656.78,2656.78,2025-12-21,2025-12-21,completed
Item SKU Industrial 480,49,49,1148.56,1320.84,2025-02-06,2025-02-06,completed
Item SKU Industrial 107,5,5,543.35,543.35,2024-10-28,2024-10-28,completed
Item SKU Industrial 356,42,42,810.18,810.18,2025-07-30,2025-07-30,completed
Item SKU Industrial 245,51,51,5522.28,5522.28,2026-04-02,2026-04-02,completed
Item SKU Industrial 475,12,12,1015.68,1015.68,2026-04-19,2026-04-21,completed_late
Item SKU Industrial 15,42,42,5071.92,5071.92,2024-10-06,2024-10-06,completed
Item SKU Industrial 220,44,44,7858.84,7858.84,2025-07-31,2025-07-31,completed
Item SKU Industrial 497,37,37,1067.82,1067.82,2024-04-26,2024-05-04,completed_late
Item SKU Industrial 332,33,33,1287.33,1287.33,2025-12-27,2025-12-27,completed
Item SKU Industrial 383,14,14,1057.84,1057.84,2024-04-08,2024-04-08,completed
Item SKU Industrial 18,8,8,348.8,348.8,2024-04-20,2024-04-20,completed
Item SKU Industrial 212,9,9,118.44,136.21,2026-01-08,2026-01-10,completed_late
Item SKU Industrial 269,39,39,1268.67,1268.67,2026-03-02,2026-03-02,completed
Item SKU Industrial 444,37,37,423.28,423.28,2025-08-16,2025-08-16,completed
Item SKU Industrial 325,39,39,2474.16,2474.16,2024-12-23,2024-12-23,completed
Item SKU Industrial 34,31,31,5166.46,5166.46,2024-08-21,2024-08-21,completed
Item SKU Industrial 30,15,15,657.0,657.0,2025-06-23,2025-06-23,completed
Item SKU Industrial 206,6,6,397.74,397.74,2024-09-03,2024-09-03,completed
Item SKU Industrial 65,39,39,553.41,553.41,2024-12-29,2024-12-31,completed_late
Item SKU Industrial 474,19,19,1156.34,1156.34,2025-06-02,2025-06-02,completed
Item SKU Industrial 275,2,2,107.76,107.76,2026-03-27,2026-03-27,completed
Item SKU Industrial 438,38,38,689.32,689.32,2025-01-02,2025-01-02,completed
Item SKU Industrial 183,33,33,304.92,350.66,2025-02-20,2025-02-20,completed
Item SKU Industrial 195,49,49,2304.96,2304.96,2024-08-19,2024-08-19,completed
Item SKU Industrial 166,26,26,6315.92,6315.92,2024-08-12,2024-08-12,completed
Item SKU Industrial 472,47,47,653.77,653.77,2025-06-09,2025-06-11,completed_late
Item SKU Industrial 66,4,4,50.04,50.04,2025-05-19,2025-05-19,completed
Item SKU Industrial 312,35,35,2614.15,2614.15,2024-08-05,2024-08-05,completed
Item SKU Industrial 486,9,9,1193.4,1193.4,2025-06-27,2025-06-27,completed
Item SKU Industrial 284,36,36,2788.56,2788.56,2025-12-12,2025-12-12,completed
Item SKU Industrial 288,45,45,3181.05,3181.05,2025-06-09,2025-06-09,completed
Item SKU Industrial 181,5,5,210.55,210.55,2024-12-16,2024-12-16,completed
Item SKU Industrial 465,52,52,4799.6,4799.6,2026-05-01,2026-05-03,completed_late
Item SKU Industrial 145,27,27,549.72,632.18,2025-01-17,2025-01-17,completed
Item SKU Industrial 420,11,11,79.09,79.09,2024-11-08,2024-11-08,completed
Item SKU Industrial 77,4,4,283.08,283.08,2025-11-23,2025-11-23,completed
Item SKU Industrial 171,17,17,674.39,674.39,2024-02-05,2024-02-13,completed_late
Item SKU Industrial 77,7,7,495.39,495.39,2026-02-12,2026-02-12,completed
Item SKU Industrial 316,2,2,68.12,68.12,2024-10-26,2024-10-26,completed
Item SKU Industrial 309,17,17,1435.31,1435.31,2026-01-01,2026-01-03,completed_late
Item SKU Industrial 294,19,19,450.87,450.87,2026-01-30,2026-01-30,completed
Item SKU Industrial 262,8,8,479.76,479.76,2025-09-19,2025-09-19,completed
Item SKU Industrial 70,12,12,1821.0,1821.0,2025-03-12,2025-03-12,completed
Item SKU Industrial 352,51,51,899.64,899.64,2024-01-29,2024-01-29,completed
Item SKU Industrial 255,4,4,99.6,114.54,2024-08-19,2024-08-19,completed
Item SKU Industrial 391,13,13,920.14,920.14,2025-11-07,2025-11-07,completed
Item SKU Industrial 269,28,28,910.84,910.84,2025-11-13,2025-11-15,completed_late
Item SKU Industrial 474,38,38,2312.68,2312.68,2026-01-16,2026-01-16,completed
Item SKU Industrial 197,36,36,5505.48,5505.48,2024-07-14,2024-07-14,completed
Item SKU Industrial 233,24,24,904.8,904.8,2025-02-17,2025-02-17,completed
Item SKU Industrial 163,48,48,1379.04,1379.04,2025-04-27,2025-04-27,completed
Item SKU Industrial 151,9,9,610.92,610.92,2025-07-03,2025-07-03,completed
Item SKU Industrial 183,52,52,480.48,480.48,2024-04-17,2024-04-17,completed
Item SKU Industrial 70,25,25,3793.75,3793.75,2026-02-04,2026-02-06,completed_late
Item SKU Industrial 340,35,35,1362.2,1362.2,2024-02-05,2024-02-05,completed
Item SKU Industrial 371,41,41,9399.66,10809.61,2025-03-16,2025-03-16,completed
Item SKU Industrial 273,33,33,3661.02,3661.02,2025-08-03,2025-08-03,completed
Item SKU Industrial 354,24,24,483.84,483.84,2025-06-23,2025-06-23,completed
Item SKU Industrial 262,46,46,2758.62,2758.62,2025-07-10,2025-07-10,completed
Item SKU Industrial 80,42,42,563.64,563.64,2025-12-04,2025-12-04,completed
Item SKU Industrial 28,49,49,2953.23,2953.23,2025-11-06,2025-11-08,completed_late
Item SKU Industrial 399,34,34,1825.46,1825.46,2025-12-22,2025-12-22,completed
Item SKU Industrial 238,33,33,3344.55,3344.55,2025-10-05,2025-10-05,completed
Item SKU Industrial 402,41,41,1136.11,1136.11,2024-12-06,2024-12-06,completed
Item SKU Industrial 206,5,5,331.45,331.45,2025-12-06,2025-12-06,completed
Item SKU Industrial 476,5,5,53.15,53.15,2024-12-12,2024-12-20,completed_late
Item SKU Industrial 422,44,44,10280.16,11822.18,2025-11-10,2025-11-10,completed
Item SKU Industrial 448,34,34,1260.04,1260.04,2025-07-17,2025-07-19,completed_late
Item SKU Industrial 424,9,9,871.83,871.83,2026-03-06,2026-03-06,completed
Item SKU Industrial 164,24,24,1406.64,1406.64,2025-05-25,2025-05-25,completed
Item SKU Industrial 288,50,50,3534.5,3534.5,2025-09-11,2025-09-11,completed
Item SKU Industrial 109,14,14,1223.32,1223.32,2025-10-06,2025-10-06,completed
Item SKU Industrial 177,15,15,2655.75,2655.75,2025-01-16,2025-01-16,completed
Item SKU Industrial 476,33,33,350.79,350.79,2024-08-25,2024-08-25,completed
Item SKU Industrial 483,45,45,2270.25,2270.25,2025-08-25,2025-08-27,completed_late
Item SKU Industrial 145,20,20,407.2,407.2,2025-02-07,2025-02-07,completed
Item SKU Industrial 87,8,8,736.72,736.72,2025-07-28,2025-07-28,completed
Item SKU Industrial 101,14,14,5729.92,6589.41,2024-02-04,2024-02-04,completed
Item SKU Industrial 243,8,8,225.04,225.04,2026-02-08,2026-02-08,completed
Item SKU Industrial 280,2,2,115.36,115.36,2024-08-22,2024-08-22,completed
Item SKU Industrial 27,53,53,11708.76,11708.76,2025-09-22,2025-09-22,completed
Item SKU Industrial 155,23,23,4121.83,4121.83,2026-05-16,2026-05-18,completed_late
Item SKU Industrial 423,23,23,1693.72,1693.72,2025-11-20,2025-11-20,completed
Item SKU Industrial 156,26,26,3364.14,3364.14,2025-01-15,2025-01-15,completed
Item SKU Industrial 299,27,27,1841.67,1841.67,2025-07-29,2025-07-29,completed
Item SKU Industrial 153,23,23,661.02,661.02,2025-03-03,2025-03-03,completed
Item SKU Industrial 488,15,15,889.05,889.05,2024-04-20,2024-04-20,completed
Item SKU Industrial 128,40,40,1303.2,1303.2,2025-03-06,2025-03-06,completed
Item SKU Industrial 24,30,30,3649.5,4196.92,2026-03-07,2026-03-09,completed_late
Item SKU Industrial 102,5,5,66.35,66.35,2025-11-09,2025-11-09,completed
Item SKU Industrial 384,53,53,11440.05,11440.05,2024-07-11,2024-07-11,completed
Item SKU Industrial 447,53,53,323.3,323.3,2025-01-31,2025-01-31,completed
Item SKU Industrial 374,51,51,8833.2,8833.2,2025-11-15,2025-11-15,completed
Item SKU Industrial 11,33,33,5294.85,5294.85,2024-11-29,2024-11-29,completed
Item SKU Industrial 199,26,26,2365.74,2365.74,2025-01-27,2025-02-04,completed_late
Item SKU Industrial 281,28,28,415.52,415.52,2024-10-31,2024-11-02,completed_late
Item SKU Industrial 475,4,4,338.56,338.56,2024-10-10,2024-10-10,completed
Item SKU Industrial 371,12,12,2751.12,2751.12,2026-01-01,2026-01-01,completed
Item SKU Industrial 67,48,48,14473.44,14473.44,2025-03-09,2025-03-09,completed
Item SKU Industrial 485,51,51,626.28,720.22,2026-05-14,2026-05-14,completed
Item SKU Industrial 386,50,50,956.0,956.0,2025-06-27,2025-06-27,completed
Item SKU Industrial 138,31,31,6436.53,6436.53,2024-06-10,2024-06-10,completed
Item SKU Industrial 231,22,22,1022.78,1022.78,2025-12-13,2025-12-15,completed_late
Item SKU Industrial 447,27,27,164.7,164.7,2026-04-02,2026-04-02,completed
Item SKU Industrial 179,20,20,1301.8,1301.8,2024-10-05,2024-10-05,completed
Item SKU Industrial 153,12,12,344.88,344.88,2026-05-23,2026-05-23,completed
Item SKU Industrial 368,2,2,266.04,266.04,2025-01-06,2025-01-06,completed
Item SKU Industrial 48,13,13,173.16,173.16,2024-04-20,2024-04-20,completed
Item SKU Industrial 98,25,25,210.5,210.5,2025-09-01,2025-09-01,completed
Item SKU Industrial 280,12,12,692.16,692.16,2025-11-08,2025-11-10,completed_late
Item SKU Industrial 176,11,11,843.15,969.62,2026-05-25,2026-05-25,completed
Item SKU Industrial 370,25,25,633.0,633.0,2026-03-05,2026-03-05,completed
Item SKU Industrial 63,34,34,4971.82,4971.82,2025-03-27,2025-03-27,completed
Item SKU Industrial 30,44,44,1927.2,1927.2,2025-10-23,2025-10-23,completed
Item SKU Industrial 128,49,49,1596.42,1596.42,2025-02-07,2025-02-07,completed
Item SKU Industrial 10,27,27,3618.54,3618.54,2025-11-03,2025-11-03,completed
Item SKU Industrial 344,15,15,276.6,276.6,2026-04-02,2026-04-04,completed_late
Item SKU Industrial 283,6,6,249.3,249.3,2024-10-12,2024-10-12,completed
Item SKU Industrial 425,31,31,6970.66,6970.66,2024-02-24,2024-02-24,completed
Item SKU Industrial 473,2,2,1064.98,1064.98,2025-06-05,2025-06-05,completed
Item SKU Industrial 159,36,36,2229.84,2229.84,2024-10-17,2024-10-17,completed
Item SKU Industrial 455,12,12,690.6,794.19,2025-02-03,2025-02-03,completed
Item SKU Industrial 396,31,31,526.07,526.07,2025-03-13,2025-03-13,completed
Item SKU Industrial 48,26,26,346.32,346.32,2025-01-30,2025-02-07,completed_late
Item SKU Industrial 173,29,29,2439.19,2439.19,2025-08-18,2025-08-18,completed
Item SKU Industrial 36,50,50,2167.5,2167.5,2024-11-07,2024-11-07,completed
Item SKU Industrial 53,7,7,1292.2,1292.2,2025-06-11,2025-06-11,completed
Item SKU Industrial 429,6,6,462.12,462.12,2025-04-19,2025-04-19,completed
Item SKU Industrial 109,36,36,3145.68,3145.68,2024-04-14,2024-04-14,completed
Item SKU Industrial 255,14,14,348.6,348.6,2025-07-18,2025-07-18,completed
Item SKU Industrial 273,8,8,887.52,887.52,2024-04-07,2024-04-09,completed_late
Item SKU Industrial 10,26,26,3484.52,3484.52,2026-02-07,2026-02-07,completed
Item SKU Industrial 339,5,5,237.55,273.18,2025-09-04,2025-09-04,completed
Item SKU Industrial 238,8,8,810.8,810.8,2025-08-08,2025-08-08,completed
Item SKU Industrial 334,12,12,409.56,409.56,2026-02-15,2026-02-15,completed
Item SKU Industrial 85,16,16,276.8,276.8,2026-04-28,2026-04-28,completed
Item SKU Industrial 204,50,50,2867.0,2867.0,2026-01-16,2026-01-16,completed
Item SKU Industrial 494,34,34,4829.36,4829.36,2024-08-19,2024-08-21,completed_late
Item SKU Industrial 354,28,28,564.48,564.48,2026-04-20,2026-04-20,completed
Item SKU Industrial 223,7,7,154.7,154.7,2024-07-22,2024-07-22,completed
Item SKU Industrial 20,40,40,1506.0,1506.0,2024-07-15,2024-07-15,completed
Item SKU Industrial 117,26,26,2350.4,2350.4,2025-10-13,2025-10-13,completed
Item SKU Industrial 34,13,13,2166.58,2166.58,2025-08-15,2025-08-15,completed
Item SKU Industrial 277,35,35,2679.95,3081.94,2025-10-27,2025-10-27,completed
Item SKU Industrial 86,13,13,225.55,225.55,2024-12-30,2025-01-01,completed_late
Item SKU Industrial 172,14,14,218.82,218.82,2024-06-23,2024-06-23,completed
Item SKU Industrial 306,41,41,6550.16,6550.16,2025-01-05,2025-01-05,completed
Item SKU Industrial 128,33,33,1075.14,1075.14,2025-08-15,2025-08-15,completed
Item SKU Industrial 164,41,41,2403.01,2403.01,2025-07-17,2025-07-17,completed
Item SKU Industrial 8,1,1,92.27,92.27,2024-06-26,2024-06-26,completed
Item SKU Industrial 222,9,9,813.06,813.06,2026-01-19,2026-01-19,completed
Item SKU Industrial 492,16,16,325.28,325.28,2025-08-28,2025-08-30,completed_late
Item SKU Industrial 264,34,34,1075.76,1075.76,2026-03-04,2026-03-12,completed_late
Item SKU Industrial 118,44,44,1212.2,1212.2,2025-03-27,2025-03-27,completed
Item SKU Industrial 124,25,25,7943.75,9135.31,2025-06-15,2025-06-15,completed
Item SKU Industrial 376,52,52,676.52,676.52,2026-03-29,2026-03-29,completed
Item SKU Industrial 32,38,38,1877.96,1877.96,2025-11-15,2025-11-15,completed
Item SKU Industrial 438,22,22,399.08,399.08,2026-02-21,2026-02-21,completed
Item SKU Industrial 173,42,42,3532.62,3532.62,2024-10-22,2024-10-24,completed_late
Item SKU Industrial 220,7,7,1250.27,1250.27,2025-06-20,2025-06-20,completed
Item SKU Industrial 235,18,18,2013.66,2013.66,2025-03-31,2025-03-31,completed
Item SKU Industrial 353,12,12,1452.0,1452.0,2026-04-24,2026-04-24,completed
Item SKU Industrial 264,14,14,442.96,442.96,2025-10-24,2025-10-24,completed
Item SKU Industrial 163,30,30,861.9,861.9,2025-04-23,2025-04-23,completed
Item SKU Industrial 143,25,25,3612.25,3612.25,2024-03-06,2024-03-06,completed
Item SKU Industrial 70,8,8,1214.0,1396.1,2024-11-22,2024-11-24,completed_late
Item SKU Industrial 72,14,14,5084.8,5084.8,2024-01-25,2024-01-25,completed
Item SKU Industrial 229,29,29,388.02,388.02,2025-01-12,2025-01-12,completed
Item SKU Industrial 245,29,29,3140.12,3140.12,2025-04-19,2025-04-19,completed
Item SKU Industrial 25,24,24,3318.24,3318.24,2026-04-18,2026-04-18,completed
Item SKU Industrial 354,44,44,887.04,887.04,2026-04-10,2026-04-10,completed
Item SKU Industrial 121,42,42,1677.48,1677.48,2025-10-08,2025-10-08,completed
Item SKU Industrial 60,8,8,101.2,101.2,2025-03-21,2025-03-23,completed_late
Item SKU Industrial 196,49,49,3303.09,3303.09,2025-03-28,2025-03-28,completed
Item SKU Industrial 420,8,8,57.52,57.52,2026-03-20,2026-03-20,completed
Item SKU Industrial 219,42,42,1623.72,1623.72,2025-04-25,2025-04-25,completed
Item SKU Industrial 437,47,47,6217.16,7149.73,2025-01-20,2025-01-20,completed
Item SKU Industrial 252,2,2,126.74,126.74,2025-07-02,2025-07-02,completed
Item SKU Industrial 319,34,34,880.26,880.26,2025-06-02,2025-06-02,completed
Item SKU Industrial 184,13,13,1439.88,1439.88,2025-01-11,2025-01-13,completed_late
Item SKU Industrial 98,30,30,252.6,252.6,2026-01-02,2026-01-02,completed
Item SKU Industrial 186,41,41,5100.4,5100.4,2025-11-21,2025-11-29,completed_late
Item SKU Industrial 199,45,45,4094.55,4094.55,2025-09-12,2025-09-12,completed
Item SKU Industrial 222,7,7,632.38,632.38,2026-01-10,2026-01-10,completed
Item SKU Industrial 455,40,40,2302.0,2302.0,2024-08-09,2024-08-09,completed
Item SKU Industrial 202,35,35,571.2,571.2,2026-01-11,2026-01-11,completed
Item SKU Industrial 298,12,12,163.44,163.44,2026-02-09,2026-02-11,completed_late
Item SKU Industrial 372,16,16,720.64,828.74,2024-01-18,2024-01-18,completed
Item SKU Industrial 124,18,18,5719.5,5719.5,2024-11-18,2024-11-18,completed
Item SKU Industrial 75,23,23,281.75,281.75,2024-09-22,2024-09-22,completed
Item SKU Industrial 263,52,52,1540.24,1540.24,2025-11-29,2025-11-29,completed
Item SKU Industrial 92,12,12,383.88,383.88,2024-04-03,2024-04-03,completed
Item SKU Industrial 112,31,31,283.03,283.03,2026-01-19,2026-01-19,completed
Item SKU Industrial 390,2,2,14.98,14.98,2025-07-11,2025-07-13,completed_late
Item SKU Industrial 459,50,50,909.0,909.0,2024-12-05,2024-12-05,completed
Item SKU Industrial 184,8,8,886.08,886.08,2026-04-02,2026-04-02,completed
Item SKU Industrial 50,36,36,381.24,381.24,2025-12-18,2025-12-18,completed
Item SKU Industrial 416,15,15,238.5,238.5,2025-10-22,2025-10-22,completed
Item SKU Industrial 288,23,23,1625.87,1869.75,2024-03-07,2024-03-07,completed
Item SKU Industrial 29,41,41,5751.48,5751.48,2024-03-25,2024-03-25,completed
Item SKU Industrial 218,7,7,175.14,175.14,2026-04-02,2026-04-04,completed_late
Item SKU Industrial 390,3,3,22.47,22.47,2026-03-23,2026-03-23,completed
Item SKU Industrial 93,7,7,1257.27,1257.27,2025-05-10,2025-05-10,completed
Item SKU Industrial 122,18,18,1582.56,1582.56,2026-01-03,2026-01-03,completed
Item SKU Industrial 261,16,16,774.24,774.24,2025-01-05,2025-01-05,completed
Item SKU Industrial 209,46,46,1629.78,1629.78,2024-09-08,2024-09-08,completed
Item SKU Industrial 119,30,30,718.5,718.5,2024-10-04,2024-10-04,completed
Item SKU Industrial 281,11,11,163.24,163.24,2025-01-04,2025-01-06,completed_late
Item SKU Industrial 239,8,8,112.96,112.96,2025-03-15,2025-03-15,completed
Item SKU Industrial 330,42,42,431.34,496.04,2025-03-07,2025-03-07,completed
Item SKU Industrial 20,35,35,1317.75,1317.75,2024-09-05,2024-09-13,completed_late
Item SKU Industrial 219,12,12,463.92,463.92,2024-07-08,2024-07-08,completed
Item SKU Industrial 360,13,13,564.2,564.2,2025-03-13,2025-03-13,completed
Item SKU Industrial 305,44,44,8371.88,8371.88,2024-02-17,2024-02-17,completed
Item SKU Industrial 119,1,1,23.95,23.95,2026-02-27,2026-03-01,completed_late
Item SKU Industrial 98,39,39,328.38,328.38,2025-02-22,2025-02-22,completed
Item SKU Industrial 7,24,24,2695.68,2695.68,2024-11-07,2024-11-07,completed
Item SKU Industrial 61,15,15,1642.8,1642.8,2025-06-05,2025-06-05,completed
Item SKU Industrial 122,6,6,527.52,527.52,2024-06-16,2024-06-16,completed
Item SKU Industrial 284,26,26,2013.96,2013.96,2024-03-31,2024-03-31,completed
Item SKU Industrial 136,18,18,1558.62,1792.41,2025-07-26,2025-07-26,completed
Item SKU Industrial 163,22,22,632.06,632.06,2025-12-29,2025-12-31,completed_late
Item SKU Industrial 432,15,15,3661.8,3661.8,2024-11-22,2024-11-22,completed
Item SKU Industrial 26,14,14,171.92,171.92,2026-03-14,2026-03-14,completed
Item SKU Industrial 171,38,38,1507.46,1507.46,2024-07-29,2024-07-29,completed
Item SKU Industrial 355,50,50,967.5,967.5,2024-09-12,2024-09-12,completed
Item SKU Industrial 493,8,8,157.2,157.2,2026-02-12,2026-02-12,completed
Item SKU Industrial 237,11,11,1541.76,1541.76,2026-02-07,2026-02-07,completed
Item SKU Industrial 357,19,19,3240.64,3240.64,2025-03-09,2025-03-11,completed_late
Item SKU Industrial 474,46,46,2799.56,2799.56,2025-04-20,2025-04-20,completed
Item SKU Industrial 35,36,36,512.28,512.28,2024-09-26,2024-09-26,completed
Item SKU Industrial 112,13,13,118.69,136.49,2025-10-25,2025-10-25,completed
Item SKU Industrial 340,3,3,116.76,116.76,2025-02-21,2025-02-21,completed
Item SKU Industrial 72,44,44,15980.8,15980.8,2026-05-10,2026-05-10,completed
Item SKU Industrial 423,24,24,1767.36,1767.36,2025-01-11,2025-01-11,completed
Item SKU Industrial 221,38,38,2343.46,2343.46,2024-11-02,2024-11-04,completed_late
Item SKU Industrial 221,14,14,863.38,863.38,2025-08-15,2025-08-15,completed
Item SKU Industrial 41,39,39,2216.37,2216.37,2025-12-18,2025-12-18,completed
Item SKU Industrial 292,7,7,208.39,208.39,2025-04-06,2025-04-06,completed
Item SKU Industrial 1,38,38,1662.12,1662.12,2026-05-08,2026-05-16,completed_late
Item SKU Industrial 272,15,15,1404.15,1404.15,2025-02-09,2025-02-09,completed
Item SKU Industrial 329,38,38,544.92,544.92,2025-12-24,2025-12-24,completed
Item SKU Industrial 399,31,31,1664.39,1914.05,2024-06-29,2024-07-01,completed_late
Item SKU Industrial 256,31,31,3922.43,3922.43,2024-10-08,2024-10-08,completed
Item SKU Industrial 381,25,25,2893.5,2893.5,2025-01-04,2025-01-04,completed
Item SKU Industrial 399,19,19,1020.11,1020.11,2025-11-07,2025-11-07,completed
Item SKU Industrial 488,51,51,3022.77,3022.77,2025-08-23,2025-08-23,completed
Item SKU Industrial 113,34,34,949.28,949.28,2025-10-06,2025-10-06,completed
Item SKU Industrial 12,14,14,497.14,497.14,2024-12-23,2024-12-23,completed
Item SKU Industrial 478,36,36,891.72,891.72,2025-07-18,2025-07-20,completed_late
Item SKU Industrial 385,6,6,833.88,833.88,2026-02-21,2026-02-21,completed
Item SKU Industrial 413,13,13,555.88,555.88,2024-09-14,2024-09-14,completed
Item SKU Industrial 121,8,8,319.52,319.52,2026-02-09,2026-02-09,completed
Item SKU Industrial 278,46,46,3193.78,3672.85,2024-05-19,2024-05-19,completed
Item SKU Industrial 109,2,2,174.76,174.76,2024-06-20,2024-06-20,completed
Item SKU Industrial 65,22,22,312.18,312.18,2024-06-19,2024-06-19,completed
Item SKU Industrial 326,11,11,735.02,735.02,2025-03-03,2025-03-05,completed_late
Item SKU Industrial 170,52,52,4450.68,4450.68,2024-05-09,2024-05-09,completed
Item SKU Industrial 209,8,8,283.44,283.44,2024-04-06,2024-04-06,completed
Item SKU Industrial 329,44,44,630.96,630.96,2025-04-27,2025-04-27,completed
Item SKU Industrial 173,22,22,1850.42,1850.42,2025-07-11,2025-07-11,completed
Item SKU Industrial 252,27,27,1710.99,1710.99,2024-10-11,2024-10-11,completed
Item SKU Industrial 488,42,42,2489.34,2489.34,2025-02-17,2025-02-17,completed
Item SKU Industrial 153,27,27,775.98,775.98,2024-05-26,2024-05-28,completed_late
Item SKU Industrial 440,41,41,7368.11,8473.33,2025-07-31,2025-07-31,completed
Item SKU Industrial 279,50,50,5478.0,5478.0,2025-11-16,2025-11-16,completed
Item SKU Industrial 48,33,33,439.56,439.56,2026-03-20,2026-03-20,completed
Item SKU Industrial 198,1,1,52.77,52.77,2025-04-11,2025-04-11,completed
Item SKU Industrial 6,49,49,911.89,911.89,2024-11-11,2024-11-19,completed_late
Item SKU Industrial 361,53,53,8046.46,8046.46,2024-01-22,2024-01-22,completed
Item SKU Industrial 114,26,26,6359.08,6359.08,2026-04-13,2026-04-15,completed_late
Item SKU Industrial 16,51,51,20387.25,20387.25,2024-02-12,2024-02-12,completed
Item SKU Industrial 182,8,8,125.52,125.52,2025-04-04,2025-04-04,completed
Item SKU Industrial 83,11,11,714.23,714.23,2025-12-07,2025-12-07,completed
Item SKU Industrial 428,44,44,3761.56,3761.56,2024-06-21,2024-06-21,completed
Item SKU Industrial 304,50,50,15581.5,17918.72,2024-03-16,2024-03-16,completed
Item SKU Industrial 290,46,46,693.68,693.68,2024-09-22,2024-09-22,completed
Item SKU Industrial 403,5,5,569.4,569.4,2025-12-04,2025-12-06,completed_late
Item SKU Industrial 200,41,41,7127.85,7127.85,2026-01-22,2026-01-22,completed
Item SKU Industrial 106,40,40,3625.2,3625.2,2024-03-03,2024-03-03,completed
Item SKU Industrial 288,22,22,1555.18,1555.18,2025-02-07,2025-02-07,completed
Item SKU Industrial 357,5,5,852.8,852.8,2024-09-22,2024-09-22,completed
Item SKU Industrial 12,11,11,390.61,390.61,2025-10-05,2025-10-05,completed
Item SKU Industrial 28,33,33,1988.91,1988.91,2025-06-11,2025-06-11,completed
Item SKU Industrial 328,34,34,1447.38,1447.38,2025-06-26,2025-06-28,completed_late
Item SKU Industrial 88,42,42,5058.48,5058.48,2025-09-05,2025-09-05,completed
Item SKU Industrial 499,34,34,1660.56,1909.64,2026-01-26,2026-01-26,completed
Item SKU Industrial 116,38,38,2176.64,2176.64,2026-04-03,2026-04-03,completed
Item SKU Industrial 299,40,40,2728.4,2728.4,2025-06-08,2025-06-08,completed
Item SKU Industrial 253,23,23,2668.92,2668.92,2025-12-15,2025-12-15,completed
Item SKU Industrial 213,34,34,663.0,663.0,2025-01-20,2025-01-20,completed
Item SKU Industrial 399,3,3,161.07,161.07,2025-07-28,2025-07-30,completed_late
Item SKU Industrial 394,31,31,1123.44,1123.44,2025-06-27,2025-06-27,completed
Item SKU Industrial 187,51,51,1229.1,1229.1,2025-12-18,2025-12-18,completed
Item SKU Industrial 57,4,4,535.48,535.48,2026-02-01,2026-02-01,completed
Item SKU Industrial 414,27,27,1706.67,1706.67,2024-08-03,2024-08-03,completed
Item SKU Industrial 110,4,4,301.8,301.8,2025-07-05,2025-07-05,completed
Item SKU Industrial 41,14,14,795.62,914.96,2025-07-19,2025-07-27,completed_late
Item SKU Industrial 477,17,17,2056.49,2056.49,2025-12-22,2025-12-24,completed_late
Item SKU Industrial 26,13,13,159.64,159.64,2025-11-08,2025-11-08,completed
Item SKU Industrial 28,17,17,1024.59,1024.59,2026-02-22,2026-02-22,completed
Item SKU Industrial 341,23,23,4866.11,4866.11,2024-04-22,2024-04-22,completed
Item SKU Industrial 253,22,22,2552.88,2552.88,2025-04-06,2025-04-06,completed
Item SKU Industrial 20,50,50,1882.5,1882.5,2024-03-24,2024-03-24,completed
Item SKU Industrial 1,34,34,1487.16,1487.16,2025-05-01,2025-05-01,completed
Item SKU Industrial 17,20,20,814.8,814.8,2024-05-05,2024-05-07,completed_late
Item SKU Industrial 400,15,15,1804.5,1804.5,2024-02-27,2024-02-27,completed
Item SKU Industrial 181,41,41,1726.51,1726.51,2024-02-07,2024-02-07,completed
Item SKU Industrial 250,33,33,3022.8,3476.22,2024-11-23,2024-11-23,completed
Item SKU Industrial 262,52,52,3118.44,3118.44,2026-01-12,2026-01-12,completed
Item SKU Industrial 463,31,31,1413.6,1413.6,2025-06-27,2025-06-27,completed
Item SKU Industrial 72,27,27,9806.4,9806.4,2026-03-08,2026-03-08,completed
Item SKU Industrial 111,19,19,3147.35,3147.35,2024-03-31,2024-04-02,completed_late
Item SKU Industrial 13,41,41,966.37,966.37,2025-03-15,2025-03-15,completed
Item SKU Industrial 347,5,5,115.6,115.6,2025-08-14,2025-08-14,completed
Item SKU Industrial 91,20,20,733.6,733.6,2026-01-08,2026-01-08,completed
Item SKU Industrial 426,3,3,278.49,278.49,2024-03-29,2024-03-29,completed
Item SKU Industrial 47,16,16,2233.28,2233.28,2024-10-28,2024-10-28,completed
Item SKU Industrial 438,38,38,689.32,689.32,2024-09-12,2024-09-12,completed
Item SKU Industrial 461,28,28,1288.0,1481.2,2024-06-17,2024-06-19,completed_late
Item SKU Industrial 405,7,7,630.63,630.63,2025-12-13,2025-12-13,completed
Item SKU Industrial 290,2,2,30.16,30.16,2025-11-24,2025-11-24,completed
Item SKU Industrial 485,45,45,552.6,552.6,2025-01-12,2025-01-12,completed
Item SKU Industrial 10,31,31,4154.62,4154.62,2025-05-19,2025-05-19,completed
Item SKU Industrial 148,9,9,2707.11,2707.11,2024-01-19,2024-01-19,completed
Item SKU Industrial 28,23,23,1386.21,1386.21,2024-10-13,2024-10-13,completed
Item SKU Industrial 18,4,4,174.4,174.4,2024-09-29,2024-10-07,completed_late
Item SKU Industrial 304,47,47,14646.61,14646.61,2024-02-18,2024-02-18,completed
Item SKU Industrial 157,40,40,24025.6,24025.6,2026-05-02,2026-05-02,completed
Item SKU Industrial 5,1,1,31.57,31.57,2025-03-02,2025-03-02,completed
Item SKU Industrial 490,48,48,2144.64,2466.34,2025-06-01,2025-06-01,completed
Item SKU Industrial 6,26,26,483.86,483.86,2025-05-26,2025-05-26,completed
Item SKU Industrial 167,1,1,96.55,96.55,2024-05-04,2024-05-04,completed
Item SKU Industrial 84,22,22,236.72,236.72,2025-07-28,2025-07-30,completed_late
Item SKU Industrial 420,12,12,86.28,86.28,2025-01-18,2025-01-18,completed
Item SKU Industrial 493,35,35,687.75,687.75,2026-05-10,2026-05-10,completed
Item SKU Industrial 151,52,52,3529.76,3529.76,2024-04-26,2024-04-26,completed
Item SKU Industrial 85,48,48,830.4,830.4,2026-01-30,2026-01-30,completed
Item SKU Industrial 150,14,14,1812.16,1812.16,2025-03-16,2025-03-16,completed
Item SKU Industrial 329,48,48,688.32,688.32,2026-02-20,2026-02-20,completed
Item SKU Industrial 271,37,37,6702.55,6702.55,2024-06-20,2024-06-22,completed_late
Item SKU Industrial 465,23,23,2122.9,2441.34,2024-05-31,2024-05-31,completed
Item SKU Industrial 306,20,20,3195.2,3195.2,2025-05-25,2025-05-25,completed
Item SKU Industrial 14,40,40,4184.4,4184.4,2024-11-23,2024-11-23,completed
Item SKU Industrial 316,17,17,579.02,579.02,2025-03-13,2025-03-13,completed
Item SKU Industrial 334,4,4,136.52,136.52,2025-03-07,2025-03-07,completed
Item SKU Industrial 253,53,53,6150.12,6150.12,2025-07-03,2025-07-03,completed
Item SKU Industrial 312,51,51,3809.19,3809.19,2026-04-12,2026-04-14,completed_late
Item SKU Industrial 104,6,6,1933.74,1933.74,2026-05-15,2026-05-15,completed
Item SKU Industrial 98,40,40,336.8,336.8,2026-05-03,2026-05-03,completed
Item SKU Industrial 453,22,22,889.46,889.46,2026-05-11,2026-05-11,completed
Item SKU Industrial 462,35,35,6449.1,6449.1,2025-11-05,2025-11-05,completed
Item SKU Industrial 164,26,26,1523.86,1752.44,2024-06-13,2024-06-13,completed
Item SKU Industrial 10,52,52,6969.04,6969.04,2025-06-07,2025-06-07,completed
Item SKU Industrial 100,24,24,1548.96,1548.96,2025-07-03,2025-07-05,completed_late
Item SKU Industrial 196,45,45,3033.45,3033.45,2025-11-11,2025-11-19,completed_late
Item SKU Industrial 307,46,46,1208.42,1208.42,2026-03-30,2026-03-30,completed
Item SKU Industrial 20,42,42,1581.3,1581.3,2026-01-04,2026-01-04,completed
Item SKU Industrial 390,18,18,134.82,134.82,2024-11-07,2024-11-07,completed
Item SKU Industrial 280,34,34,1961.12,1961.12,2025-04-06,2025-04-06,completed
Item SKU Industrial 242,44,44,403.92,403.92,2024-05-20,2024-05-20,completed
Item SKU Industrial 392,41,41,4867.11,4867.11,2024-04-21,2024-04-23,completed_late
Item SKU Industrial 444,20,20,228.8,228.8,2024-12-07,2024-12-07,completed
Item SKU Industrial 122,40,40,3516.8,4044.32,2025-11-14,2025-11-14,completed
Item SKU Industrial 350,6,6,485.82,485.82,2026-03-21,2026-03-21,completed
Item SKU Industrial 169,18,18,1596.24,1596.24,2025-11-16,2025-11-16,completed
Item SKU Industrial 39,47,47,3684.8,3684.8,2025-10-31,2025-10-31,completed
Item SKU Industrial 408,31,31,954.8,954.8,2024-06-17,2024-06-17,completed
Item SKU Industrial 461,30,30,1380.0,1380.0,2024-10-05,2024-10-07,completed_late
Item SKU Industrial 269,29,29,943.37,943.37,2025-11-02,2025-11-02,completed
Item SKU Industrial 202,25,25,408.0,408.0,2024-12-12,2024-12-12,completed
Item SKU Industrial 261,5,5,241.95,241.95,2026-01-31,2026-01-31,completed
Item SKU Industrial 366,23,23,1262.24,1262.24,2025-09-08,2025-09-08,completed
Item SKU Industrial 186,14,14,1741.6,1741.6,2026-03-16,2026-03-16,completed
Item SKU Industrial 279,48,48,5258.88,6047.71,2025-09-25,2025-09-25,completed
Item SKU Industrial 419,20,20,1947.4,1947.4,2024-12-06,2024-12-08,completed_late
Item SKU Industrial 487,23,23,1356.08,1356.08,2024-05-05,2024-05-05,completed
Item SKU Industrial 405,39,39,3513.51,3513.51,2025-06-14,2025-06-14,completed
Item SKU Industrial 431,5,5,645.85,645.85,2024-11-01,2024-11-01,completed
Item SKU Industrial 436,30,30,9508.8,9508.8,2026-05-01,2026-05-01,completed
Item SKU Industrial 125,49,49,18218.2,18218.2,2024-09-02,2024-09-02,completed
Item SKU Industrial 225,31,31,283.65,283.65,2025-12-13,2025-12-13,completed
Item SKU Industrial 274,38,38,5131.14,5131.14,2025-04-28,2025-04-30,completed_late
Item SKU Industrial 494,4,4,568.16,568.16,2024-08-01,2024-08-01,completed
Item SKU Industrial 53,46,46,8491.6,8491.6,2025-12-08,2025-12-16,completed_late
Item SKU Industrial 271,35,35,6340.25,7291.29,2025-10-18,2025-10-18,completed
Item SKU Industrial 470,13,13,257.92,257.92,2024-08-02,2024-08-02,completed
Item SKU Industrial 92,12,12,383.88,383.88,2024-07-27,2024-07-27,completed
Item SKU Industrial 198,35,35,1846.95,1846.95,2025-03-24,2025-03-24,completed
Item SKU Industrial 465,51,51,4707.3,4707.3,2024-09-09,2024-09-11,completed_late
Item SKU Industrial 242,6,6,55.08,55.08,2026-01-15,2026-01-15,completed
Item SKU Industrial 39,2,2,156.8,156.8,2024-11-15,2024-11-15,completed
Item SKU Industrial 155,19,19,3404.99,3404.99,2024-03-31,2024-03-31,completed
Item SKU Industrial 81,25,25,1794.5,1794.5,2024-12-27,2024-12-27,completed
Item SKU Industrial 378,5,5,477.55,477.55,2026-03-09,2026-03-09,completed
Item SKU Industrial 336,19,19,2142.63,2142.63,2024-08-29,2024-08-29,completed
Item SKU Industrial 111,37,37,6129.05,7048.41,2026-02-17,2026-02-19,completed_late
Item SKU Industrial 32,29,29,1433.18,1433.18,2025-06-20,2025-06-20,completed
Item SKU Industrial 20,53,53,1995.45,1995.45,2024-11-04,2024-11-04,completed
Item SKU Industrial 227,39,39,1287.39,1287.39,2025-05-26,2025-05-26,completed
Item SKU Industrial 291,39,39,752.31,752.31,2024-02-16,2024-02-16,completed
Item SKU Industrial 8,3,3,276.81,276.81,2026-04-18,2026-04-18,completed
Item SKU Industrial 487,41,41,2417.36,2417.36,2025-08-01,2025-08-01,completed
Item SKU Industrial 143,45,45,6502.05,6502.05,2026-01-23,2026-01-25,completed_late
Item SKU Industrial 173,19,19,1598.09,1598.09,2025-08-25,2025-08-25,completed
Item SKU Industrial 9,37,37,7229.8,7229.8,2025-02-21,2025-02-21,completed
Item SKU Industrial 34,5,5,833.3,833.3,2025-11-27,2025-11-27,completed
Item SKU Industrial 41,23,23,1307.09,1503.15,2025-03-30,2025-03-30,completed
Item SKU Industrial 101,25,25,10232.0,10232.0,2024-06-30,2024-06-30,completed
Item SKU Industrial 126,4,4,401.6,401.6,2024-12-02,2024-12-02,completed
Item SKU Industrial 72,12,12,4358.4,4358.4,2026-02-14,2026-02-16,completed_late
Item SKU Industrial 203,29,29,6652.6,6652.6,2025-12-14,2025-12-14,completed
Item SKU Industrial 399,30,30,1610.7,1610.7,2025-04-07,2025-04-07,completed
Item SKU Industrial 172,33,33,515.79,515.79,2026-02-28,2026-03-08,completed_late
Item SKU Industrial 52,16,16,945.44,945.44,2024-04-12,2024-04-12,completed
Item SKU Industrial 49,37,37,2419.06,2419.06,2026-03-15,2026-03-15,completed
Item SKU Industrial 376,36,36,468.36,468.36,2025-09-02,2025-09-02,completed
Item SKU Industrial 473,46,46,24494.54,24494.54,2025-03-05,2025-03-07,completed_late
Item SKU Industrial 73,31,31,3741.39,4302.6,2025-09-07,2025-09-07,completed
Item SKU Industrial 357,14,14,2387.84,2387.84,2025-10-19,2025-10-19,completed
Item SKU Industrial 327,27,27,261.63,261.63,2026-05-03,2026-05-03,completed
Item SKU Industrial 385,35,35,4864.3,4864.3,2024-02-19,2024-02-19,completed
Item SKU Industrial 368,26,26,3458.52,3458.52,2026-04-03,2026-04-03,completed
Item SKU Industrial 326,33,33,2205.06,2205.06,2024-06-11,2024-06-11,completed
Item SKU Industrial 278,50,50,3471.5,3471.5,2024-02-10,2024-02-12,completed_late
Item SKU Industrial 315,50,50,1052.0,1052.0,2026-04-23,2026-04-23,completed
Item SKU Industrial 114,28,28,6848.24,6848.24,2025-09-19,2025-09-19,completed
Item SKU Industrial 128,31,31,1009.98,1009.98,2025-01-19,2025-01-19,completed
Item SKU Industrial 400,16,16,1924.8,1924.8,2025-01-18,2025-01-18,completed
Item SKU Industrial 123,27,27,270.0,310.5,2024-12-27,2024-12-27,completed
Item SKU Industrial 262,4,4,239.88,239.88,2025-01-27,2025-01-27,completed
Item SKU Industrial 191,53,53,4744.56,4744.56,2024-11-11,2024-11-13,completed_late
Item SKU Industrial 170,46,46,3937.14,3937.14,2024-05-17,2024-05-17,completed
Item SKU Industrial 108,41,41,2170.54,2170.54,2026-03-07,2026-03-07,completed
Item SKU Industrial 236,24,24,211.44,211.44,2024-02-04,2024-02-04,completed
Item SKU Industrial 431,16,16,2066.72,2066.72,2026-04-17,2026-04-17,completed
Item SKU Industrial 336,39,39,4398.03,4398.03,2025-12-19,2025-12-19,completed
Item SKU Industrial 220,28,28,5001.08,5001.08,2024-12-13,2024-12-13,completed
Item SKU Industrial 414,14,14,884.94,884.94,2026-04-28,2026-04-30,completed_late
Item SKU Industrial 230,53,53,836.34,836.34,2024-09-18,2024-09-18,completed
Item SKU Industrial 422,37,37,8644.68,9941.38,2024-05-20,2024-05-20,completed
Item SKU Industrial 221,11,11,678.37,678.37,2026-04-05,2026-04-05,completed
Item SKU Industrial 448,14,14,518.84,518.84,2025-12-20,2025-12-28,completed_late
Item SKU Industrial 461,38,38,1748.0,1748.0,2025-12-18,2025-12-18,completed
Item SKU Industrial 319,45,45,1165.05,1165.05,2025-04-28,2025-04-28,completed
Item SKU Industrial 58,7,7,614.74,614.74,2026-03-29,2026-03-31,completed_late
Item SKU Industrial 85,13,13,224.9,224.9,2024-10-17,2024-10-17,completed
Item SKU Industrial 369,40,40,2067.2,2067.2,2024-01-27,2024-01-27,completed
Item SKU Industrial 429,3,3,231.06,231.06,2024-02-24,2024-02-24,completed
Item SKU Industrial 254,28,28,274.96,274.96,2025-12-13,2025-12-13,completed
Item SKU Industrial 186,6,6,746.4,746.4,2024-11-08,2024-11-08,completed
Item SKU Industrial 478,31,31,767.87,883.05,2024-02-26,2024-02-26,completed
Item SKU Industrial 339,19,19,902.69,902.69,2024-06-29,2024-07-01,completed_late
Item SKU Industrial 422,7,7,1635.48,1635.48,2025-02-06,2025-02-06,completed
Item SKU Industrial 227,23,23,759.23,759.23,2025-12-14,2025-12-14,completed
Item SKU Industrial 92,22,22,703.78,703.78,2024-06-12,2024-06-12,completed
Item SKU Industrial 36,4,4,173.4,173.4,2026-03-02,2026-03-02,completed
Item SKU Industrial 271,19,19,3441.85,3441.85,2024-03-09,2024-03-09,completed
Item SKU Industrial 296,48,48,966.24,966.24,2025-12-20,2025-12-20,completed
Item SKU Industrial 420,6,6,43.14,43.14,2026-03-07,2026-03-09,completed_late
Item SKU Industrial 488,19,19,1126.13,1126.13,2025-01-07,2025-01-07,completed
Item SKU Industrial 19,16,16,1847.68,1847.68,2024-09-05,2024-09-05,completed
Item SKU Industrial 222,16,16,1445.44,1662.26,2024-10-03,2024-10-03,completed
Item SKU Industrial 55,7,7,96.95,96.95,2025-02-28,2025-02-28,completed
Item SKU Industrial 175,8,8,888.4,888.4,2025-09-13,2025-09-13,completed
Item SKU Industrial 104,40,40,12891.6,12891.6,2025-05-11,2025-05-11,completed
Item SKU Industrial 251,42,42,1840.02,1840.02,2026-01-03,2026-01-05,completed_late
Item SKU Industrial 280,15,15,865.2,865.2,2025-10-13,2025-10-13,completed
Item SKU Industrial 29,3,3,420.84,420.84,2025-03-09,2025-03-09,completed
Item SKU Industrial 153,26,26,747.24,747.24,2026-01-05,2026-01-05,completed
Item SKU Industrial 496,28,28,1175.72,1175.72,2025-06-13,2025-06-13,completed
Item SKU Industrial 301,9,9,2828.79,2828.79,2026-03-08,2026-03-16,completed_late
Item SKU Industrial 442,51,51,4598.16,4598.16,2026-03-12,2026-03-12,completed
Item SKU Industrial 20,53,53,1995.45,2294.77,2025-05-19,2025-05-21,completed_late
Item SKU Industrial 430,35,35,2080.05,2080.05,2025-09-21,2025-09-21,completed
Item SKU Industrial 179,28,28,1822.52,1822.52,2024-08-04,2024-08-04,completed
Item SKU Industrial 420,24,24,172.56,172.56,2024-06-13,2024-06-13,completed
Item SKU Industrial 188,30,30,435.3,435.3,2026-04-17,2026-04-17,completed
Item SKU Industrial 410,36,36,802.44,802.44,2026-01-05,2026-01-05,completed
Item SKU Industrial 429,1,1,77.02,77.02,2025-11-15,2025-11-15,completed
Item SKU Industrial 386,6,6,114.72,114.72,2025-06-23,2025-06-25,completed_late
Item SKU Industrial 320,42,42,685.02,685.02,2024-02-15,2024-02-15,completed
Item SKU Industrial 173,29,29,2439.19,2439.19,2026-01-25,2026-01-25,completed
Item SKU Industrial 152,8,8,343.12,343.12,2025-03-03,2025-03-03,completed
Item SKU Industrial 241,33,33,7896.24,9080.68,2024-03-16,2024-03-16,completed
Item SKU Industrial 130,3,3,295.83,295.83,2025-01-30,2025-01-30,completed
Item SKU Industrial 291,53,53,1022.37,1022.37,2025-06-18,2025-06-18,completed
Item SKU Industrial 378,33,33,3151.83,3151.83,2024-11-14,2024-11-16,completed_late
Item SKU Industrial 22,28,28,5419.12,5419.12,2025-02-13,2025-02-13,completed
Item SKU Industrial 48,29,29,386.28,386.28,2025-07-05,2025-07-05,completed
Item SKU Industrial 205,50,50,1708.0,1708.0,2024-09-12,2024-09-12,completed
Item SKU Industrial 123,51,51,510.0,510.0,2025-11-27,2025-11-27,completed
Item SKU Industrial 408,26,26,800.8,800.8,2025-10-27,2025-10-27,completed
Item SKU Industrial 300,44,44,1968.12,1968.12,2024-04-29,2024-04-29,completed
Item SKU Industrial 245,19,19,2057.32,2057.32,2024-11-13,2024-11-15,completed_late
Item SKU Industrial 238,30,30,3040.5,3496.58,2025-06-25,2025-06-25,completed
Item SKU Industrial 471,33,33,1847.01,1847.01,2025-10-05,2025-10-05,completed
Item SKU Industrial 24,22,22,2676.3,2676.3,2024-07-25,2024-07-25,completed
Item SKU Industrial 309,30,30,2532.9,2532.9,2025-01-09,2025-01-09,completed
Item SKU Industrial 448,51,51,1890.06,1890.06,2025-09-20,2025-09-20,completed
Item SKU Industrial 270,35,35,605.15,605.15,2025-08-01,2025-08-09,completed_late
Item SKU Industrial 441,11,11,839.3,839.3,2024-08-22,2024-08-24,completed_late
Item SKU Industrial 319,13,13,336.57,336.57,2026-02-01,2026-02-01,completed
Item SKU Industrial 456,20,20,490.8,490.8,2026-01-31,2026-01-31,completed
Item SKU Industrial 264,23,23,727.72,727.72,2025-11-30,2025-11-30,completed
Item SKU Industrial 169,44,44,3901.92,3901.92,2025-04-10,2025-04-10,completed
Item SKU Industrial 216,48,48,973.44,1119.46,2025-03-07,2025-03-07,completed
Item SKU Industrial 356,36,36,694.44,694.44,2024-07-04,2024-07-04,completed
Item SKU Industrial 74,1,1,37.68,37.68,2025-07-04,2025-07-06,completed_late
Item SKU Industrial 417,38,38,2601.1,2601.1,2025-07-27,2025-07-27,completed
Item SKU Industrial 83,18,18,1168.74,1168.74,2026-02-07,2026-02-07,completed
Item SKU Industrial 117,53,53,4791.2,4791.2,2025-07-05,2025-07-05,completed
Item SKU Industrial 379,36,36,1277.64,1277.64,2026-03-19,2026-03-19,completed
Item SKU Industrial 137,40,40,2335.2,2335.2,2024-03-24,2024-03-24,completed
Item SKU Industrial 326,11,11,735.02,735.02,2025-11-13,2025-11-13,completed
Item SKU Industrial 157,41,41,24626.24,24626.24,2025-12-14,2025-12-16,completed_late
Item SKU Industrial 205,39,39,1332.24,1332.24,2024-11-19,2024-11-19,completed
Item SKU Industrial 434,45,45,2452.95,2820.89,2025-11-13,2025-11-13,completed
Item SKU Industrial 429,39,39,3003.78,3003.78,2025-10-28,2025-10-28,completed
Item SKU Industrial 245,9,9,974.52,974.52,2025-11-02,2025-11-02,completed
Item SKU Industrial 74,42,42,1582.56,1582.56,2025-07-14,2025-07-14,completed
Item SKU Industrial 194,47,47,10356.45,10356.45,2026-04-20,2026-04-20,completed
Item SKU Industrial 176,49,49,3755.85,3755.85,2024-08-09,2024-08-11,completed_late
Item SKU Industrial 386,53,53,1013.36,1013.36,2025-07-21,2025-07-21,completed
Item SKU Industrial 320,7,7,114.17,114.17,2024-11-21,2024-11-21,completed
Item SKU Industrial 285,44,44,3692.48,3692.48,2026-03-15,2026-03-15,completed
Item SKU Industrial 202,48,48,783.36,783.36,2025-09-05,2025-09-05,completed
Item SKU Industrial 419,4,4,389.48,389.48,2024-04-28,2024-04-28,completed
Item SKU Industrial 323,36,36,2554.92,2938.16,2026-05-08,2026-05-08,completed
Item SKU Industrial 411,18,18,3943.26,3943.26,2026-01-10,2026-01-18,completed_late
Item SKU Industrial 193,48,48,2184.48,2184.48,2025-07-26,2025-07-26,completed
Item SKU Industrial 386,38,38,726.56,726.56,2024-05-20,2024-05-20,completed
Item SKU Industrial 406,3,3,297.96,297.96,2025-12-21,2025-12-21,completed
Item SKU Industrial 230,24,24,378.72,378.72,2024-10-26,2024-10-26,completed
Item SKU Industrial 217,4,4,336.0,336.0,2024-09-13,2024-09-13,completed
Item SKU Industrial 143,19,19,2745.31,2745.31,2024-06-24,2024-06-24,completed
Item SKU Industrial 271,8,8,1449.2,1449.2,2026-04-27,2026-04-29,completed_late
Item SKU Industrial 193,35,35,1592.85,1592.85,2026-05-21,2026-05-21,completed
Item SKU Industrial 343,23,23,6353.29,6353.29,2026-04-03,2026-04-03,completed
Item SKU Industrial 366,2,2,109.76,126.22,2025-08-22,2025-08-22,completed
Item SKU Industrial 478,24,24,594.48,594.48,2026-02-09,2026-02-09,completed
Item SKU Industrial 95,34,34,10458.4,10458.4,2025-11-07,2025-11-07,completed
Item SKU Industrial 319,28,28,724.92,724.92,2024-09-15,2024-09-15,completed
Item SKU Industrial 56,22,22,392.26,392.26,2024-03-31,2024-04-02,completed_late
Item SKU Industrial 274,42,42,5671.26,5671.26,2024-08-08,2024-08-08,completed
Item SKU Industrial 111,5,5,828.25,828.25,2024-08-14,2024-08-14,completed
Item SKU Industrial 174,44,44,2520.32,2520.32,2024-11-21,2024-11-21,completed
Item SKU Industrial 62,30,30,330.0,330.0,2025-06-27,2025-06-27,completed
Item SKU Industrial 65,44,44,624.36,624.36,2024-08-12,2024-08-12,completed
Item SKU Industrial 261,36,36,1742.04,1742.04,2025-06-26,2025-06-26,completed
Item SKU Industrial 307,39,39,1024.53,1178.21,2025-03-27,2025-03-29,completed_late
Item SKU Industrial 151,18,18,1221.84,1221.84,2026-04-06,2026-04-06,completed
Item SKU Industrial 421,20,20,4054.8,4054.8,2026-05-09,2026-05-09,completed
Item SKU Industrial 445,18,18,577.08,577.08,2025-10-27,2025-10-27,completed
Item SKU Industrial 345,52,52,6281.6,6281.6,2025-09-21,2025-09-21,completed
Item SKU Industrial 176,41,41,3142.65,3142.65,2024-06-26,2024-06-26,completed
Item SKU Industrial 65,31,31,439.89,439.89,2026-05-08,2026-05-08,completed
Item SKU Industrial 486,15,15,1989.0,1989.0,2025-06-05,2025-06-07,completed_late
Item SKU Industrial 148,50,50,15039.5,15039.5,2024-06-28,2024-07-06,completed_late
Item SKU Industrial 198,12,12,633.24,633.24,2024-02-03,2024-02-03,completed
Item SKU Industrial 400,23,23,2766.9,2766.9,2025-11-10,2025-11-10,completed
Item SKU Industrial 489,49,49,2732.24,3142.08,2025-11-24,2025-11-24,completed
Item SKU Industrial 419,19,19,1850.03,1850.03,2025-03-14,2025-03-14,completed
Item SKU Industrial 63,35,35,5118.05,5118.05,2025-09-11,2025-09-11,completed
Item SKU Industrial 448,19,19,704.14,704.14,2026-04-18,2026-04-20,completed_late
Item SKU Industrial 228,39,39,870.87,870.87,2024-02-05,2024-02-05,completed
Item SKU Industrial 34,51,51,8499.66,8499.66,2024-06-09,2024-06-09,completed
Item SKU Industrial 265,30,30,1419.9,1419.9,2026-02-02,2026-02-02,completed
Item SKU Industrial 180,48,48,9268.8,9268.8,2026-02-12,2026-02-12,completed
Item SKU Industrial 158,46,46,18593.66,18593.66,2025-10-11,2025-10-11,completed
Item SKU Industrial 468,33,33,642.51,642.51,2025-04-06,2025-04-06,completed
Item SKU Industrial 220,29,29,5179.69,5179.69,2026-02-16,2026-02-18,completed_late
Item SKU Industrial 404,31,31,3290.65,3784.25,2025-07-18,2025-07-18,completed
Item SKU Industrial 182,6,6,94.14,94.14,2025-07-28,2025-07-28,completed
Item SKU Industrial 143,11,11,1589.39,1589.39,2025-12-11,2025-12-11,completed
Item SKU Industrial 213,19,19,370.5,370.5,2026-04-11,2026-04-11,completed
Item SKU Industrial 178,31,31,1950.52,1950.52,2024-05-27,2024-05-27,completed
Item SKU Industrial 492,1,1,20.33,20.33,2025-08-22,2025-08-22,completed
Item SKU Industrial 401,33,33,688.71,688.71,2026-03-28,2026-03-30,completed_late
Item SKU Industrial 121,35,35,1397.9,1397.9,2025-09-28,2025-09-28,completed
Item SKU Industrial 22,48,48,9289.92,9289.92,2024-03-17,2024-03-17,completed
Item SKU Industrial 351,29,29,4124.09,4124.09,2025-03-26,2025-03-26,completed
Item SKU Industrial 98,3,3,25.26,25.26,2025-11-28,2025-11-28,completed
Item SKU Industrial 367,8,8,272.8,313.72,2025-04-19,2025-04-19,completed
Item SKU Industrial 289,13,13,296.53,296.53,2024-07-11,2024-07-11,completed
Item SKU Industrial 270,7,7,121.03,121.03,2024-10-28,2024-10-30,completed_late
Item SKU Industrial 348,29,29,297.25,297.25,2025-10-02,2025-10-02,completed
Item SKU Industrial 7,47,47,5279.04,5279.04,2024-12-26,2025-01-03,completed_late
Item SKU Industrial 272,24,24,2246.64,2246.64,2024-06-26,2024-06-26,completed
Item SKU Industrial 54,14,14,479.92,479.92,2025-03-07,2025-03-07,completed
Item SKU Industrial 171,30,30,1190.1,1190.1,2026-05-06,2026-05-06,completed
Item SKU Industrial 343,7,7,1933.61,1933.61,2024-06-14,2024-06-14,completed
Item SKU Industrial 313,34,34,1122.68,1122.68,2025-08-25,2025-08-27,completed_late
Item SKU Industrial 176,40,40,3066.0,3066.0,2024-09-16,2024-09-16,completed
Item SKU Industrial 311,3,3,247.14,284.21,2025-04-14,2025-04-14,completed
Item SKU Industrial 67,40,40,12061.2,12061.2,2025-10-13,2025-10-13,completed
Item SKU Industrial 435,22,22,339.9,339.9,2026-05-03,2026-05-03,completed
Item SKU Industrial 408,53,53,1632.4,1632.4,2026-02-20,2026-02-20,completed
Item SKU Industrial 341,20,20,4231.4,4231.4,2025-08-21,2025-08-21,completed
Item SKU Industrial 304,41,41,12776.83,12776.83,2024-01-29,2024-01-31,completed_late
Item SKU Industrial 30,29,29,1270.2,1270.2,2025-11-30,2025-11-30,completed
Item SKU Industrial 496,26,26,1091.74,1091.74,2026-05-21,2026-05-21,completed
Item SKU Industrial 9,30,30,5862.0,5862.0,2024-05-17,2024-05-17,completed
Item SKU Industrial 227,27,27,891.27,891.27,2025-12-27,2025-12-27,completed
Item SKU Industrial 223,37,37,817.7,817.7,2026-04-02,2026-04-02,completed
Item SKU Industrial 140,52,52,463.32,532.82,2026-04-03,2026-04-03,completed
Item SKU Industrial 342,14,14,2218.44,2218.44,2024-06-13,2024-06-15,completed_late
Item SKU Industrial 82,48,48,299.52,299.52,2026-04-26,2026-04-26,completed
Item SKU Industrial 436,29,29,9191.84,9191.84,2024-07-01,2024-07-01,completed
Item SKU Industrial 17,11,11,448.14,448.14,2025-04-08,2025-04-08,completed
Item SKU Industrial 227,36,36,1188.36,1188.36,2024-11-01,2024-11-01,completed
Item SKU Industrial 489,18,18,1003.68,1003.68,2025-07-14,2025-07-14,completed
Item SKU Industrial 184,42,42,4651.92,4651.92,2024-05-02,2024-05-02,completed
Item SKU Industrial 308,1,1,20.38,20.38,2025-09-21,2025-09-23,completed_late
Item SKU Industrial 444,39,39,446.16,446.16,2024-11-29,2024-11-29,completed
Item SKU Industrial 265,45,45,2129.85,2129.85,2024-04-11,2024-04-11,completed
Item SKU Industrial 136,25,25,2164.75,2489.46,2026-04-23,2026-05-01,completed_late
Item SKU Industrial 421,29,29,5879.46,5879.46,2025-11-02,2025-11-02,completed
Item SKU Industrial 134,13,13,2857.66,2857.66,2025-02-04,2025-02-04,completed
Item SKU Industrial 50,52,52,550.68,550.68,2025-05-19,2025-05-19,completed
Item SKU Industrial 413,33,33,1411.08,1411.08,2025-01-11,2025-01-13,completed_late
Item SKU Industrial 383,25,25,1889.0,1889.0,2025-09-11,2025-09-11,completed
Item SKU Industrial 1,30,30,1312.2,1312.2,2026-03-22,2026-03-22,completed
Item SKU Industrial 69,34,34,1227.06,1227.06,2024-08-08,2024-08-08,completed
Item SKU Industrial 298,37,37,503.94,503.94,2025-10-09,2025-10-09,completed
Item SKU Industrial 422,41,41,9579.24,9579.24,2025-09-06,2025-09-06,completed
Item SKU Industrial 203,46,46,10552.4,10552.4,2025-09-19,2025-09-19,completed
Item SKU Industrial 319,35,35,906.15,1042.07,2026-04-24,2026-04-26,completed_late
Item SKU Industrial 18,33,33,1438.8,1438.8,2025-09-26,2025-09-26,completed
Item SKU Industrial 480,4,4,93.76,93.76,2025-07-01,2025-07-01,completed
Item SKU Industrial 259,23,23,1395.18,1395.18,2025-09-27,2025-09-27,completed
Item SKU Industrial 374,25,25,4330.0,4330.0,2026-03-02,2026-03-02,completed
Item SKU Industrial 149,37,37,5922.96,5922.96,2026-03-02,2026-03-02,completed
Item SKU Industrial 242,53,53,486.54,486.54,2025-02-27,2025-02-27,completed
Item SKU Industrial 411,39,39,8543.73,8543.73,2024-03-16,2024-03-18,completed_late
Item SKU Industrial 448,34,34,1260.04,1260.04,2026-03-17,2026-03-17,completed
Item SKU Industrial 470,30,30,595.2,595.2,2024-12-02,2024-12-02,completed
Item SKU Industrial 250,53,53,4854.8,4854.8,2024-11-08,2024-11-08,completed
Item SKU Industrial 249,15,15,983.55,1131.08,2024-07-30,2024-07-30,completed
Item SKU Industrial 176,27,27,2069.55,2069.55,2024-03-03,2024-03-03,completed
Item SKU Industrial 123,15,15,150.0,150.0,2024-04-26,2024-04-26,completed
Item SKU Industrial 492,33,33,670.89,670.89,2024-12-16,2024-12-18,completed_late
Item SKU Industrial 132,34,34,6840.46,6840.46,2025-12-25,2025-12-25,completed
Item SKU Industrial 41,52,52,2955.16,2955.16,2024-04-15,2024-04-15,completed
Item SKU Industrial 58,35,35,3073.7,3073.7,2024-04-14,2024-04-14,completed
Item SKU Industrial 365,15,15,588.0,588.0,2025-01-02,2025-01-10,completed_late
Item SKU Industrial 266,48,48,397.92,397.92,2025-08-03,2025-08-03,completed
Item SKU Industrial 222,12,12,1084.08,1084.08,2026-03-12,2026-03-12,completed
Item SKU Industrial 288,35,35,2474.15,2474.15,2025-11-14,2025-11-16,completed_late
Item SKU Industrial 266,4,4,33.16,38.13,2025-03-03,2025-03-03,completed
Item SKU Industrial 290,34,34,512.72,512.72,2026-04-23,2026-04-23,completed
Item SKU Industrial 322,49,49,1431.78,1431.78,2024-09-30,2024-09-30,completed
Item SKU Industrial 426,35,35,3249.05,3249.05,2025-01-27,2025-01-27,completed
Item SKU Industrial 375,17,17,1719.04,1719.04,2025-02-21,2025-02-21,completed
Item SKU Industrial 4,7,7,1077.65,1077.65,2026-02-09,2026-02-09,completed
Item SKU Industrial 41,37,37,2102.71,2102.71,2025-07-14,2025-07-16,completed_late
Item SKU Industrial 469,13,13,3131.31,3131.31,2024-07-01,2024-07-01,completed
Item SKU Industrial 335,12,12,1317.48,1317.48,2025-05-18,2025-05-18,completed
Item SKU Industrial 139,20,20,3251.8,3251.8,2025-09-23,2025-09-23,completed
Item SKU Industrial 32,35,35,1729.7,1729.7,2026-03-12,2026-03-12,completed
Item SKU Industrial 141,4,4,32.0,36.8,2026-03-07,2026-03-07,completed
Item SKU Industrial 254,19,19,186.58,186.58,2024-07-11,2024-07-11,completed
Item SKU Industrial 130,15,15,1479.15,1479.15,2025-05-05,2025-05-07,completed_late
Item SKU Industrial 212,9,9,118.44,118.44,2024-03-23,2024-03-23,completed
Item SKU Industrial 35,15,15,213.45,213.45,2024-02-01,2024-02-01,completed
Item SKU Industrial 187,11,11,265.1,265.1,2024-03-16,2024-03-16,completed
Item SKU Industrial 205,2,2,68.32,68.32,2025-08-16,2025-08-16,completed
Item SKU Industrial 286,29,29,1156.81,1156.81,2025-10-24,2025-10-24,completed
Item SKU Industrial 85,18,18,311.4,311.4,2024-06-07,2024-06-07,completed
Item SKU Industrial 92,36,36,1151.64,1151.64,2026-01-09,2026-01-11,completed_late
Item SKU Industrial 149,12,12,1920.96,1920.96,2026-04-09,2026-04-09,completed
Item SKU Industrial 434,40,40,2180.4,2507.46,2025-05-30,2025-05-30,completed
Item SKU Industrial 192,5,5,255.65,255.65,2024-08-26,2024-08-26,completed
Item SKU Industrial 364,26,26,1511.64,1511.64,2026-04-09,2026-04-09,completed
Item SKU Industrial 234,2,2,133.06,133.06,2026-05-21,2026-05-29,completed_late
Item SKU Industrial 62,53,53,583.0,583.0,2025-03-30,2025-03-30,completed
Item SKU Industrial 251,42,42,1840.02,1840.02,2025-07-17,2025-07-19,completed_late
Item SKU Industrial 379,16,16,567.84,567.84,2024-02-12,2024-02-12,completed
Item SKU Industrial 177,22,22,3895.1,3895.1,2025-07-29,2025-07-29,completed
Item SKU Industrial 244,49,49,6969.76,6969.76,2026-04-06,2026-04-06,completed
Item SKU Industrial 113,17,17,474.64,474.64,2024-12-29,2024-12-29,completed
Item SKU Industrial 340,28,28,1089.76,1089.76,2025-07-07,2025-07-07,completed
Item SKU Industrial 436,30,30,9508.8,10935.12,2025-04-17,2025-04-17,completed
Item SKU Industrial 497,19,19,548.34,548.34,2024-07-25,2024-07-27,completed_late
Item SKU Industrial 213,1,1,19.5,19.5,2024-09-23,2024-09-23,completed
Item SKU Industrial 247,23,23,550.16,550.16,2026-01-01,2026-01-01,completed
Item SKU Industrial 227,2,2,66.02,66.02,2024-02-04,2024-02-04,completed
Item SKU Industrial 499,5,5,244.2,244.2,2026-01-10,2026-01-10,completed
Item SKU Industrial 48,13,13,173.16,173.16,2025-09-26,2025-09-26,completed
Item SKU Industrial 327,18,18,174.42,174.42,2024-06-15,2024-06-15,completed
Item SKU Industrial 373,30,30,2016.0,2016.0,2025-12-20,2025-12-22,completed_late
Item SKU Industrial 494,11,11,1562.44,1562.44,2026-01-31,2026-01-31,completed
Item SKU Industrial 1,49,49,2143.26,2143.26,2026-04-20,2026-04-20,completed
Item SKU Industrial 450,15,15,1060.8,1219.92,2025-02-14,2025-02-14,completed
Item SKU Industrial 192,53,53,2709.89,2709.89,2024-01-11,2024-01-11,completed
Item SKU Industrial 132,12,12,2414.28,2414.28,2026-03-27,2026-03-27,completed
Item SKU Industrial 479,3,3,513.3,513.3,2026-04-19,2026-04-19,completed
Item SKU Industrial 483,16,16,807.2,807.2,2024-01-05,2024-01-07,completed_late
Item SKU Industrial 64,25,25,2900.75,2900.75,2024-01-27,2024-01-27,completed
Item SKU Industrial 59,3,3,45.24,45.24,2024-11-03,2024-11-03,completed
Item SKU Industrial 372,26,26,1171.04,1171.04,2024-05-25,2024-05-25,completed
Item SKU Industrial 359,36,36,2251.8,2251.8,2025-08-02,2025-08-02,completed
Item SKU Industrial 58,27,27,2371.14,2371.14,2024-08-07,2024-08-07,completed
Item SKU Industrial 104,18,18,5801.22,5801.22,2025-10-30,2025-11-07,completed_late
Item SKU Industrial 468,3,3,58.41,67.17,2024-02-16,2024-02-18,completed_late
Item SKU Industrial 453,5,5,202.15,202.15,2025-03-31,2025-03-31,completed
Item SKU Industrial 430,42,42,2496.06,2496.06,2025-03-24,2025-03-24,completed
Item SKU Industrial 235,20,20,2237.4,2237.4,2024-05-28,2024-05-28,completed
Item SKU Industrial 415,51,51,11845.26,11845.26,2025-09-25,2025-09-25,completed
Item SKU Industrial 254,4,4,39.28,39.28,2025-06-26,2025-06-26,completed
Item SKU Industrial 364,14,14,813.96,813.96,2025-10-23,2025-10-23,completed
Item SKU Industrial 399,4,4,214.76,214.76,2025-10-10,2025-10-12,completed_late
Item SKU Industrial 413,15,15,641.4,641.4,2025-07-08,2025-07-08,completed
Item SKU Industrial 421,39,39,7906.86,7906.86,2024-12-09,2024-12-09,completed
Item SKU Industrial 293,41,41,905.28,905.28,2025-05-11,2025-05-11,completed
Item SKU Industrial 198,37,37,1952.49,2245.36,2025-02-22,2025-02-22,completed
Item SKU Industrial 475,19,19,1608.16,1608.16,2026-04-25,2026-04-25,completed
Item SKU Industrial 459,46,46,836.28,836.28,2024-12-01,2024-12-01,completed
Item SKU Industrial 268,36,36,930.24,930.24,2026-04-16,2026-04-18,completed_late
Item SKU Industrial 407,30,30,2132.1,2132.1,2025-07-14,2025-07-14,completed
Item SKU Industrial 151,5,5,339.4,339.4,2024-04-26,2024-04-26,completed
Item SKU Industrial 481,44,44,1180.52,1180.52,2025-07-25,2025-07-25,completed
Item SKU Industrial 89,5,5,390.65,390.65,2026-04-17,2026-04-17,completed
Item SKU Industrial 109,50,50,4369.0,4369.0,2025-11-15,2025-11-15,completed
Item SKU Industrial 417,23,23,1574.35,1574.35,2024-07-11,2024-07-11,completed
Item SKU Industrial 92,9,9,287.91,287.91,2026-03-24,2026-03-26,completed_late
Item SKU Industrial 457,18,18,968.22,1113.45,2024-08-02,2024-08-02,completed
Item SKU Industrial 41,22,22,1250.26,1250.26,2025-03-03,2025-03-03,completed
Item SKU Industrial 364,53,53,3081.42,3081.42,2024-10-12,2024-10-12,completed
Item SKU Industrial 33,42,42,299.88,299.88,2025-08-30,2025-08-30,completed
Item SKU Industrial 140,42,42,374.22,374.22,2025-12-11,2025-12-11,completed
Item SKU Industrial 181,7,7,294.77,294.77,2025-04-10,2025-04-10,completed
Item SKU Industrial 81,18,18,1292.04,1292.04,2026-05-21,2026-05-29,completed_late
Item SKU Industrial 316,53,53,1805.18,1805.18,2025-10-19,2025-10-19,completed
Item SKU Industrial 326,25,25,1670.5,1670.5,2026-03-08,2026-03-08,completed
Item SKU Industrial 448,51,51,1890.06,1890.06,2025-11-24,2025-11-24,completed
Item SKU Industrial 384,48,48,10360.8,10360.8,2025-01-03,2025-01-03,completed
Item SKU Industrial 309,34,34,2870.62,3301.21,2025-11-21,2025-11-21,completed
Item SKU Industrial 285,42,42,3524.64,3524.64,2025-03-28,2025-03-28,completed
Item SKU Industrial 32,1,1,49.42,49.42,2024-11-21,2024-11-23,completed_late
Item SKU Industrial 221,30,30,1850.1,1850.1,2024-04-26,2024-04-26,completed
Item SKU Industrial 434,27,27,1471.77,1471.77,2024-04-06,2024-04-06,completed
Item SKU Industrial 235,16,16,1789.92,1789.92,2026-04-04,2026-04-04,completed
Item SKU Industrial 324,14,14,280.14,280.14,2026-01-31,2026-01-31,completed
Item SKU Industrial 316,12,12,408.72,408.72,2024-03-18,2024-03-18,completed
Item SKU Industrial 300,24,24,1073.52,1073.52,2024-11-29,2024-11-29,completed
Item SKU Industrial 70,12,12,1821.0,1821.0,2024-07-21,2024-07-23,completed_late
Item SKU Industrial 408,41,41,1262.8,1262.8,2025-06-13,2025-06-13,completed
Item SKU Industrial 462,30,30,5527.8,6356.97,2024-08-30,2024-08-30,completed
Item SKU Industrial 98,24,24,202.08,202.08,2024-01-14,2024-01-14,completed
Item SKU Industrial 297,46,46,10179.8,10179.8,2025-08-28,2025-08-28,completed
Item SKU Industrial 187,20,20,482.0,482.0,2024-03-18,2024-03-18,completed
Item SKU Industrial 420,28,28,201.32,201.32,2025-01-27,2025-01-27,completed
Item SKU Industrial 190,36,36,1658.16,1658.16,2025-06-09,2025-06-11,completed_late
Item SKU Industrial 22,46,46,8902.84,8902.84,2025-11-29,2025-11-29,completed
Item SKU Industrial 29,40,40,5611.2,5611.2,2025-11-06,2025-11-06,completed
Item SKU Industrial 208,50,50,2616.0,2616.0,2026-04-24,2026-04-24,completed
Item SKU Industrial 109,53,53,4631.14,4631.14,2025-12-22,2025-12-22,completed
Item SKU Industrial 449,22,22,999.68,999.68,2024-08-01,2024-08-01,completed
Item SKU Industrial 434,27,27,1471.77,1692.54,2025-07-12,2025-07-12,completed
Item SKU Industrial 271,19,19,3441.85,3441.85,2026-04-09,2026-04-11,completed_late
Item SKU Industrial 13,49,49,1154.93,1154.93,2026-04-06,2026-04-14,completed_late
Item SKU Industrial 411,39,39,8543.73,8543.73,2024-02-12,2024-02-12,completed
Item SKU Industrial 101,13,13,5320.64,5320.64,2025-07-27,2025-07-27,completed
Item SKU Industrial 203,51,51,11699.4,11699.4,2025-09-20,2025-09-20,completed
Item SKU Industrial 242,12,12,110.16,110.16,2024-04-22,2024-04-22,completed
Item SKU Industrial 153,20,20,574.8,574.8,2025-11-20,2025-11-20,completed
Item SKU Industrial 258,53,53,3276.46,3276.46,2025-12-11,2025-12-13,completed_late
Item SKU Industrial 500,34,34,236.98,236.98,2024-12-11,2024-12-11,completed
Item SKU Industrial 439,34,34,6297.82,6297.82,2026-03-21,2026-03-21,completed
Item SKU Industrial 475,29,29,2454.56,2822.74,2025-11-10,2025-11-10,completed
Item SKU Industrial 436,3,3,950.88,950.88,2025-04-19,2025-04-19,completed
Item SKU Industrial 357,53,53,9039.68,9039.68,2024-10-24,2024-10-24,completed
Item SKU Industrial 219,30,30,1159.8,1159.8,2024-09-20,2024-09-20,completed
Item SKU Industrial 319,38,38,983.82,983.82,2024-11-03,2024-11-05,completed_late
Item SKU Industrial 368,11,11,1463.22,1463.22,2025-02-17,2025-02-17,completed
Item SKU Industrial 343,33,33,9115.59,9115.59,2026-01-31,2026-01-31,completed
Item SKU Industrial 232,14,14,354.76,354.76,2026-04-20,2026-04-20,completed
Item SKU Industrial 183,48,48,443.52,443.52,2025-12-16,2025-12-16,completed
Item SKU Industrial 353,1,1,121.0,121.0,2026-02-27,2026-02-27,completed
Item SKU Industrial 108,37,37,1958.78,1958.78,2025-11-09,2025-11-09,completed
Item SKU Industrial 358,24,24,2253.6,2591.64,2024-11-04,2024-11-06,completed_late
Item SKU Industrial 166,46,46,11174.32,11174.32,2024-05-09,2024-05-09,completed
Item SKU Industrial 178,19,19,1195.48,1195.48,2026-04-03,2026-04-03,completed
Item SKU Industrial 370,11,11,278.52,278.52,2026-01-22,2026-01-22,completed
Item SKU Industrial 474,28,28,1704.08,1704.08,2025-08-14,2025-08-14,completed
Item SKU Industrial 255,49,49,1220.1,1220.1,2024-01-21,2024-01-21,completed
Item SKU Industrial 149,27,27,4322.16,4322.16,2025-01-10,2025-01-10,completed
Item SKU Industrial 361,31,31,4706.42,4706.42,2024-12-22,2024-12-24,completed_late
Item SKU Industrial 130,8,8,788.88,788.88,2025-08-25,2025-08-25,completed
Item SKU Industrial 379,45,45,1597.05,1597.05,2024-10-14,2024-10-22,completed_late
Item SKU Industrial 379,8,8,283.92,283.92,2026-05-07,2026-05-07,completed
Item SKU Industrial 123,3,3,30.0,34.5,2024-04-08,2024-04-08,completed
Item SKU Industrial 405,52,52,4684.68,4684.68,2025-01-11,2025-01-11,completed
Item SKU Industrial 462,1,1,184.26,184.26,2024-07-11,2024-07-11,completed
Item SKU Industrial 347,9,9,208.08,208.08,2025-06-23,2025-06-25,completed_late
Item SKU Industrial 468,9,9,175.23,175.23,2026-01-15,2026-01-15,completed
Item SKU Industrial 261,33,33,1596.87,1596.87,2026-01-02,2026-01-02,completed
Item SKU Industrial 2,3,3,416.85,416.85,2024-07-10,2024-07-10,completed
Item SKU Industrial 480,20,20,468.8,468.8,2024-03-22,2024-03-22,completed
Item SKU Industrial 291,25,25,482.25,482.25,2025-06-01,2025-06-01,completed
Item SKU Industrial 224,15,15,360.6,360.6,2026-02-06,2026-02-06,completed
Item SKU Industrial 192,25,25,1278.25,1278.25,2024-09-06,2024-09-08,completed_late
Item SKU Industrial 96,18,18,123.66,142.21,2025-07-28,2025-07-28,completed
Item SKU Industrial 58,4,4,351.28,351.28,2024-02-10,2024-02-10,completed
Item SKU Industrial 135,49,49,5397.84,5397.84,2026-02-12,2026-02-12,completed
Item SKU Industrial 235,18,18,2013.66,2013.66,2025-04-11,2025-04-11,completed
Item SKU Industrial 406,46,46,4568.72,4568.72,2026-02-14,2026-02-14,completed
Item SKU Industrial 107,28,28,3042.76,3042.76,2024-12-30,2024-12-30,completed
Item SKU Industrial 209,45,45,1594.35,1594.35,2024-06-10,2024-06-12,completed_late
Item SKU Industrial 90,50,50,14224.5,14224.5,2025-07-17,2025-07-17,completed
Item SKU Industrial 4,41,41,6311.95,6311.95,2025-03-16,2025-03-16,completed
Item SKU Industrial 482,23,23,179.17,179.17,2025-09-29,2025-09-29,completed
Item SKU Industrial 338,41,41,2466.15,2466.15,2026-03-12,2026-03-12,completed
Item SKU Industrial 77,25,25,1769.25,2034.64,2025-05-11,2025-05-11,completed
Item SKU Industrial 380,53,53,1006.47,1006.47,2025-05-23,2025-05-23,completed
Item SKU Industrial 46,27,27,4017.06,4017.06,2025-09-26,2025-09-28,completed_late
Item SKU Industrial 408,35,35,1078.0,1078.0,2024-06-30,2024-06-30,completed
Item SKU Industrial 219,29,29,1121.14,1121.14,2024-02-16,2024-02-16,completed
Item SKU Industrial 53,23,23,4245.8,4245.8,2025-04-20,2025-04-28,completed_late
Item SKU Industrial 22,51,51,9870.54,9870.54,2025-05-18,2025-05-18,completed
Item SKU Industrial 254,17,17,166.94,166.94,2026-04-11,2026-04-11,completed
Item SKU Industrial 127,13,13,809.64,809.64,2025-07-26,2025-07-26,completed
Item SKU Industrial 378,37,37,3533.87,3533.87,2025-12-22,2025-12-24,completed_late
Item SKU Industrial 318,35,35,2350.6,2350.6,2026-05-14,2026-05-14,completed
Item SKU Industrial 207,24,24,8604.48,9895.15,2025-08-21,2025-08-21,completed
Item SKU Industrial 215,45,45,984.6,984.6,2024-10-05,2024-10-05,completed
Item SKU Industrial 409,8,8,344.48,344.48,2024-12-29,2024-12-29,completed
Item SKU Industrial 200,12,12,2086.2,2086.2,2024-07-14,2024-07-14,completed
Item SKU Industrial 139,27,27,4389.93,4389.93,2026-03-02,2026-03-02,completed
Item SKU Industrial 151,30,30,2036.4,2036.4,2024-03-22,2024-03-24,completed_late
Item SKU Industrial 112,16,16,146.08,146.08,2024-07-22,2024-07-22,completed
Item SKU Industrial 335,37,37,4062.23,4062.23,2026-03-29,2026-03-29,completed
Item SKU Industrial 253,52,52,6034.08,6034.08,2025-01-13,2025-01-13,completed
Item SKU Industrial 360,1,1,43.4,43.4,2024-09-06,2024-09-06,completed
Item SKU Industrial 380,4,4,75.96,75.96,2024-09-27,2024-09-27,completed
Item SKU Industrial 252,1,1,63.37,72.88,2024-09-16,2024-09-16,completed
Item SKU Industrial 333,40,40,5360.8,5360.8,2024-05-13,2024-05-15,completed_late
Item SKU Industrial 439,39,39,7223.97,7223.97,2024-05-02,2024-05-02,completed
Item SKU Industrial 341,44,44,9309.08,9309.08,2025-01-12,2025-01-12,completed
Item SKU Industrial 239,53,53,748.36,748.36,2025-09-21,2025-09-21,completed
Item SKU Industrial 17,3,3,122.22,122.22,2026-03-23,2026-03-23,completed
Item SKU Industrial 317,44,44,2012.56,2012.56,2025-03-20,2025-03-20,completed
Item SKU Industrial 28,35,35,2109.45,2109.45,2024-05-13,2024-05-13,completed
Item SKU Industrial 366,2,2,109.76,109.76,2026-01-18,2026-01-20,completed_late
Item SKU Industrial 251,38,38,1664.78,1664.78,2026-01-31,2026-01-31,completed
Item SKU Industrial 91,11,11,403.48,403.48,2026-02-28,2026-02-28,completed
Item SKU Industrial 175,5,5,555.25,638.54,2026-01-04,2026-01-04,completed
Item SKU Industrial 261,52,52,2516.28,2516.28,2025-06-06,2025-06-14,completed_late
Item SKU Industrial 56,53,53,944.99,944.99,2025-02-20,2025-02-20,completed
Item SKU Industrial 404,11,11,1167.65,1167.65,2025-09-04,2025-09-04,completed
Item SKU Industrial 281,18,18,267.12,267.12,2025-07-27,2025-07-29,completed_late
Item SKU Industrial 367,25,25,852.5,852.5,2024-11-29,2024-11-29,completed
Item SKU Industrial 328,22,22,936.54,936.54,2026-02-21,2026-02-21,completed
Item SKU Industrial 288,45,45,3181.05,3181.05,2024-07-06,2024-07-06,completed
Item SKU Industrial 251,52,52,2278.12,2278.12,2025-06-12,2025-06-12,completed
Item SKU Industrial 356,30,30,578.7,578.7,2024-10-13,2024-10-13,completed
Item SKU Industrial 404,8,8,849.2,849.2,2025-09-07,2025-09-07,completed
Item SKU Industrial 127,37,37,2304.36,2650.01,2024-01-26,2024-01-28,completed_late
Item SKU Industrial 390,12,12,89.88,89.88,2025-10-19,2025-10-19,completed
Item SKU Industrial 67,15,15,4522.95,4522.95,2024-07-20,2024-07-20,completed
Item SKU Industrial 485,2,2,24.56,24.56,2025-03-23,2025-03-23,completed
Item SKU Industrial 412,23,23,1554.8,1554.8,2026-03-03,2026-03-03,completed
Item SKU Industrial 304,16,16,4986.08,4986.08,2025-05-25,2025-05-25,completed
Item SKU Industrial 198,45,45,2374.65,2374.65,2026-03-27,2026-03-27,completed
Item SKU Industrial 137,20,20,1167.6,1167.6,2025-01-30,2025-02-01,completed_late
Item SKU Industrial 156,34,34,4399.26,4399.26,2024-08-19,2024-08-19,completed
Item SKU Industrial 251,30,30,1314.3,1314.3,2024-12-26,2024-12-26,completed
Item SKU Industrial 384,29,29,6259.65,6259.65,2025-12-05,2025-12-05,completed
Item SKU Industrial 238,27,27,2736.45,3146.92,2025-11-30,2025-11-30,completed
Item SKU Industrial 357,24,24,4093.44,4093.44,2025-06-20,2025-06-20,completed
Item SKU Industrial 301,51,51,16029.81,16029.81,2026-05-04,2026-05-04,completed
Item SKU Industrial 42,28,28,885.64,885.64,2025-04-24,2025-04-26,completed_late
Item SKU Industrial 492,19,19,386.27,386.27,2025-01-09,2025-01-09,completed
Item SKU Industrial 248,39,39,1734.33,1734.33,2026-05-18,2026-05-18,completed
Item SKU Industrial 132,15,15,3017.85,3017.85,2025-07-24,2025-07-24,completed
Item SKU Industrial 341,39,39,8251.23,8251.23,2025-05-15,2025-05-15,completed
Item SKU Industrial 241,47,47,11246.16,11246.16,2025-12-22,2025-12-30,completed_late
Item SKU Industrial 319,41,41,1061.49,1061.49,2025-06-30,2025-06-30,completed
Item SKU Industrial 70,50,50,7587.5,7587.5,2025-05-23,2025-05-25,completed_late
Item SKU Industrial 26,48,48,589.44,677.86,2025-08-08,2025-08-08,completed
Item SKU Industrial 235,33,33,3691.71,3691.71,2025-11-10,2025-11-10,completed
Item SKU Industrial 3,11,11,80.85,80.85,2025-11-03,2025-11-03,completed
Item SKU Industrial 488,29,29,1718.83,1718.83,2024-10-31,2024-10-31,completed
Item SKU Industrial 343,5,5,1381.15,1381.15,2025-05-25,2025-05-25,completed
Item SKU Industrial 491,15,15,1230.75,1230.75,2024-12-01,2024-12-01,completed
Item SKU Industrial 80,48,48,644.16,644.16,2025-05-23,2025-05-25,completed_late
Item SKU Industrial 489,46,46,2564.96,2564.96,2025-09-04,2025-09-04,completed
Item SKU Industrial 276,24,24,352.8,352.8,2026-04-10,2026-04-10,completed
Item SKU Industrial 156,35,35,4528.65,4528.65,2024-11-23,2024-11-23,completed
Item SKU Industrial 465,16,16,1476.8,1476.8,2026-04-07,2026-04-07,completed
Item SKU Industrial 164,6,6,351.66,404.41,2026-03-13,2026-03-13,completed
Item SKU Industrial 428,5,5,427.45,427.45,2024-09-01,2024-09-01,completed
Item SKU Industrial 138,12,12,2491.56,2491.56,2024-03-18,2024-03-20,completed_late
Item SKU Industrial 14,41,41,4289.01,4289.01,2024-10-20,2024-10-20,completed
Item SKU Industrial 19,1,1,115.48,115.48,2025-04-27,2025-04-27,completed
Item SKU Industrial 141,4,4,32.0,32.0,2026-02-10,2026-02-10,completed
Item SKU Industrial 285,4,4,335.68,335.68,2025-11-15,2025-11-15,completed
Item SKU Industrial 223,53,53,1171.3,1171.3,2025-12-27,2025-12-27,completed
Item SKU Industrial 30,1,1,43.8,43.8,2025-07-05,2025-07-05,completed
Item SKU Industrial 129,40,40,6571.6,6571.6,2026-02-08,2026-02-10,completed_late
Item SKU Industrial 455,8,8,460.4,460.4,2025-03-02,2025-03-02,completed
Item SKU Industrial 133,29,29,4560.83,5244.95,2024-05-09,2024-05-09,completed
Item SKU Industrial 138,31,31,6436.53,6436.53,2024-07-31,2024-07-31,completed
Item SKU Industrial 43,5,5,222.25,222.25,2025-08-18,2025-08-18,completed
Item SKU Industrial 100,42,42,2710.68,2710.68,2026-05-04,2026-05-04,completed
Item SKU Industrial 66,49,49,612.99,612.99,2024-05-06,2024-05-14,completed_late
Item SKU Industrial 244,5,5,711.2,711.2,2025-05-29,2025-05-31,completed_late
Item SKU Industrial 101,1,1,409.28,409.28,2024-03-02,2024-03-02,completed
Item SKU Industrial 123,7,7,70.0,70.0,2025-01-31,2025-01-31,completed
Item SKU Industrial 238,38,38,3851.3,3851.3,2025-02-16,2025-02-16,completed
Item SKU Industrial 334,41,41,1399.33,1399.33,2025-08-14,2025-08-14,completed
Item SKU Industrial 286,48,48,1914.72,1914.72,2026-04-17,2026-04-17,completed
Item SKU Industrial 409,6,6,258.36,297.11,2025-07-24,2025-07-24,completed
Item SKU Industrial 20,52,52,1957.8,1957.8,2024-12-29,2024-12-31,completed_late
Item SKU Industrial 92,37,37,1183.63,1183.63,2025-06-12,2025-06-12,completed
Item SKU Industrial 127,40,40,2491.2,2491.2,2025-10-11,2025-10-11,completed
Item SKU Industrial 65,31,31,439.89,439.89,2025-06-16,2025-06-16,completed
Item SKU Industrial 255,5,5,124.5,124.5,2025-02-17,2025-02-17,completed
Item SKU Industrial 111,17,17,2816.05,2816.05,2024-08-22,2024-08-22,completed
Item SKU Industrial 358,20,20,1878.0,1878.0,2025-08-04,2025-08-04,completed
Item SKU Industrial 220,22,22,3929.42,3929.42,2024-05-12,2024-05-14,completed_late
Item SKU Industrial 271,7,7,1268.05,1268.05,2024-01-06,2024-01-06,completed
Item SKU Industrial 148,50,50,15039.5,15039.5,2025-01-10,2025-01-10,completed
Item SKU Industrial 168,53,53,1468.1,1688.31,2025-09-29,2025-09-29,completed
Item SKU Industrial 47,17,17,2372.86,2372.86,2026-04-09,2026-04-09,completed
Item SKU Industrial 362,52,52,2830.88,2830.88,2025-02-08,2025-02-08,completed
Item SKU Industrial 386,6,6,114.72,114.72,2025-09-18,2025-09-18,completed
Item SKU Industrial 303,29,29,1548.6,1548.6,2026-02-02,2026-02-04,completed_late
Item SKU Industrial 94,13,13,355.16,355.16,2026-02-28,2026-02-28,completed
Item SKU Industrial 266,30,30,248.7,248.7,2025-09-04,2025-09-04,completed
Item SKU Industrial 154,2,2,17.22,17.22,2024-07-30,2024-07-30,completed
Item SKU Industrial 456,9,9,220.86,220.86,2025-01-13,2025-01-13,completed
Item SKU Industrial 100,42,42,2710.68,2710.68,2025-05-15,2025-05-15,completed
Item SKU Industrial 60,48,48,607.2,607.2,2026-02-14,2026-02-14,completed
Item SKU Industrial 22,6,6,1161.24,1335.43,2026-05-24,2026-06-01,completed_late
Item SKU Industrial 141,40,40,320.0,320.0,2025-06-29,2025-06-29,completed
Item SKU Industrial 43,16,16,711.2,711.2,2025-01-16,2025-01-16,completed
Item SKU Industrial 186,19,19,2363.6,2363.6,2024-11-21,2024-11-21,completed
Item SKU Industrial 359,51,51,3190.05,3190.05,2024-01-28,2024-01-28,completed
Item SKU Industrial 246,18,18,398.52,398.52,2025-09-04,2025-09-04,completed
Item SKU Industrial 110,17,17,1282.65,1282.65,2024-11-15,2024-11-15,completed
Item SKU Industrial 354,12,12,241.92,241.92,2024-04-12,2024-04-14,completed_late
Item SKU Industrial 87,53,53,4880.77,4880.77,2025-01-23,2025-01-23,completed
Item SKU Industrial 450,36,36,2545.92,2545.92,2024-12-06,2024-12-06,completed
Item SKU Industrial 457,41,41,2205.39,2205.39,2025-12-11,2025-12-11,completed
Item SKU Industrial 7,18,18,2021.76,2325.02,2025-11-02,2025-11-02,completed
Item SKU Industrial 419,49,49,4771.13,4771.13,2025-05-20,2025-05-20,completed
Item SKU Industrial 420,30,30,215.7,215.7,2025-09-11,2025-09-11,completed
Item SKU Industrial 99,20,20,3576.2,3576.2,2024-08-04,2024-08-06,completed_late
Item SKU Industrial 266,30,30,248.7,248.7,2025-12-25,2025-12-25,completed
Item SKU Industrial 215,40,40,875.2,875.2,2026-04-26,2026-04-26,completed
Item SKU Industrial 377,3,3,773.55,773.55,2025-06-14,2025-06-14,completed
Item SKU Industrial 225,1,1,9.15,9.15,2025-10-24,2025-10-24,completed
Item SKU Industrial 311,18,18,1482.84,1482.84,2024-08-23,2024-08-23,completed
Item SKU Industrial 3,33,33,242.55,242.55,2025-07-18,2025-07-18,completed
Item SKU Industrial 47,39,39,5443.62,5443.62,2025-07-24,2025-07-26,completed_late
Item SKU Industrial 156,7,7,905.73,1041.59,2026-02-08,2026-02-08,completed
Item SKU Industrial 426,50,50,4641.5,4641.5,2025-12-06,2025-12-06,completed
Item SKU Industrial 18,27,27,1177.2,1177.2,2025-06-08,2025-06-08,completed
Item SKU Industrial 37,3,3,654.63,654.63,2026-05-08,2026-05-08,completed
Item SKU Industrial 253,22,22,2552.88,2552.88,2025-06-29,2025-06-29,completed
Item SKU Industrial 403,14,14,1594.32,1594.32,2025-11-16,2025-11-16,completed
Item SKU Industrial 145,14,14,285.04,285.04,2025-11-24,2025-11-26,completed_late
Item SKU Industrial 381,33,33,3819.42,3819.42,2026-05-11,2026-05-19,completed_late
Item SKU Industrial 458,50,50,793.5,793.5,2026-01-02,2026-01-02,completed
Item SKU Industrial 453,16,16,646.88,646.88,2025-12-27,2025-12-27,completed
Item SKU Industrial 281,47,47,697.48,697.48,2026-01-11,2026-01-11,completed
Item SKU Industrial 358,16,16,1502.4,1727.76,2026-05-14,2026-05-14,completed
Item SKU Industrial 26,7,7,85.96,85.96,2024-03-01,2024-03-01,completed
Item SKU Industrial 393,18,18,3028.86,3028.86,2026-05-17,2026-05-19,completed_late
Item SKU Industrial 40,17,17,1558.22,1558.22,2025-12-18,2025-12-18,completed
Item SKU Industrial 424,41,41,3971.67,3971.67,2024-11-07,2024-11-07,completed
Item SKU Industrial 410,15,15,334.35,334.35,2024-09-05,2024-09-05,completed
Item SKU Industrial 222,5,5,451.7,451.7,2025-08-24,2025-08-24,completed
Item SKU Industrial 338,33,33,1984.95,1984.95,2024-04-21,2024-04-21,completed
Item SKU Industrial 301,28,28,8800.68,8800.68,2026-05-16,2026-05-16,completed
Item SKU Industrial 234,41,41,2727.73,2727.73,2025-04-18,2025-04-20,completed_late
Item SKU Industrial 108,18,18,952.92,952.92,2026-05-25,2026-05-25,completed
Item SKU Industrial 432,13,13,3173.56,3649.59,2026-05-02,2026-05-02,completed
Item SKU Industrial 401,44,44,918.28,918.28,2025-06-20,2025-06-20,completed
Item SKU Industrial 154,39,39,335.79,335.79,2025-12-20,2025-12-20,completed
Item SKU Industrial 59,15,15,226.2,226.2,2025-10-06,2025-10-06,completed
Item SKU Industrial 184,27,27,2990.52,2990.52,2025-12-27,2025-12-27,completed
Item SKU Industrial 46,53,53,7885.34,7885.34,2025-05-10,2025-05-12,completed_late
Item SKU Industrial 82,46,46,287.04,287.04,2026-05-22,2026-05-22,completed
Item SKU Industrial 18,14,14,610.4,610.4,2024-07-25,2024-07-25,completed
Item SKU Industrial 93,31,31,5567.91,5567.91,2024-07-29,2024-07-29,completed
Item SKU Industrial 272,52,52,4867.72,4867.72,2026-01-20,2026-01-20,completed
Item SKU Industrial 181,47,47,1979.17,1979.17,2025-11-14,2025-11-14,completed
Item SKU Industrial 374,16,16,2771.2,3186.88,2024-12-12,2024-12-12,completed
Item SKU Industrial 68,45,45,1743.75,1743.75,2025-07-14,2025-07-16,completed_late
Item SKU Industrial 375,41,41,4145.92,4145.92,2025-04-17,2025-04-17,completed
Item SKU Industrial 11,17,17,2727.65,2727.65,2025-11-27,2025-12-05,completed_late
Item SKU Industrial 370,37,37,936.84,936.84,2026-02-11,2026-02-11,completed
Item SKU Industrial 90,51,51,14508.99,14508.99,2025-09-04,2025-09-04,completed
Item SKU Industrial 251,18,18,788.58,788.58,2025-11-29,2025-11-29,completed
Item SKU Industrial 215,34,34,743.92,743.92,2025-07-03,2025-07-03,completed
Item SKU Industrial 393,8,8,1346.16,1346.16,2026-05-10,2026-05-12,completed_late
Item SKU Industrial 73,24,24,2896.56,2896.56,2025-09-05,2025-09-05,completed
Item SKU Industrial 398,9,9,175.05,175.05,2024-08-12,2024-08-12,completed
Item SKU Industrial 167,39,39,3765.45,4330.27,2025-04-20,2025-04-20,completed
Item SKU Industrial 106,12,12,1087.56,1087.56,2024-11-04,2024-11-04,completed
Item SKU Industrial 464,49,49,3944.5,3944.5,2024-09-23,2024-09-23,completed
Item SKU Industrial 42,24,24,759.12,759.12,2025-05-31,2025-05-31,completed
Item SKU Industrial 335,23,23,2525.17,2525.17,2025-03-26,2025-03-28,completed_late
Item SKU Industrial 41,12,12,681.96,681.96,2024-12-30,2024-12-30,completed
Item SKU Industrial 261,7,7,338.73,338.73,2024-06-01,2024-06-01,completed
Item SKU Industrial 396,1,1,16.97,16.97,2025-08-23,2025-08-23,completed
Item SKU Industrial 227,37,37,1221.37,1221.37,2024-10-06,2024-10-06,completed
Item SKU Industrial 205,34,34,1161.44,1161.44,2025-12-06,2025-12-06,completed
Item SKU Industrial 312,45,45,3361.05,3361.05,2025-07-21,2025-07-21,completed
Item SKU Industrial 24,13,13,1581.45,1818.67,2026-01-05,2026-01-07,completed_late
Item SKU Industrial 77,35,35,2476.95,2476.95,2025-02-10,2025-02-10,completed
Item SKU Industrial 46,52,52,7736.56,7736.56,2024-09-28,2024-09-28,completed
Item SKU Industrial 274,24,24,3240.72,3240.72,2025-08-04,2025-08-04,completed
Item SKU Industrial 232,53,53,1343.02,1343.02,2026-03-16,2026-03-16,completed
Item SKU Industrial 193,25,25,1137.75,1137.75,2026-03-06,2026-03-06,completed
Item SKU Industrial 475,1,1,84.64,84.64,2024-08-15,2024-08-15,completed
Item SKU Industrial 340,45,45,1751.4,1751.4,2024-04-14,2024-04-16,completed_late
Item SKU Industrial 377,13,13,3352.05,3352.05,2024-05-24,2024-05-24,completed
Item SKU Industrial 463,23,23,1048.8,1048.8,2026-05-22,2026-05-22,completed
Item SKU Industrial 363,1,1,152.56,152.56,2024-02-19,2024-02-27,completed_late
Item SKU Industrial 246,52,52,1151.28,1323.97,2025-07-24,2025-07-24,completed
Item SKU Industrial 454,4,4,506.24,506.24,2025-08-11,2025-08-11,completed
Item SKU Industrial 114,23,23,5625.34,5625.34,2024-10-15,2024-10-15,completed
Item SKU Industrial 423,53,53,3902.92,3902.92,2025-01-13,2025-01-15,completed_late
Item SKU Industrial 7,3,3,336.96,336.96,2025-02-12,2025-02-12,completed
Item SKU Industrial 170,31,31,2653.29,2653.29,2025-12-25,2025-12-25,completed
Item SKU Industrial 467,38,38,3271.42,3271.42,2025-01-12,2025-01-12,completed
Item SKU Industrial 95,26,26,7997.6,7997.6,2025-11-16,2025-11-16,completed
Item SKU Industrial 184,3,3,332.28,332.28,2024-12-20,2024-12-20,completed
Item SKU Industrial 365,12,12,470.4,470.4,2025-01-12,2025-01-12,completed
Item SKU Industrial 249,13,13,852.41,852.41,2026-03-27,2026-03-29,completed_late
Item SKU Industrial 379,38,38,1348.62,1550.91,2025-08-16,2025-08-16,completed
Item SKU Industrial 203,42,42,9634.8,9634.8,2024-11-03,2024-11-03,completed
Item SKU Industrial 293,50,50,1104.0,1104.0,2025-01-16,2025-01-16,completed
Item SKU Industrial 211,39,39,1158.3,1158.3,2025-02-25,2025-02-25,completed
Item SKU Industrial 20,36,36,1355.4,1355.4,2024-08-23,2024-08-23,completed
Item SKU Industrial 4,44,44,6773.8,6773.8,2026-01-21,2026-01-21,completed
Item SKU Industrial 144,24,24,9672.24,9672.24,2025-12-01,2025-12-03,completed_late
Item SKU Industrial 86,29,29,503.15,503.15,2024-02-09,2024-02-09,completed
Item SKU Industrial 241,34,34,8135.52,8135.52,2026-02-17,2026-02-17,completed
Item SKU Industrial 394,31,31,1123.44,1123.44,2026-01-10,2026-01-10,completed
Item SKU Industrial 66,13,13,162.63,162.63,2024-03-28,2024-03-28,completed
Item SKU Industrial 277,13,13,995.41,1144.72,2024-02-08,2024-02-08,completed
Item SKU Industrial 51,36,36,2657.52,2657.52,2026-01-25,2026-01-25,completed
Item SKU Industrial 210,20,20,1514.8,1514.8,2026-02-07,2026-02-09,completed_late
Item SKU Industrial 310,20,20,4051.6,4051.6,2025-05-26,2025-05-26,completed
Item SKU Industrial 167,7,7,675.85,675.85,2026-05-14,2026-05-14,completed
Item SKU Industrial 485,8,8,98.24,98.24,2026-04-23,2026-04-23,completed
Item SKU Industrial 126,8,8,803.2,803.2,2025-12-24,2026-01-01,completed_late
Item SKU Industrial 211,23,23,683.1,683.1,2024-12-13,2024-12-13,completed
Item SKU Industrial 337,51,51,4306.44,4306.44,2024-06-16,2024-06-16,completed
Item SKU Industrial 129,24,24,3942.96,3942.96,2025-07-31,2025-08-02,completed_late
Item SKU Industrial 367,33,33,1125.3,1125.3,2024-12-15,2024-12-15,completed
Item SKU Industrial 330,39,39,400.53,460.61,2024-08-29,2024-08-29,completed
Item SKU Industrial 445,30,30,961.8,961.8,2026-01-29,2026-01-29,completed
Item SKU Industrial 155,49,49,8781.29,8781.29,2024-04-15,2024-04-15,completed
Item SKU Industrial 469,46,46,11080.02,11080.02,2024-07-22,2024-07-22,completed
Item SKU Industrial 105,7,7,450.1,450.1,2025-12-22,2025-12-22,completed
Item SKU Industrial 259,36,36,2183.76,2183.76,2025-11-23,2025-11-25,completed_late
Item SKU Industrial 477,30,30,3629.1,3629.1,2025-08-28,2025-08-28,completed
Item SKU Industrial 214,5,5,82.1,82.1,2024-01-15,2024-01-15,completed
Item SKU Industrial 251,12,12,525.72,525.72,2026-02-07,2026-02-07,completed
Item SKU Industrial 394,9,9,326.16,326.16,2026-01-30,2026-01-30,completed
Item SKU Industrial 133,14,14,2201.78,2201.78,2025-03-20,2025-03-20,completed
Item SKU Industrial 86,25,25,433.75,498.81,2024-02-08,2024-02-08,completed
Item SKU Industrial 345,30,30,3624.0,3624.0,2025-12-19,2025-12-21,completed_late
Item SKU Industrial 398,28,28,544.6,544.6,2025-12-29,2025-12-29,completed
Item SKU Industrial 100,2,2,129.08,129.08,2025-05-17,2025-05-17,completed
Item SKU Industrial 143,52,52,7513.48,7513.48,2025-07-04,2025-07-04,completed
Item SKU Industrial 17,51,51,2077.74,2077.74,2025-06-07,2025-06-07,completed
Item SKU Industrial 121,11,11,439.34,439.34,2025-09-22,2025-09-22,completed
Item SKU Industrial 325,29,29,1839.76,1839.76,2024-12-16,2024-12-16,completed
Item SKU Industrial 469,30,30,7226.1,7226.1,2025-11-22,2025-11-24,completed_late
Item SKU Industrial 215,47,47,1028.36,1028.36,2026-05-02,2026-05-02,completed
Item SKU Industrial 342,23,23,3644.58,3644.58,2026-01-01,2026-01-01,completed
Item SKU Industrial 379,47,47,1668.03,1918.23,2026-03-15,2026-03-15,completed
Item SKU Industrial 399,29,29,1557.01,1557.01,2025-12-22,2025-12-22,completed
Item SKU Industrial 430,28,28,1664.04,1664.04,2025-10-02,2025-10-10,completed_late
Item SKU Industrial 180,4,4,772.4,772.4,2026-05-08,2026-05-08,completed
Item SKU Industrial 315,2,2,42.08,42.08,2024-08-31,2024-09-02,completed_late
Item SKU Industrial 381,6,6,694.44,694.44,2025-06-13,2025-06-13,completed
Item SKU Industrial 426,47,47,4363.01,4363.01,2026-02-02,2026-02-02,completed
Item SKU Industrial 58,19,19,1668.58,1668.58,2025-07-09,2025-07-09,completed
Item SKU Industrial 404,24,24,2547.6,2547.6,2026-05-09,2026-05-09,completed
Item SKU Industrial 312,23,23,1717.87,1717.87,2024-06-09,2024-06-09,completed
Item SKU Industrial 69,8,8,288.72,288.72,2024-12-22,2024-12-22,completed
Item SKU Industrial 264,39,39,1233.96,1419.05,2025-06-02,2025-06-04,completed_late
Item SKU Industrial 217,52,52,4368.0,4368.0,2025-02-10,2025-02-10,completed
Item SKU Industrial 244,19,19,2702.56,2702.56,2025-04-27,2025-04-27,completed
Item SKU Industrial 227,19,19,627.19,627.19,2026-04-19,2026-04-19,completed
Item SKU Industrial 188,22,22,319.22,319.22,2024-09-08,2024-09-08,completed
Item SKU Industrial 45,8,8,1009.28,1009.28,2024-04-01,2024-04-01,completed
Item SKU Industrial 357,45,45,7675.2,7675.2,2025-07-09,2025-07-09,completed
Item SKU Industrial 325,35,35,2220.4,2220.4,2026-03-21,2026-03-23,completed_late
Item SKU Industrial 307,39,39,1024.53,1024.53,2025-03-22,2025-03-22,completed
Item SKU Industrial 439,3,3,555.69,555.69,2024-07-17,2024-07-17,completed
Item SKU Industrial 195,42,42,1975.68,1975.68,2024-07-20,2024-07-20,completed
Item SKU Industrial 378,35,35,3342.85,3844.28,2025-06-22,2025-06-22,completed
Item SKU Industrial 205,30,30,1024.8,1024.8,2025-03-21,2025-03-21,completed
Item SKU Industrial 237,20,20,2803.2,2803.2,2024-06-01,2024-06-01,completed
Item SKU Industrial 221,19,19,1171.73,1171.73,2025-04-18,2025-04-20,completed_late
Item SKU Industrial 150,17,17,2200.48,2200.48,2026-05-04,2026-05-04,completed
Item SKU Industrial 58,18,18,1580.76,1580.76,2026-02-07,2026-02-07,completed
Item SKU Industrial 195,48,48,2257.92,2257.92,2024-03-09,2024-03-09,completed
Item SKU Industrial 490,48,48,2144.64,2144.64,2024-09-02,2024-09-02,completed
Item SKU Industrial 158,18,18,7275.78,7275.78,2024-12-23,2024-12-23,completed
Item SKU Industrial 191,46,46,4117.92,4117.92,2025-10-27,2025-11-04,completed_late
Item SKU Industrial 472,2,2,27.82,27.82,2025-11-16,2025-11-18,completed_late
Item SKU Industrial 43,13,13,577.85,664.53,2025-10-23,2025-10-23,completed
Item SKU Industrial 61,29,29,3176.08,3176.08,2025-03-13,2025-03-13,completed
Item SKU Industrial 163,2,2,57.46,57.46,2026-03-07,2026-03-07,completed
Item SKU Industrial 263,48,48,1421.76,1421.76,2025-11-16,2025-11-16,completed
Item SKU Industrial 67,29,29,8744.37,8744.37,2025-04-18,2025-04-18,completed
Item SKU Industrial 47,8,8,1116.64,1116.64,2025-05-16,2025-05-16,completed
Item SKU Industrial 496,47,47,1973.53,1973.53,2025-06-06,2025-06-08,completed_late
Item SKU Industrial 364,40,40,2325.6,2325.6,2025-06-29,2025-06-29,completed
Item SKU Industrial 220,5,5,893.05,893.05,2025-03-21,2025-03-21,completed
Item SKU Industrial 214,52,52,853.84,853.84,2026-03-17,2026-03-17,completed
Item SKU Industrial 497,33,33,952.38,952.38,2026-03-08,2026-03-08,completed
Item SKU Industrial 217,25,25,2100.0,2415.0,2024-03-22,2024-03-22,completed
Item SKU Industrial 23,41,41,1790.88,1790.88,2025-07-10,2025-07-10,completed
Item SKU Industrial 62,1,1,11.0,11.0,2026-04-27,2026-04-29,completed_late
Item SKU Industrial 408,53,53,1632.4,1632.4,2024-11-02,2024-11-02,completed
Item SKU Industrial 172,39,39,609.57,609.57,2026-02-08,2026-02-08,completed
Item SKU Industrial 15,37,37,4468.12,4468.12,2024-11-28,2024-11-28,completed
Item SKU Industrial 206,22,22,1458.38,1458.38,2026-03-21,2026-03-21,completed
Item SKU Industrial 205,44,44,1503.04,1503.04,2025-01-19,2025-01-19,completed
Item SKU Industrial 450,39,39,2758.08,2758.08,2025-07-12,2025-07-12,completed
Item SKU Industrial 193,13,13,591.63,591.63,2025-12-21,2025-12-23,completed_late
Item SKU Industrial 189,23,23,140.07,140.07,2024-12-14,2024-12-14,completed
Item SKU Industrial 340,19,19,739.48,850.4,2025-01-30,2025-01-30,completed
Item SKU Industrial 92,50,50,1599.5,1599.5,2024-05-27,2024-05-27,completed
Item SKU Industrial 101,24,24,9822.72,9822.72,2024-05-24,2024-05-24,completed
Item SKU Industrial 295,5,5,146.3,146.3,2025-11-15,2025-11-15,completed
Item SKU Industrial 412,46,46,3109.6,3109.6,2025-09-22,2025-09-22,completed
Item SKU Industrial 330,2,2,20.54,20.54,2025-05-29,2025-06-06,completed_late
Item SKU Industrial 167,11,11,1062.05,1062.05,2026-02-21,2026-02-21,completed
Item SKU Industrial 47,33,33,4606.14,4606.14,2025-05-11,2025-05-11,completed
Item SKU Industrial 152,39,39,1672.71,1672.71,2026-05-13,2026-05-13,completed
Item SKU Industrial 307,12,12,315.24,315.24,2026-05-23,2026-05-23,completed
Item SKU Industrial 351,35,35,4977.35,4977.35,2025-12-30,2025-12-30,completed
Item SKU Industrial 303,20,20,1068.0,1228.2,2025-04-24,2025-04-24,completed
Item SKU Industrial 345,45,45,5436.0,5436.0,2024-02-16,2024-02-18,completed_late
Item SKU Industrial 25,1,1,138.26,138.26,2024-02-12,2024-02-12,completed
Item SKU Industrial 3,53,53,389.55,389.55,2025-04-10,2025-04-10,completed
Item SKU Industrial 344,29,29,534.76,534.76,2024-04-28,2024-04-28,completed
Item SKU Industrial 46,3,3,446.34,446.34,2025-08-29,2025-08-29,completed
Item SKU Industrial 325,19,19,1205.36,1205.36,2024-10-18,2024-10-18,completed
Item SKU Industrial 105,51,51,3279.3,3279.3,2025-08-29,2025-08-29,completed
Item SKU Industrial 156,28,28,3622.92,3622.92,2024-11-26,2024-11-28,completed_late
Item SKU Industrial 213,28,28,546.0,546.0,2026-02-05,2026-02-05,completed
Item SKU Industrial 19,42,42,4850.16,4850.16,2026-02-19,2026-02-19,completed
Item SKU Industrial 256,51,51,6453.03,7420.98,2026-03-26,2026-03-26,completed
Item SKU Industrial 53,24,24,4430.4,4430.4,2025-02-20,2025-02-20,completed
Item SKU Industrial 233,38,38,1432.6,1432.6,2025-10-02,2025-10-02,completed
Item SKU Industrial 365,20,20,784.0,784.0,2025-01-26,2025-01-26,completed
Item SKU Industrial 342,17,17,2693.82,2693.82,2026-04-19,2026-04-21,completed_late
Item SKU Industrial 187,33,33,795.3,795.3,2024-11-09,2024-11-09,completed
Item SKU Industrial 64,4,4,464.12,464.12,2025-06-27,2025-06-27,completed
Item SKU Industrial 161,51,51,13319.67,13319.67,2024-07-14,2024-07-14,completed
Item SKU Industrial 125,9,9,3346.2,3346.2,2025-09-25,2025-09-25,completed
Item SKU Industrial 493,15,15,294.75,294.75,2025-03-21,2025-03-21,completed
Item SKU Industrial 362,13,13,707.72,707.72,2025-10-11,2025-10-11,completed
Item SKU Industrial 12,20,20,710.2,816.73,2026-04-04,2026-04-06,completed_late
Item SKU Industrial 419,1,1,97.37,97.37,2025-03-02,2025-03-10,completed_late
Item SKU Industrial 399,24,24,1288.56,1288.56,2025-09-22,2025-09-22,completed
Item SKU Industrial 192,9,9,460.17,460.17,2026-02-21,2026-02-21,completed
Item SKU Industrial 357,34,34,5799.04,5799.04,2025-09-22,2025-09-22,completed
Item SKU Industrial 404,48,48,5095.2,5095.2,2025-07-28,2025-07-28,completed
Item SKU Industrial 106,51,51,4622.13,4622.13,2025-11-07,2025-11-07,completed
Item SKU Industrial 128,27,27,879.66,879.66,2024-02-23,2024-02-25,completed_late
Item SKU Industrial 337,42,42,3546.48,3546.48,2025-11-13,2025-11-13,completed
Item SKU Industrial 18,36,36,1569.6,1569.6,2025-02-17,2025-02-17,completed
Item SKU Industrial 153,24,24,689.76,689.76,2024-02-29,2024-02-29,completed
Item SKU Industrial 428,25,25,2137.25,2457.84,2024-02-03,2024-02-03,completed
Item SKU Industrial 495,30,30,6164.4,6164.4,2025-01-04,2025-01-04,completed
Item SKU Industrial 392,25,25,2967.75,2967.75,2025-10-09,2025-10-09,completed
Item SKU Industrial 456,11,11,269.94,269.94,2024-01-25,2024-01-27,completed_late
Item SKU Industrial 58,14,14,1229.48,1229.48,2024-05-24,2024-05-24,completed
Item SKU Industrial 397,42,42,6184.92,6184.92,2026-04-04,2026-04-04,completed
Item SKU Industrial 66,35,35,437.85,437.85,2025-02-02,2025-02-02,completed
Item SKU Industrial 287,18,18,6556.32,6556.32,2026-05-15,2026-05-15,completed
Item SKU Industrial 324,4,4,80.04,80.04,2025-04-17,2025-04-17,completed
Item SKU Industrial 47,35,35,4885.3,4885.3,2024-02-12,2024-02-12,completed
Item SKU Industrial 39,15,15,1176.0,1176.0,2025-12-05,2025-12-07,completed_late
Item SKU Industrial 42,49,49,1549.87,1782.35,2024-05-12,2024-05-12,completed
Item SKU Industrial 276,18,18,264.6,264.6,2026-01-29,2026-01-29,completed
Item SKU Industrial 343,36,36,9944.28,9944.28,2024-01-19,2024-01-19,completed
Item SKU Industrial 500,13,13,90.61,90.61,2025-03-25,2025-03-25,completed
Item SKU Industrial 304,24,24,7479.12,7479.12,2025-03-17,2025-03-17,completed
Item SKU Industrial 59,34,34,512.72,512.72,2025-05-25,2025-05-25,completed
Item SKU Industrial 96,39,39,267.93,267.93,2024-08-14,2024-08-16,completed_late
Item SKU Industrial 215,13,13,284.44,284.44,2024-06-29,2024-06-29,completed
Item SKU Industrial 259,44,44,2669.04,2669.04,2024-08-17,2024-08-25,completed_late
Item SKU Industrial 241,37,37,8853.36,8853.36,2025-05-02,2025-05-02,completed
Item SKU Industrial 208,2,2,104.64,104.64,2024-02-16,2024-02-16,completed
Item SKU Industrial 102,15,15,199.05,228.91,2026-01-17,2026-01-17,completed
Item SKU Industrial 194,29,29,6390.15,6390.15,2024-02-01,2024-02-01,completed
Item SKU Industrial 387,31,31,986.42,986.42,2025-07-27,2025-07-29,completed_late
Item SKU Industrial 5,9,9,284.13,284.13,2025-04-17,2025-04-17,completed
Item SKU Industrial 54,26,26,891.28,891.28,2026-04-16,2026-04-16,completed
Item SKU Industrial 194,46,46,10136.1,10136.1,2026-01-22,2026-01-22,completed
Item SKU Industrial 117,42,42,3796.8,3796.8,2025-10-20,2025-10-20,completed
Item SKU Industrial 177,1,1,177.05,177.05,2025-03-10,2025-03-10,completed
Item SKU Industrial 58,19,19,1668.58,1668.58,2026-01-23,2026-01-23,completed
Item SKU Industrial 290,11,11,165.88,165.88,2026-05-21,2026-05-23,completed_late
Item SKU Industrial 346,25,25,4963.75,4963.75,2025-02-14,2025-02-14,completed
Item SKU Industrial 338,18,18,1082.7,1245.1,2024-08-19,2024-08-19,completed
Item SKU Industrial 274,8,8,1080.24,1080.24,2025-02-06,2025-02-06,completed
Item SKU Industrial 135,45,45,4957.2,4957.2,2026-01-16,2026-01-16,completed
Item SKU Industrial 38,48,48,13929.6,13929.6,2025-08-12,2025-08-12,completed
Item SKU Industrial 115,29,29,5630.06,5630.06,2025-10-01,2025-10-01,completed
Item SKU Industrial 379,24,24,851.76,851.76,2025-05-17,2025-05-19,completed_late
Item SKU Industrial 225,26,26,237.9,237.9,2025-01-03,2025-01-03,completed
Item SKU Industrial 39,26,26,2038.4,2038.4,2026-05-17,2026-05-17,completed
Item SKU Industrial 8,49,49,4521.23,4521.23,2024-10-27,2024-10-27,completed
Item SKU Industrial 422,15,15,3504.6,3504.6,2025-11-15,2025-11-15,completed
Item SKU Industrial 310,11,11,2228.38,2228.38,2025-04-11,2025-04-11,completed
Item SKU Industrial 383,14,14,1057.84,1216.52,2025-02-10,2025-02-10,completed
Item SKU Industrial 10,38,38,5092.76,5092.76,2025-02-22,2025-02-24,completed_late
Item SKU Industrial 55,33,33,457.05,457.05,2024-11-07,2024-11-07,completed
Item SKU Industrial 429,39,39,3003.78,3003.78,2024-09-15,2024-09-15,completed
Item SKU Industrial 255,7,7,174.3,174.3,2026-04-18,2026-04-26,completed_late
Item SKU Industrial 478,14,14,346.78,346.78,2025-01-03,2025-01-03,completed
Item SKU Industrial 20,36,36,1355.4,1355.4,2025-07-31,2025-07-31,completed
Item SKU Industrial 133,5,5,786.35,786.35,2026-02-26,2026-02-26,completed
Item SKU Industrial 384,34,34,7338.9,7338.9,2025-06-21,2025-06-23,completed_late
Item SKU Industrial 304,45,45,14023.35,14023.35,2025-11-06,2025-11-06,completed
Item SKU Industrial 385,22,22,3057.56,3057.56,2025-01-17,2025-01-17,completed
Item SKU Industrial 478,3,3,74.31,85.46,2024-11-08,2024-11-08,completed
Item SKU Industrial 451,23,23,4364.71,4364.71,2026-02-18,2026-02-18,completed
Item SKU Industrial 78,9,9,409.86,409.86,2024-11-15,2024-11-15,completed
Item SKU Industrial 207,40,40,14340.8,14340.8,2025-12-31,2025-12-31,completed
Item SKU Industrial 64,53,53,6149.59,6149.59,2024-12-22,2024-12-24,completed_late
Item SKU Industrial 330,38,38,390.26,390.26,2024-01-14,2024-01-14,completed
Item SKU Industrial 459,9,9,163.62,163.62,2024-08-11,2024-08-11,completed
Item SKU Industrial 76,39,39,4532.19,4532.19,2025-12-13,2025-12-13,completed
Item SKU Industrial 45,47,47,5929.52,5929.52,2026-01-11,2026-01-11,completed
Item SKU Industrial 37,34,34,7419.14,7419.14,2025-07-06,2025-07-06,completed
Item SKU Industrial 337,53,53,4475.32,4475.32,2025-08-11,2025-08-11,completed
Item SKU Industrial 270,48,48,829.92,954.41,2024-03-25,2024-03-27,completed_late
Item SKU Industrial 220,36,36,6429.96,6429.96,2024-05-24,2024-05-24,completed
Item SKU Industrial 156,41,41,5304.99,5304.99,2024-12-08,2024-12-08,completed
Item SKU Industrial 104,53,53,17081.37,17081.37,2026-05-24,2026-05-24,completed
Item SKU Industrial 252,9,9,570.33,570.33,2026-04-20,2026-04-20,completed
Item SKU Industrial 170,48,48,4108.32,4108.32,2025-08-22,2025-08-22,completed
Item SKU Industrial 189,17,17,103.53,103.53,2025-11-08,2025-11-08,completed
Item SKU Industrial 433,51,51,9669.09,9669.09,2025-10-05,2025-10-07,completed_late
Item SKU Industrial 424,4,4,387.48,387.48,2024-11-09,2024-11-09,completed
Item SKU Industrial 18,3,3,130.8,130.8,2025-05-26,2025-05-26,completed
Item SKU Industrial 31,12,12,2051.76,2051.76,2025-03-31,2025-03-31,completed
Item SKU Industrial 383,28,28,2115.68,2433.03,2024-08-16,2024-08-24,completed_late
Item SKU Industrial 389,23,23,2334.73,2334.73,2025-06-20,2025-06-20,completed
Item SKU Industrial 94,4,4,109.28,109.28,2024-10-19,2024-10-19,completed
Item SKU Industrial 149,1,1,160.08,160.08,2025-04-19,2025-04-21,completed_late
Item SKU Industrial 228,48,48,1071.84,1071.84,2026-01-28,2026-01-28,completed
Item SKU Industrial 446,34,34,3910.0,3910.0,2024-11-15,2024-11-15,completed
Item SKU Industrial 499,36,36,1758.24,1758.24,2025-04-17,2025-04-17,completed
Item SKU Industrial 151,18,18,1221.84,1221.84,2026-03-23,2026-03-23,completed
Item SKU Industrial 132,38,38,7645.22,7645.22,2025-11-17,2025-11-17,completed
Item SKU Industrial 201,15,15,3569.85,3569.85,2025-03-16,2025-03-16,completed
Item SKU Industrial 444,29,29,331.76,331.76,2026-05-08,2026-05-10,completed_late
Item SKU Industrial 68,27,27,1046.25,1203.19,2026-02-23,2026-02-23,completed
Item SKU Industrial 338,13,13,781.95,781.95,2025-10-04,2025-10-04,completed
Item SKU Industrial 288,14,14,989.66,989.66,2024-01-06,2024-01-06,completed
Item SKU Industrial 92,22,22,703.78,703.78,2026-02-09,2026-02-09,completed
Item SKU Industrial 379,51,51,1809.99,1809.99,2026-04-01,2026-04-01,completed
Item SKU Industrial 363,31,31,4729.36,4729.36,2025-09-08,2025-09-08,completed
Item SKU Industrial 33,14,14,99.96,99.96,2025-09-05,2025-09-07,completed_late
Item SKU Industrial 200,45,45,7823.25,7823.25,2024-04-27,2024-04-27,completed
Item SKU Industrial 237,8,8,1121.28,1121.28,2024-03-04,2024-03-04,completed
Item SKU Industrial 386,50,50,956.0,956.0,2025-12-27,2025-12-27,completed
Item SKU Industrial 420,44,44,316.36,316.36,2025-12-12,2025-12-12,completed
Item SKU Industrial 251,49,49,2146.69,2468.69,2024-08-22,2024-08-22,completed
Item SKU Industrial 420,7,7,50.33,50.33,2024-05-06,2024-05-06,completed
Item SKU Industrial 120,29,29,1537.58,1537.58,2026-01-27,2026-01-29,completed_late
Item SKU Industrial 62,52,52,572.0,572.0,2026-01-01,2026-01-01,completed
Item SKU Industrial 369,16,16,826.88,826.88,2024-11-16,2024-11-16,completed
Item SKU Industrial 493,17,17,334.05,334.05,2025-04-03,2025-04-03,completed
Item SKU Industrial 72,18,18,6537.6,6537.6,2024-12-20,2024-12-20,completed
Item SKU Industrial 34,15,15,2499.9,2499.9,2026-03-30,2026-04-07,completed_late
Item SKU Industrial 89,23,23,1796.99,1796.99,2024-09-02,2024-09-02,completed
Item SKU Industrial 104,23,23,7412.67,7412.67,2025-09-14,2025-09-16,completed_late
Item SKU Industrial 197,49,49,7493.57,7493.57,2025-01-16,2025-01-16,completed
Item SKU Industrial 464,47,47,3783.5,4351.02,2024-08-17,2024-08-17,completed
Item SKU Industrial 486,28,28,3712.8,3712.8,2025-09-22,2025-09-22,completed
Item SKU Industrial 439,48,48,8891.04,8891.04,2026-01-17,2026-01-17,completed
Item SKU Industrial 462,17,17,3132.42,3132.42,2025-08-07,2025-08-07,completed
Item SKU Industrial 392,28,28,3323.88,3323.88,2024-09-26,2024-09-26,completed
Item SKU Industrial 419,9,9,876.33,876.33,2025-06-30,2025-07-02,completed_late
Item SKU Industrial 219,15,15,579.9,579.9,2024-10-11,2024-10-11,completed
Item SKU Industrial 477,37,37,4475.89,4475.89,2026-01-12,2026-01-12,completed
Item SKU Industrial 392,27,27,3205.17,3205.17,2026-04-23,2026-04-23,completed
Item SKU Industrial 39,48,48,3763.2,3763.2,2026-03-07,2026-03-07,completed
Item SKU Industrial 177,6,6,1062.3,1062.3,2025-07-04,2025-07-04,completed
Item SKU Industrial 386,9,9,172.08,197.89,2024-10-27,2024-10-27,completed
Item SKU Industrial 421,51,51,10339.74,10339.74,2025-08-15,2025-08-17,completed_late
Item SKU Industrial 422,28,28,6541.92,6541.92,2026-01-11,2026-01-11,completed
Item SKU Industrial 425,31,31,6970.66,6970.66,2024-07-18,2024-07-18,completed
Item SKU Industrial 339,18,18,855.18,855.18,2024-11-28,2024-11-28,completed
Item SKU Industrial 248,35,35,1556.45,1556.45,2025-11-21,2025-11-21,completed
Item SKU Industrial 48,33,33,439.56,439.56,2025-04-28,2025-04-28,completed
Item SKU Industrial 446,48,48,5520.0,5520.0,2024-08-08,2024-08-08,completed
Item SKU Industrial 234,38,38,2528.14,2528.14,2025-09-22,2025-09-24,completed_late
Item SKU Industrial 283,31,31,1288.05,1288.05,2026-03-20,2026-03-20,completed
Item SKU Industrial 405,8,8,720.72,720.72,2025-06-15,2025-06-15,completed
Item SKU Industrial 468,7,7,136.29,156.73,2024-03-15,2024-03-15,completed
Item SKU Industrial 346,52,52,10324.6,10324.6,2026-05-25,2026-05-25,completed
Item SKU Industrial 201,15,15,3569.85,3569.85,2024-09-30,2024-09-30,completed
Item SKU Industrial 472,50,50,695.5,695.5,2025-04-26,2025-05-04,completed_late
Item SKU Industrial 448,9,9,333.54,333.54,2025-11-29,2025-12-01,completed_late
Item SKU Industrial 30,49,49,2146.2,2146.2,2025-04-19,2025-04-19,completed
Item SKU Industrial 90,36,36,10241.64,10241.64,2024-03-28,2024-03-28,completed
Item SKU Industrial 20,38,38,1430.7,1430.7,2024-10-21,2024-10-21,completed
Item SKU Industrial 358,40,40,3756.0,3756.0,2024-03-10,2024-03-10,completed
Item SKU Industrial 102,1,1,13.27,13.27,2025-11-06,2025-11-06,completed
Item SKU Industrial 328,20,20,851.4,851.4,2024-12-21,2024-12-21,completed
Item SKU Industrial 277,38,38,2909.66,3346.11,2025-03-15,2025-03-17,completed_late
Item SKU Industrial 129,33,33,5421.57,5421.57,2026-05-11,2026-05-11,completed
Item SKU Industrial 300,8,8,357.84,357.84,2025-01-09,2025-01-09,completed
Item SKU Industrial 294,23,23,545.79,545.79,2026-01-09,2026-01-09,completed
Item SKU Industrial 42,9,9,284.67,284.67,2025-09-22,2025-09-22,completed
Item SKU Industrial 39,9,9,705.6,705.6,2024-05-20,2024-05-20,completed
Item SKU Industrial 382,8,8,622.4,622.4,2025-01-05,2025-01-05,completed
Item SKU Industrial 426,42,42,3898.86,3898.86,2026-01-01,2026-01-03,completed_late
Item SKU Industrial 30,23,23,1007.4,1007.4,2025-09-12,2025-09-12,completed
Item SKU Industrial 412,5,5,338.0,338.0,2026-03-15,2026-03-15,completed
Item SKU Industrial 393,16,16,2692.32,2692.32,2024-10-28,2024-10-28,completed
Item SKU Industrial 345,46,46,5556.8,6390.32,2024-09-18,2024-09-18,completed
Item SKU Industrial 412,42,42,2839.2,2839.2,2025-05-26,2025-05-26,completed
Item SKU Industrial 457,46,46,2474.34,2474.34,2024-10-27,2024-10-27,completed
Item SKU Industrial 391,8,8,566.24,566.24,2025-10-12,2025-10-14,completed_late
Item SKU Industrial 274,6,6,810.18,810.18,2026-02-22,2026-02-22,completed
Item SKU Industrial 103,18,18,1172.88,1172.88,2025-04-10,2025-04-10,completed
Item SKU Industrial 74,27,27,1017.36,1017.36,2024-02-29,2024-02-29,completed
Item SKU Industrial 169,35,35,3103.8,3103.8,2026-05-09,2026-05-09,completed
Item SKU Industrial 64,39,39,4525.17,4525.17,2025-02-15,2025-02-15,completed
Item SKU Industrial 128,4,4,130.32,130.32,2026-01-19,2026-01-19,completed
Item SKU Industrial 386,47,47,898.64,898.64,2025-06-06,2025-06-14,completed_late
Item SKU Industrial 493,35,35,687.75,790.91,2026-05-17,2026-05-17,completed
Item SKU Industrial 92,40,40,1279.6,1279.6,2025-12-25,2025-12-25,completed
Item SKU Industrial 284,1,1,77.46,77.46,2024-01-26,2024-01-26,completed
Item SKU Industrial 20,8,8,301.2,301.2,2024-06-25,2024-06-25,completed
Item SKU Industrial 318,12,12,805.92,805.92,2026-04-11,2026-04-11,completed
Item SKU Industrial 172,27,27,422.01,422.01,2026-01-23,2026-01-23,completed
Item SKU Industrial 82,18,18,112.32,112.32,2024-11-30,2024-12-02,completed_late
Item SKU Industrial 318,27,27,1813.32,1813.32,2024-12-08,2024-12-08,completed
Item SKU Industrial 285,34,34,2853.28,2853.28,2024-10-26,2024-10-26,completed
Item SKU Industrial 103,42,42,2736.72,2736.72,2025-10-24,2025-10-24,completed
Item SKU Industrial 82,48,48,299.52,299.52,2024-08-10,2024-08-10,completed
Item SKU Industrial 296,15,15,301.95,347.24,2025-02-07,2025-02-07,completed
Item SKU Industrial 386,37,37,707.44,707.44,2025-02-08,2025-02-08,completed
Item SKU Industrial 262,14,14,839.58,839.58,2025-04-28,2025-04-30,completed_late
Item SKU Industrial 133,19,19,2988.13,2988.13,2024-12-09,2024-12-09,completed
Item SKU Industrial 257,44,44,8904.72,8904.72,2025-06-23,2025-06-23,completed
Item SKU Industrial 455,35,35,2014.25,2014.25,2025-12-01,2025-12-01,completed
Item SKU Industrial 308,18,18,366.84,366.84,2024-04-29,2024-04-29,completed
Item SKU Industrial 487,25,25,1474.0,1474.0,2024-06-27,2024-06-27,completed
Item SKU Industrial 2,4,4,555.8,555.8,2026-01-20,2026-01-20,completed
Item SKU Industrial 344,46,46,848.24,848.24,2025-07-27,2025-07-29,completed_late
Item SKU Industrial 429,12,12,924.24,924.24,2026-04-20,2026-04-20,completed
Item SKU Industrial 117,34,34,3073.6,3534.64,2024-11-04,2024-11-04,completed
Item SKU Industrial 52,22,22,1299.98,1299.98,2025-08-03,2025-08-03,completed
Item SKU Industrial 399,38,38,2040.22,2040.22,2024-12-21,2024-12-21,completed
Item SKU Industrial 226,40,40,794.4,794.4,2026-01-24,2026-01-24,completed
Item SKU Industrial 1,48,48,2099.52,2099.52,2026-04-26,2026-04-26,completed
Item SKU Industrial 156,22,22,2846.58,2846.58,2025-02-28,2025-03-02,completed_late
Item SKU Industrial 60,7,7,88.55,88.55,2025-10-20,2025-10-28,completed_late
Item SKU Industrial 352,15,15,264.6,264.6,2025-11-15,2025-11-15,completed
Item SKU Industrial 328,45,45,1915.65,1915.65,2024-12-09,2024-12-09,completed
Item SKU Industrial 29,42,42,5891.76,5891.76,2025-10-26,2025-10-26,completed
Item SKU Industrial 466,40,40,237.6,237.6,2024-01-07,2024-01-07,completed
Item SKU Industrial 108,1,1,52.94,60.88,2024-08-19,2024-08-19,completed
Item SKU Industrial 100,37,37,2387.98,2387.98,2024-02-14,2024-02-16,completed_late
Item SKU Industrial 241,25,25,5982.0,5982.0,2026-02-07,2026-02-07,completed
Item SKU Industrial 451,47,47,8919.19,8919.19,2025-07-03,2025-07-03,completed
Item SKU Industrial 335,26,26,2854.54,2854.54,2025-06-06,2025-06-06,completed
Item SKU Industrial 382,44,44,3423.2,3423.2,2024-05-05,2024-05-05,completed
Item SKU Industrial 80,41,41,550.22,550.22,2026-04-04,2026-04-04,completed
Item SKU Industrial 357,53,53,9039.68,9039.68,2024-02-12,2024-02-12,completed
Item SKU Industrial 409,47,47,2023.82,2023.82,2026-02-07,2026-02-09,completed_late
Item SKU Industrial 210,50,50,3787.0,3787.0,2025-09-28,2025-09-28,completed
Item SKU Industrial 78,11,11,500.94,500.94,2026-04-26,2026-04-26,completed
Item SKU Industrial 72,4,4,1452.8,1670.72,2024-03-04,2024-03-04,completed
Item SKU Industrial 4,42,42,6465.9,6465.9,2024-12-10,2024-12-10,completed
Item SKU Industrial 457,33,33,1775.07,1775.07,2026-05-11,2026-05-11,completed
Item SKU Industrial 295,16,16,468.16,468.16,2024-05-30,2024-05-30,completed
Item SKU Industrial 264,33,33,1044.12,1044.12,2025-04-10,2025-04-12,completed_late
Item SKU Industrial 14,29,29,3033.69,3033.69,2026-04-23,2026-04-23,completed
Item SKU Industrial 47,46,46,6420.68,6420.68,2025-04-22,2025-04-22,completed
Item SKU Industrial 244,38,38,5405.12,5405.12,2026-02-02,2026-02-02,completed
Item SKU Industrial 483,17,17,857.65,857.65,2026-03-09,2026-03-09,completed
Item SKU Industrial 487,20,20,1179.2,1179.2,2025-12-03,2025-12-03,completed
Item SKU Industrial 70,36,36,5463.0,5463.0,2024-08-04,2024-08-04,completed
Item SKU Industrial 78,26,26,1184.04,1361.65,2025-04-21,2025-04-23,completed_late
Item SKU Industrial 369,52,52,2687.36,2687.36,2025-08-24,2025-08-24,completed
Item SKU Industrial 447,1,1,6.1,6.1,2026-01-01,2026-01-09,completed_late
Item SKU Industrial 76,4,4,464.84,464.84,2026-04-06,2026-04-06,completed
Item SKU Industrial 262,41,41,2458.77,2458.77,2025-04-28,2025-04-28,completed
Item SKU Industrial 62,17,17,187.0,187.0,2026-02-05,2026-02-05,completed
Item SKU Industrial 50,45,45,476.55,476.55,2024-08-27,2024-08-27,completed
Item SKU Industrial 240,15,15,3039.75,3039.75,2024-10-18,2024-10-20,completed_late
Item SKU Industrial 35,25,25,355.75,355.75,2026-04-26,2026-04-26,completed
Item SKU Industrial 338,19,19,1142.85,1142.85,2025-08-07,2025-08-07,completed
Item SKU Industrial 69,20,20,721.8,721.8,2024-11-08,2024-11-08,completed
Item SKU Industrial 65,45,45,638.55,734.33,2025-06-17,2025-06-17,completed
Item SKU Industrial 466,12,12,71.28,71.28,2025-11-06,2025-11-06,completed
Item SKU Industrial 214,52,52,853.84,853.84,2024-12-01,2024-12-01,completed
Item SKU Industrial 266,48,48,397.92,397.92,2026-04-30,2026-05-02,completed_late
Item SKU Industrial 308,13,13,264.94,264.94,2025-01-08,2025-01-08,completed
Item SKU Industrial 4,12,12,1847.4,1847.4,2024-07-05,2024-07-05,completed
Item SKU Industrial 496,28,28,1175.72,1175.72,2026-01-02,2026-01-02,completed
Item SKU Industrial 440,49,49,8805.79,8805.79,2024-05-30,2024-05-30,completed
Item SKU Industrial 401,47,47,980.89,980.89,2025-05-23,2025-05-23,completed
Item SKU Industrial 333,33,33,4422.66,4422.66,2026-03-16,2026-03-16,completed
Item SKU Industrial 240,38,38,7700.7,7700.7,2026-02-17,2026-02-19,completed_late
Item SKU Industrial 216,28,28,567.84,653.02,2025-05-04,2025-05-04,completed
Item SKU Industrial 430,8,8,475.44,475.44,2025-07-13,2025-07-13,completed
Item SKU Industrial 466,28,28,166.32,166.32,2025-07-27,2025-07-27,completed
Item SKU Industrial 366,7,7,384.16,384.16,2025-11-13,2025-11-13,completed
Item SKU Industrial 66,17,17,212.67,212.67,2025-11-13,2025-11-13,completed
Item SKU Industrial 433,4,4,758.36,758.36,2024-11-01,2024-11-01,completed
Item SKU Industrial 411,20,20,4381.4,4381.4,2024-07-19,2024-07-21,completed_late
Item SKU Industrial 317,31,31,1417.94,1417.94,2025-10-25,2025-10-25,completed
Item SKU Industrial 82,31,31,193.44,193.44,2025-06-30,2025-06-30,completed
Item SKU Industrial 99,44,44,7867.64,7867.64,2025-12-27,2026-01-04,completed_late
Item SKU Industrial 372,20,20,900.8,900.8,2024-04-04,2024-04-04,completed
Item SKU Industrial 186,46,46,5722.4,6580.76,2024-05-19,2024-05-19,completed
Item SKU Industrial 8,27,27,2491.29,2491.29,2025-06-12,2025-06-12,completed
Item SKU Industrial 122,52,52,4571.84,4571.84,2025-02-01,2025-02-03,completed_late
Item SKU Industrial 497,47,47,1356.42,1356.42,2025-07-19,2025-07-19,completed
Item SKU Industrial 303,13,13,694.2,694.2,2025-02-13,2025-02-13,completed
Item SKU Industrial 475,44,44,3724.16,3724.16,2025-11-20,2025-11-20,completed
Item SKU Industrial 185,35,35,3164.35,3164.35,2025-11-28,2025-11-28,completed
Item SKU Industrial 319,1,1,25.89,25.89,2026-02-12,2026-02-12,completed
Item SKU Industrial 12,27,27,958.77,958.77,2025-03-20,2025-03-20,completed
Item SKU Industrial 357,44,44,7504.64,7504.64,2024-02-25,2024-02-27,completed_late
Item SKU Industrial 158,51,51,20614.71,20614.71,2024-01-21,2024-01-21,completed
Item SKU Industrial 39,5,5,392.0,450.8,2025-09-05,2025-09-05,completed
Item SKU Industrial 427,27,27,592.11,592.11,2025-08-20,2025-08-20,completed
Item SKU Industrial 122,6,6,527.52,527.52,2026-03-01,2026-03-01,completed
Item SKU Industrial 284,16,16,1239.36,1239.36,2025-10-20,2025-10-20,completed
Item SKU Industrial 108,23,23,1217.62,1217.62,2024-11-29,2024-11-29,completed
Item SKU Industrial 257,23,23,4654.74,4654.74,2026-02-09,2026-02-11,completed_late
Item SKU Industrial 495,30,30,6164.4,6164.4,2026-05-25,2026-05-25,completed
Item SKU Industrial 398,46,46,894.7,894.7,2026-01-17,2026-01-17,completed
Item SKU Industrial 57,30,30,4016.1,4016.1,2025-05-02,2025-05-02,completed
Item SKU Industrial 133,13,13,2044.51,2044.51,2024-09-02,2024-09-02,completed
Item SKU Industrial 396,22,22,373.34,373.34,2025-08-28,2025-08-28,completed
Item SKU Industrial 379,46,46,1632.54,1877.42,2024-06-21,2024-06-21,completed
Item SKU Industrial 485,9,9,110.52,110.52,2026-05-03,2026-05-05,completed_late
Item SKU Industrial 400,14,14,1684.2,1684.2,2025-11-22,2025-11-22,completed
Item SKU Industrial 431,23,23,2970.91,2970.91,2026-02-12,2026-02-12,completed
Item SKU Industrial 37,18,18,3927.78,3927.78,2025-06-28,2025-06-28,completed
Item SKU Industrial 359,11,11,688.05,688.05,2024-02-04,2024-02-12,completed_late
Item SKU Industrial 373,50,50,3360.0,3360.0,2026-01-14,2026-01-14,completed
Item SKU Industrial 262,42,42,2518.74,2518.74,2026-04-14,2026-04-14,completed
Item SKU Industrial 237,37,37,5185.92,5185.92,2024-04-26,2024-04-28,completed_late
Item SKU Industrial 407,41,41,2913.87,2913.87,2024-03-24,2024-03-24,completed
Item SKU Industrial 172,48,48,750.24,750.24,2025-09-13,2025-09-13,completed
Item SKU Industrial 488,9,9,533.43,613.44,2026-03-14,2026-03-14,completed
Item SKU Industrial 16,35,35,13991.25,13991.25,2024-07-14,2024-07-14,completed
Item SKU Industrial 177,11,11,1947.55,1947.55,2024-02-16,2024-02-16,completed
Item SKU Industrial 211,15,15,445.5,445.5,2026-01-01,2026-01-01,completed
Item SKU Industrial 370,8,8,202.56,202.56,2025-02-08,2025-02-10,completed_late
Item SKU Industrial 67,35,35,10553.55,10553.55,2025-01-18,2025-01-18,completed
Item SKU Industrial 358,42,42,3943.8,3943.8,2025-07-02,2025-07-02,completed
Item SKU Industrial 217,14,14,1176.0,1176.0,2026-02-28,2026-02-28,completed
Item SKU Industrial 241,23,23,5503.44,5503.44,2024-11-29,2024-11-29,completed
Item SKU Industrial 43,33,33,1466.85,1466.85,2025-09-13,2025-09-13,completed
Item SKU Industrial 59,38,38,573.04,573.04,2025-06-15,2025-06-15,completed
Item SKU Industrial 130,19,19,1873.59,2154.63,2025-12-06,2025-12-08,completed_late
Item SKU Industrial 420,52,52,373.88,373.88,2025-11-01,2025-11-01,completed
Item SKU Industrial 351,38,38,5403.98,5403.98,2025-03-04,2025-03-04,completed
Item SKU Industrial 460,8,8,550.64,550.64,2025-11-27,2025-11-27,completed
Item SKU Industrial 47,1,1,139.58,139.58,2024-11-13,2024-11-13,completed
Item SKU Industrial 245,20,20,2165.6,2165.6,2025-08-10,2025-08-10,completed
Item SKU Industrial 230,23,23,362.94,362.94,2026-01-01,2026-01-01,completed
Item SKU Industrial 65,3,3,42.57,42.57,2025-01-06,2025-01-08,completed_late
Item SKU Industrial 271,20,20,3623.0,3623.0,2024-02-24,2024-02-24,completed
Item SKU Industrial 140,17,17,151.47,151.47,2025-12-25,2025-12-25,completed
Item SKU Industrial 436,47,47,14897.12,14897.12,2024-11-28,2024-11-28,completed
Item SKU Industrial 119,26,26,622.7,716.1,2026-03-05,2026-03-05,completed
Item SKU Industrial 497,23,23,663.78,663.78,2025-03-14,2025-03-22,completed_late
Item SKU Industrial 375,9,9,910.08,910.08,2025-01-09,2025-01-09,completed
Item SKU Industrial 276,51,51,749.7,749.7,2024-06-21,2024-06-23,completed_late
Item SKU Industrial 238,35,35,3547.25,3547.25,2025-08-17,2025-08-17,completed
Item SKU Industrial 248,27,27,1200.69,1200.69,2025-12-27,2025-12-27,completed
Item SKU Industrial 436,45,45,14263.2,14263.2,2025-11-22,2025-11-22,completed
Item SKU Industrial 332,13,13,507.13,507.13,2025-07-14,2025-07-14,completed
Item SKU Industrial 310,27,27,5469.66,5469.66,2025-06-16,2025-06-16,completed
Item SKU Industrial 335,3,3,329.37,329.37,2026-03-30,2026-03-30,completed
Item SKU Industrial 23,48,48,2096.64,2096.64,2025-12-12,2025-12-14,completed_late
Item SKU Industrial 422,51,51,11915.64,13702.99,2024-06-09,2024-06-09,completed
Item SKU Industrial 314,37,37,4135.49,4135.49,2025-01-27,2025-01-27,completed
Item SKU Industrial 256,2,2,253.06,253.06,2026-04-10,2026-04-10,completed
Item SKU Industrial 79,45,45,10158.75,10158.75,2025-09-06,2025-09-06,completed
Item SKU Industrial 288,26,26,1837.94,1837.94,2024-11-30,2024-11-30,completed
Item SKU Industrial 166,16,16,3886.72,3886.72,2024-09-02,2024-09-02,completed
Item SKU Industrial 182,6,6,94.14,94.14,2025-04-20,2025-04-22,completed_late
Item SKU Industrial 202,29,29,473.28,473.28,2025-04-17,2025-04-17,completed
Item SKU Industrial 195,47,47,2210.88,2210.88,2025-09-20,2025-09-20,completed
Item SKU Industrial 269,52,52,1691.56,1691.56,2025-07-27,2025-07-27,completed
Item SKU Industrial 419,9,9,876.33,876.33,2026-03-03,2026-03-03,completed
Item SKU Industrial 496,9,9,377.91,434.6,2025-04-21,2025-04-21,completed
Item SKU Industrial 430,6,6,356.58,356.58,2025-05-18,2025-05-18,completed
Item SKU Industrial 104,6,6,1933.74,1933.74,2025-09-16,2025-09-18,completed_late
Item SKU Industrial 231,9,9,418.41,418.41,2024-06-30,2024-06-30,completed
Item SKU Industrial 234,40,40,2661.2,2661.2,2025-04-05,2025-04-05,completed
Item SKU Industrial 191,46,46,4117.92,4117.92,2025-01-04,2025-01-04,completed
Item SKU Industrial 120,13,13,689.26,689.26,2025-07-07,2025-07-07,completed
Item SKU Industrial 253,38,38,4409.52,4409.52,2024-08-05,2024-08-05,completed
Item SKU Industrial 55,33,33,457.05,457.05,2025-12-27,2026-01-04,completed_late
Item SKU Industrial 124,36,36,11439.0,11439.0,2025-06-08,2025-06-10,completed_late
Item SKU Industrial 91,18,18,660.24,660.24,2025-05-11,2025-05-11,completed
Item SKU Industrial 215,46,46,1006.48,1157.45,2025-10-25,2025-10-25,completed
Item SKU Industrial 341,45,45,9520.65,9520.65,2025-09-28,2025-09-28,completed
Item SKU Industrial 124,46,46,14616.5,14616.5,2025-11-14,2025-11-14,completed
Item SKU Industrial 341,46,46,9732.22,9732.22,2024-06-14,2024-06-14,completed
Item SKU Industrial 16,52,52,20787.0,20787.0,2024-09-21,2024-09-21,completed
Item SKU Industrial 163,33,33,948.09,948.09,2024-05-18,2024-05-20,completed_late
Item SKU Industrial 373,51,51,3427.2,3427.2,2026-05-02,2026-05-02,completed
Item SKU Industrial 418,19,19,1087.94,1087.94,2026-04-26,2026-04-26,completed
Item SKU Industrial 77,40,40,2830.8,2830.8,2025-01-23,2025-01-23,completed
Item SKU Industrial 432,18,18,4394.16,4394.16,2024-10-28,2024-10-28,completed
Item SKU Industrial 399,48,48,2577.12,2577.12,2025-05-23,2025-05-23,completed
Item SKU Industrial 239,50,50,706.0,811.9,2025-07-03,2025-07-03,completed
Item SKU Industrial 100,4,4,258.16,258.16,2025-02-14,2025-02-16,completed_late
Item SKU Industrial 297,9,9,1991.7,1991.7,2024-05-05,2024-05-05,completed
Item SKU Industrial 15,31,31,3743.56,3743.56,2026-03-26,2026-03-26,completed
Item SKU Industrial 500,34,34,236.98,236.98,2024-12-20,2024-12-20,completed
Item SKU Industrial 232,33,33,836.22,836.22,2025-01-10,2025-01-10,completed
Item SKU Industrial 316,52,52,1771.12,1771.12,2025-08-15,2025-08-15,completed
Item SKU Industrial 424,3,3,290.61,290.61,2026-02-08,2026-02-08,completed
Item SKU Industrial 141,53,53,424.0,424.0,2026-01-10,2026-01-12,completed_late
Item SKU Industrial 450,18,18,1272.96,1272.96,2025-09-19,2025-09-19,completed
Item SKU Industrial 391,14,14,990.92,990.92,2024-06-10,2024-06-10,completed
Item SKU Industrial 367,31,31,1057.1,1215.66,2025-11-06,2025-11-06,completed
Item SKU Industrial 123,45,45,450.0,450.0,2025-03-07,2025-03-07,completed
Item SKU Industrial 89,6,6,468.78,468.78,2025-10-25,2025-10-25,completed
Item SKU Industrial 148,28,28,8422.12,8422.12,2026-02-17,2026-02-17,completed
Item SKU Industrial 438,3,3,54.42,54.42,2026-01-24,2026-02-01,completed_late
Item SKU Industrial 303,51,51,2723.4,2723.4,2025-02-27,2025-02-27,completed
Item SKU Industrial 180,23,23,4441.3,4441.3,2024-10-12,2024-10-12,completed
Item SKU Industrial 409,49,49,2109.94,2109.94,2026-04-12,2026-04-12,completed
Item SKU Industrial 287,15,15,5463.6,5463.6,2024-10-19,2024-10-19,completed
Item SKU Industrial 362,45,45,2449.8,2449.8,2025-09-07,2025-09-07,completed
Item SKU Industrial 88,5,5,602.2,602.2,2024-12-27,2024-12-27,completed
Item SKU Industrial 13,22,22,518.54,596.32,2025-08-22,2025-08-24,completed_late
Item SKU Industrial 63,42,42,6141.66,6141.66,2025-03-24,2025-03-24,completed
Item SKU Industrial 308,28,28,570.64,570.64,2026-04-20,2026-04-20,completed
Item SKU Industrial 152,44,44,1887.16,1887.16,2026-01-29,2026-01-29,completed
Item SKU Industrial 320,3,3,48.93,48.93,2024-07-12,2024-07-12,completed
Item SKU Industrial 319,1,1,25.89,25.89,2024-08-02,2024-08-02,completed
Item SKU Industrial 176,18,18,1379.7,1379.7,2025-01-27,2025-01-27,completed
Item SKU Industrial 202,8,8,130.56,130.56,2024-12-12,2024-12-14,completed_late
Item SKU Industrial 175,14,14,1554.7,1554.7,2025-05-26,2025-05-26,completed
Item SKU Industrial 370,23,23,582.36,582.36,2025-01-20,2025-01-20,completed
Item SKU Industrial 140,40,40,356.4,356.4,2024-09-30,2024-09-30,completed
Item SKU Industrial 459,31,31,563.58,648.12,2025-06-16,2025-06-16,completed
Item SKU Industrial 472,14,14,194.74,194.74,2024-09-06,2024-09-06,completed
Item SKU Industrial 13,6,6,141.42,141.42,2024-11-02,2024-11-02,completed
Item SKU Industrial 28,23,23,1386.21,1386.21,2026-05-09,2026-05-11,completed_late
Item SKU Industrial 315,11,11,231.44,231.44,2026-01-11,2026-01-11,completed
Item SKU Industrial 399,22,22,1181.18,1181.18,2024-09-30,2024-09-30,completed
Item SKU Industrial 462,3,3,552.78,552.78,2025-05-30,2025-05-30,completed
Item SKU Industrial 204,39,39,2236.26,2236.26,2024-12-22,2024-12-22,completed
Item SKU Industrial 51,50,50,3691.0,3691.0,2024-12-28,2024-12-28,completed
Item SKU Industrial 31,2,2,341.96,341.96,2025-11-23,2025-11-23,completed
Item SKU Industrial 84,34,34,365.84,365.84,2025-07-05,2025-07-07,completed_late
Item SKU Industrial 263,15,15,444.3,510.94,2025-11-24,2025-12-02,completed_late
Item SKU Industrial 187,53,53,1277.3,1277.3,2025-08-09,2025-08-09,completed
Item SKU Industrial 378,42,42,4011.42,4011.42,2024-02-10,2024-02-10,completed
Item SKU Industrial 31,40,40,6839.2,6839.2,2025-10-04,2025-10-04,completed
Item SKU Industrial 147,42,42,2142.84,2142.84,2025-04-06,2025-04-06,completed
Item SKU Industrial 113,51,51,1423.92,1423.92,2024-11-14,2024-11-14,completed
Item SKU Industrial 282,4,4,152.2,152.2,2024-07-02,2024-07-04,completed_late
Item SKU Industrial 353,26,26,3146.0,3146.0,2024-10-06,2024-10-06,completed
Item SKU Industrial 446,38,38,4370.0,4370.0,2025-02-06,2025-02-06,completed
Item SKU Industrial 114,23,23,5625.34,5625.34,2024-02-10,2024-02-10,completed
Item SKU Industrial 24,13,13,1581.45,1581.45,2025-07-17,2025-07-17,completed
Item SKU Industrial 185,31,31,2802.71,3223.12,2026-02-16,2026-02-16,completed
Item SKU Industrial 65,30,30,425.7,425.7,2024-09-09,2024-09-09,completed
Item SKU Industrial 385,44,44,6115.12,6115.12,2024-01-05,2024-01-07,completed_late
Item SKU Industrial 237,12,12,1681.92,1681.92,2024-06-10,2024-06-10,completed
Item SKU Industrial 408,3,3,92.4,92.4,2025-12-28,2025-12-28,completed
Item SKU Industrial 404,38,38,4033.7,4033.7,2025-02-02,2025-02-02,completed
Item SKU Industrial 212,23,23,302.68,302.68,2026-03-16,2026-03-16,completed
Item SKU Industrial 20,16,16,602.4,602.4,2026-02-07,2026-02-07,completed
Item SKU Industrial 144,16,16,6448.16,6448.16,2024-01-14,2024-01-14,completed
Item SKU Industrial 215,31,31,678.28,678.28,2025-07-19,2025-07-21,completed_late
Item SKU Industrial 397,37,37,5448.62,5448.62,2026-05-10,2026-05-10,completed
Item SKU Industrial 461,49,49,2254.0,2592.1,2024-04-26,2024-04-26,completed
Item SKU Industrial 78,14,14,637.56,637.56,2025-06-08,2025-06-08,completed
Item SKU Industrial 83,8,8,519.44,519.44,2025-12-05,2025-12-05,completed
Item SKU Industrial 299,51,51,3478.71,3478.71,2025-06-13,2025-06-13,completed
Item SKU Industrial 202,27,27,440.64,440.64,2025-02-08,2025-02-08,completed
Item SKU Industrial 46,6,6,892.68,892.68,2024-11-17,2024-11-19,completed_late
Item SKU Industrial 85,35,35,605.5,605.5,2025-03-10,2025-03-10,completed
Item SKU Industrial 285,23,23,1930.16,1930.16,2025-09-13,2025-09-21,completed_late
Item SKU Industrial 309,29,29,2448.47,2448.47,2024-09-09,2024-09-09,completed
Item SKU Industrial 403,35,35,3985.8,3985.8,2024-12-01,2024-12-01,completed
Item SKU Industrial 258,47,47,2905.54,2905.54,2024-11-07,2024-11-07,completed
Item SKU Industrial 262,4,4,239.88,275.86,2024-11-27,2024-11-27,completed
Item SKU Industrial 18,12,12,523.2,523.2,2025-11-01,2025-11-03,completed_late
Item SKU Industrial 486,29,29,3845.4,3845.4,2025-03-30,2025-03-30,completed
Item SKU Industrial 243,6,6,168.78,168.78,2025-03-23,2025-03-23,completed
Item SKU Industrial 257,22,22,4452.36,4452.36,2024-10-01,2024-10-01,completed
Item SKU Industrial 371,53,53,12150.78,12150.78,2026-02-10,2026-02-10,completed
Item SKU Industrial 306,40,40,6390.4,6390.4,2025-06-13,2025-06-13,completed
Item SKU Industrial 62,36,36,396.0,396.0,2025-02-21,2025-02-21,completed
Item SKU Industrial 171,47,47,1864.49,1864.49,2026-01-05,2026-01-07,completed_late
Item SKU Industrial 472,23,23,319.93,319.93,2025-02-17,2025-02-17,completed
Item SKU Industrial 375,17,17,1719.04,1719.04,2024-10-26,2024-10-26,completed
Item SKU Industrial 388,19,19,464.55,534.23,2025-09-20,2025-09-20,completed
Item SKU Industrial 354,48,48,967.68,967.68,2025-09-06,2025-09-06,completed
Item SKU Industrial 270,42,42,726.18,726.18,2026-05-17,2026-05-17,completed
Item SKU Industrial 435,19,19,293.55,293.55,2024-03-21,2024-03-21,completed
Item SKU Industrial 437,42,42,5555.76,5555.76,2026-03-22,2026-03-24,completed_late
Item SKU Industrial 111,38,38,6294.7,6294.7,2025-08-15,2025-08-15,completed
Item SKU Industrial 84,7,7,75.32,75.32,2026-05-15,2026-05-15,completed
Item SKU Industrial 271,45,45,8151.75,8151.75,2026-01-19,2026-01-19,completed
Item SKU Industrial 492,30,30,609.9,609.9,2026-05-04,2026-05-04,completed
Item SKU Industrial 218,14,14,350.28,350.28,2026-02-07,2026-02-07,completed
Item SKU Industrial 437,40,40,5291.2,5291.2,2025-08-29,2025-08-29,completed
Item SKU Industrial 210,19,19,1439.06,1654.92,2024-02-08,2024-02-10,completed_late
Item SKU Industrial 194,29,29,6390.15,6390.15,2026-01-24,2026-01-24,completed
Item SKU Industrial 156,14,14,1811.46,1811.46,2024-02-26,2024-02-26,completed
Item SKU Industrial 14,27,27,2824.47,2824.47,2025-10-03,2025-10-11,completed_late
Item SKU Industrial 269,24,24,780.72,780.72,2024-02-23,2024-02-23,completed
Item SKU Industrial 207,46,46,16491.92,16491.92,2025-01-02,2025-01-02,completed
Item SKU Industrial 287,18,18,6556.32,6556.32,2025-01-18,2025-01-18,completed
Item SKU Industrial 380,3,3,56.97,56.97,2025-10-03,2025-10-05,completed_late
Item SKU Industrial 445,35,35,1122.1,1122.1,2026-04-04,2026-04-04,completed
Item SKU Industrial 423,14,14,1030.96,1030.96,2025-05-23,2025-05-23,completed
Item SKU Industrial 476,11,11,116.93,116.93,2024-06-29,2024-06-29,completed
Item SKU Industrial 164,37,37,2168.57,2493.86,2026-01-28,2026-01-28,completed
Item SKU Industrial 42,4,4,126.52,126.52,2024-09-14,2024-09-14,completed
Item SKU Industrial 327,5,5,48.45,48.45,2025-11-17,2025-11-17,completed
Item SKU Industrial 179,18,18,1171.62,1171.62,2025-12-15,2025-12-17,completed_late
Item SKU Industrial 406,25,25,2483.0,2483.0,2026-05-18,2026-05-18,completed
Item SKU Industrial 49,19,19,1242.22,1242.22,2024-11-17,2024-11-17,completed
Item SKU Industrial 236,48,48,422.88,422.88,2024-11-25,2024-11-25,completed
Item SKU Industrial 114,8,8,1956.64,1956.64,2026-04-02,2026-04-02,completed
Item SKU Industrial 182,23,23,360.87,360.87,2026-03-16,2026-03-16,completed
Item SKU Industrial 2,2,2,277.9,277.9,2025-04-21,2025-04-21,completed
Item SKU Industrial 266,40,40,331.6,331.6,2024-11-22,2024-11-24,completed_late
Item SKU Industrial 213,19,19,370.5,426.08,2025-12-20,2025-12-20,completed
Item SKU Industrial 112,3,3,27.39,27.39,2025-01-05,2025-01-05,completed
Item SKU Industrial 1,7,7,306.18,306.18,2024-08-06,2024-08-06,completed
Item SKU Industrial 121,8,8,319.52,319.52,2024-09-14,2024-09-14,completed
Item SKU Industrial 340,31,31,1206.52,1206.52,2026-01-04,2026-01-04,completed
Item SKU Industrial 409,33,33,1420.98,1420.98,2025-10-02,2025-10-02,completed
Item SKU Industrial 166,22,22,5344.24,5344.24,2024-12-16,2024-12-18,completed_late
Item SKU Industrial 370,48,48,1215.36,1215.36,2025-06-02,2025-06-02,completed
Item SKU Industrial 454,37,37,4682.72,4682.72,2025-02-17,2025-02-17,completed
Item SKU Industrial 334,33,33,1126.29,1126.29,2024-05-23,2024-05-23,completed
Item SKU Industrial 407,47,47,3340.29,3340.29,2025-11-24,2025-12-02,completed_late
Item SKU Industrial 14,48,48,5021.28,5774.47,2025-03-27,2025-03-27,completed
Item SKU Industrial 303,52,52,2776.8,2776.8,2024-11-21,2024-11-21,completed
Item SKU Industrial 316,11,11,374.66,374.66,2024-05-22,2024-05-24,completed_late
Item SKU Industrial 388,37,37,904.65,904.65,2024-12-21,2024-12-21,completed
Item SKU Industrial 397,28,28,4123.28,4123.28,2025-12-05,2025-12-05,completed
Item SKU Industrial 127,13,13,809.64,809.64,2026-03-19,2026-03-19,completed
Item SKU Industrial 67,20,20,6030.6,6030.6,2024-12-12,2024-12-12,completed
Item SKU Industrial 373,20,20,1344.0,1344.0,2024-04-04,2024-04-04,completed
Item SKU Industrial 145,13,13,264.68,264.68,2025-02-13,2025-02-13,completed
Item SKU Industrial 190,4,4,184.24,184.24,2024-12-15,2024-12-17,completed_late
Item SKU Industrial 63,19,19,2778.37,2778.37,2024-10-28,2024-10-28,completed
Item SKU Industrial 466,42,42,249.48,286.9,2025-01-17,2025-01-17,completed
Item SKU Industrial 284,42,42,3253.32,3253.32,2025-03-30,2025-03-30,completed
Item SKU Industrial 110,6,6,452.7,452.7,2026-03-21,2026-03-21,completed
Item SKU Industrial 405,24,24,2162.16,2162.16,2024-12-08,2024-12-08,completed
Item SKU Industrial 442,28,28,2524.48,2524.48,2025-12-18,2025-12-18,completed
Item SKU Industrial 170,22,22,1882.98,1882.98,2025-11-16,2025-11-18,completed_late
Item SKU Industrial 484,31,31,2230.45,2230.45,2025-05-01,2025-05-01,completed
Item SKU Industrial 109,17,17,1485.46,1485.46,2025-04-21,2025-04-21,completed
Item SKU Industrial 246,40,40,885.6,885.6,2024-08-17,2024-08-17,completed
Item SKU Industrial 235,48,48,5369.76,5369.76,2026-05-02,2026-05-02,completed
Item SKU Industrial 221,34,34,2096.78,2096.78,2024-07-30,2024-07-30,completed
Item SKU Industrial 441,26,26,1983.8,2281.37,2025-10-19,2025-10-19,completed
Item SKU Industrial 225,29,29,265.35,265.35,2025-12-13,2025-12-15,completed_late
Item SKU Industrial 450,30,30,2121.6,2121.6,2026-04-26,2026-04-26,completed
Item SKU Industrial 50,38,38,402.42,402.42,2026-03-19,2026-03-19,completed
Item SKU Industrial 197,44,44,6728.92,6728.92,2025-03-07,2025-03-07,completed
Item SKU Industrial 127,17,17,1058.76,1058.76,2026-03-29,2026-03-29,completed
Item SKU Industrial 419,20,20,1947.4,1947.4,2026-01-03,2026-01-11,completed_late
Item SKU Industrial 25,22,22,3041.72,3041.72,2025-11-17,2025-11-17,completed
Item SKU Industrial 388,28,28,684.6,684.6,2025-02-24,2025-02-26,completed_late
Item SKU Industrial 439,48,48,8891.04,8891.04,2026-04-23,2026-04-23,completed
Item SKU Industrial 219,18,18,695.88,695.88,2025-07-20,2025-07-20,completed
Item SKU Industrial 247,46,46,1100.32,1265.37,2026-02-14,2026-02-14,completed
Item SKU Industrial 161,47,47,12274.99,12274.99,2026-02-13,2026-02-13,completed
Item SKU Industrial 333,42,42,5628.84,5628.84,2025-12-14,2025-12-14,completed
Item SKU Industrial 68,23,23,891.25,891.25,2025-11-29,2025-11-29,completed
Item SKU Industrial 109,41,41,3582.58,3582.58,2025-01-03,2025-01-05,completed_late
Item SKU Industrial 17,7,7,285.18,285.18,2025-11-07,2025-11-07,completed
Item SKU Industrial 251,50,50,2190.5,2190.5,2024-03-27,2024-03-27,completed
Item SKU Industrial 169,49,49,4345.32,4345.32,2025-02-15,2025-02-15,completed
Item SKU Industrial 446,30,30,3450.0,3450.0,2024-11-23,2024-11-23,completed
Item SKU Industrial 90,45,45,12802.05,12802.05,2025-11-30,2025-11-30,completed
Item SKU Industrial 264,47,47,1487.08,1487.08,2026-03-08,2026-03-08,completed
Item SKU Industrial 324,2,2,40.02,46.02,2025-03-01,2025-03-03,completed_late
Item SKU Industrial 232,47,47,1190.98,1190.98,2025-04-26,2025-04-26,completed
Item SKU Industrial 353,44,44,5324.0,5324.0,2026-02-13,2026-02-13,completed
Item SKU Industrial 100,41,41,2646.14,2646.14,2024-02-04,2024-02-04,completed
Item SKU Industrial 339,11,11,522.61,522.61,2026-02-27,2026-02-27,completed
Item SKU Industrial 295,18,18,526.68,526.68,2024-12-01,2024-12-01,completed
Item SKU Industrial 220,46,46,8216.06,8216.06,2026-02-22,2026-02-22,completed
Item SKU Industrial 162,2,2,311.56,311.56,2024-09-07,2024-09-09,completed_late
Item SKU Industrial 265,51,51,2413.83,2413.83,2024-12-20,2024-12-20,completed
Item SKU Industrial 349,26,26,3144.44,3144.44,2025-03-08,2025-03-08,completed
Item SKU Industrial 206,2,2,132.58,132.58,2024-10-18,2024-10-18,completed
Item SKU Industrial 357,45,45,7675.2,8826.48,2026-02-09,2026-02-09,completed
Item SKU Industrial 26,17,17,208.76,208.76,2025-12-07,2025-12-07,completed
Item SKU Industrial 216,6,6,121.68,121.68,2026-03-13,2026-03-21,completed_late
Item SKU Industrial 214,1,1,16.42,16.42,2025-05-10,2025-05-12,completed_late
Item SKU Industrial 172,38,38,593.94,593.94,2025-07-18,2025-07-18,completed
Item SKU Industrial 324,31,31,620.31,620.31,2025-05-22,2025-05-22,completed
Item SKU Industrial 358,42,42,3943.8,3943.8,2024-09-21,2024-09-21,completed
Item SKU Industrial 203,8,8,1835.2,1835.2,2026-05-25,2026-05-25,completed
Item SKU Industrial 427,44,44,964.92,964.92,2024-12-23,2024-12-23,completed
Item SKU Industrial 413,12,12,513.12,513.12,2025-06-15,2025-06-15,completed
Item SKU Industrial 481,25,25,670.75,670.75,2025-04-17,2025-04-19,completed_late
Item SKU Industrial 463,11,11,501.6,576.84,2025-03-01,2025-03-01,completed
Item SKU Industrial 447,40,40,244.0,244.0,2025-07-06,2025-07-06,completed
Item SKU Industrial 160,26,26,3387.28,3387.28,2026-01-31,2026-01-31,completed
Item SKU Industrial 16,17,17,6795.75,6795.75,2026-05-15,2026-05-15,completed
Item SKU Industrial 312,40,40,2987.6,2987.6,2024-09-12,2024-09-12,completed
Item SKU Industrial 23,35,35,1528.8,1528.8,2024-04-14,2024-04-14,completed
Item SKU Industrial 222,28,28,2529.52,2529.52,2024-01-30,2024-02-01,completed_late
Item SKU Industrial 428,41,41,3505.09,3505.09,2025-11-22,2025-11-22,completed
Item SKU Industrial 244,6,6,853.44,853.44,2026-01-17,2026-01-17,completed
Item SKU Industrial 350,36,36,2914.92,2914.92,2026-04-30,2026-04-30,completed
Item SKU Industrial 488,30,30,1778.1,1778.1,2026-05-01,2026-05-01,completed
Item SKU Industrial 415,31,31,7200.06,8280.07,2025-07-03,2025-07-03,completed
Item SKU Industrial 166,18,18,4372.56,4372.56,2025-12-27,2025-12-27,completed
Item SKU Industrial 182,4,4,62.76,62.76,2026-02-09,2026-02-11,completed_late
Item SKU Industrial 245,29,29,3140.12,3140.12,2026-02-01,2026-02-01,completed
Item SKU Industrial 193,41,41,1865.91,1865.91,2024-04-12,2024-04-12,completed
Item SKU Industrial 484,53,53,3813.35,3813.35,2025-06-22,2025-06-22,completed
Item SKU Industrial 234,38,38,2528.14,2528.14,2025-09-27,2025-09-27,completed
Item SKU Industrial 427,24,24,526.32,526.32,2024-06-08,2024-06-08,completed
Item SKU Industrial 153,4,4,114.96,114.96,2026-03-09,2026-03-09,completed
Item SKU Industrial 462,49,49,9028.74,9028.74,2025-01-23,2025-01-31,completed_late
Item SKU Industrial 10,28,28,3752.56,3752.56,2026-01-28,2026-01-28,completed
Item SKU Industrial 209,4,4,141.72,162.98,2025-07-21,2025-07-21,completed
Item SKU Industrial 256,23,23,2910.19,2910.19,2026-04-25,2026-04-25,completed
Item SKU Industrial 349,2,2,241.88,241.88,2025-04-26,2025-04-26,completed
Item SKU Industrial 274,4,4,540.12,540.12,2025-08-22,2025-08-22,completed
Item SKU Industrial 118,13,13,358.15,358.15,2025-11-29,2025-11-29,completed
Item SKU Industrial 177,49,49,8675.45,8675.45,2026-03-21,2026-03-23,completed_late
Item SKU Industrial 145,47,47,956.92,956.92,2026-02-05,2026-02-05,completed
Item SKU Industrial 318,29,29,1947.64,1947.64,2025-01-19,2025-01-19,completed
Item SKU Industrial 395,1,1,148.07,148.07,2026-05-02,2026-05-02,completed
Item SKU Industrial 402,31,31,859.01,859.01,2025-11-30,2025-11-30,completed
Item SKU Industrial 170,12,12,1027.08,1027.08,2025-10-26,2025-10-26,completed
Item SKU Industrial 39,46,46,3606.4,4147.36,2025-02-07,2025-02-07,completed
Item SKU Industrial 355,47,47,909.45,909.45,2025-08-08,2025-08-10,completed_late
Item SKU Industrial 437,39,39,5158.92,5158.92,2025-12-28,2025-12-28,completed
Item SKU Industrial 315,22,22,462.88,462.88,2026-01-05,2026-01-05,completed
Item SKU Industrial 285,51,51,4279.92,4279.92,2026-02-22,2026-02-22,completed
Item SKU Industrial 305,37,37,7039.99,7039.99,2025-05-10,2025-05-10,completed
Item SKU Industrial 246,23,23,509.22,509.22,2025-08-04,2025-08-04,completed
Item SKU Industrial 65,51,51,723.69,723.69,2025-12-22,2025-12-22,completed
Item SKU Industrial 247,51,51,1219.92,1219.92,2025-06-19,2025-06-21,completed_late
Item SKU Industrial 189,19,19,115.71,115.71,2024-06-09,2024-06-09,completed
Item SKU Industrial 181,28,28,1179.08,1179.08,2025-11-27,2025-11-27,completed
Item SKU Industrial 298,14,14,190.68,219.28,2026-04-13,2026-04-13,completed
Item SKU Industrial 176,18,18,1379.7,1379.7,2024-11-14,2024-11-14,completed
Item SKU Industrial 370,22,22,557.04,557.04,2025-03-12,2025-03-12,completed
Item SKU Industrial 408,45,45,1386.0,1386.0,2025-10-04,2025-10-04,completed
Item SKU Industrial 52,49,49,2895.41,2895.41,2025-12-14,2025-12-16,completed_late
Item SKU Industrial 472,15,15,208.65,208.65,2026-01-10,2026-01-18,completed_late
Item SKU Industrial 266,40,40,331.6,331.6,2026-03-06,2026-03-06,completed
Item SKU Industrial 346,41,41,8140.55,8140.55,2024-03-28,2024-03-28,completed
Item SKU Industrial 347,19,19,439.28,439.28,2026-02-20,2026-02-20,completed
Item SKU Industrial 23,23,23,1004.64,1004.64,2025-07-11,2025-07-11,completed
Item SKU Industrial 318,40,40,2686.4,2686.4,2025-11-17,2025-11-17,completed
Item SKU Industrial 270,30,30,518.7,596.5,2024-10-19,2024-10-21,completed_late
Item SKU Industrial 71,48,48,11188.32,11188.32,2025-11-07,2025-11-07,completed
Item SKU Industrial 466,26,26,154.44,154.44,2024-11-24,2024-11-24,completed
Item SKU Industrial 209,13,13,460.59,460.59,2025-04-21,2025-04-21,completed
Item SKU Industrial 465,39,39,3599.7,3599.7,2026-05-11,2026-05-11,completed
Item SKU Industrial 376,33,33,429.33,429.33,2025-04-20,2025-04-20,completed
Item SKU Industrial 448,34,34,1260.04,1260.04,2026-01-10,2026-01-10,completed
Item SKU Industrial 438,22,22,399.08,399.08,2024-03-17,2024-03-19,completed_late
Item SKU Industrial 18,23,23,1002.8,1002.8,2025-06-12,2025-06-12,completed
Item SKU Industrial 42,35,35,1107.05,1107.05,2024-05-22,2024-05-22,completed
Item SKU Industrial 182,5,5,78.45,78.45,2025-12-23,2025-12-23,completed
Item SKU Industrial 191,17,17,1521.84,1750.12,2025-09-29,2025-09-29,completed
Item SKU Industrial 233,28,28,1055.6,1055.6,2024-09-14,2024-09-14,completed
Item SKU Industrial 459,46,46,836.28,836.28,2025-05-16,2025-05-16,completed
Item SKU Industrial 400,16,16,1924.8,1924.8,2026-01-12,2026-01-14,completed_late
Item SKU Industrial 11,46,46,7380.7,7380.7,2025-08-10,2025-08-10,completed
Item SKU Industrial 356,48,48,925.92,925.92,2026-03-07,2026-03-07,completed
Item SKU Industrial 444,50,50,572.0,572.0,2026-04-24,2026-04-24,completed
Item SKU Industrial 414,41,41,2591.61,2591.61,2025-12-08,2025-12-08,completed
Item SKU Industrial 275,40,40,2155.2,2155.2,2024-09-29,2024-09-29,completed
Item SKU Industrial 483,15,15,756.75,756.75,2024-03-16,2024-03-16,completed
Item SKU Industrial 260,11,11,162.14,162.14,2025-07-07,2025-07-09,completed_late
Item SKU Industrial 433,18,18,3412.62,3924.51,2026-05-21,2026-05-21,completed
Item SKU Industrial 48,14,14,186.48,186.48,2024-06-23,2024-07-01,completed_late
Item SKU Industrial 58,33,33,2898.06,2898.06,2026-02-26,2026-02-26,completed
Item SKU Industrial 249,16,16,1049.12,1049.12,2024-07-04,2024-07-04,completed
Item SKU Industrial 453,40,40,1617.2,1617.2,2024-02-08,2024-02-08,completed
Item SKU Industrial 479,23,23,3935.3,3935.3,2025-11-10,2025-11-10,completed
Item SKU Industrial 17,36,36,1466.64,1466.64,2024-01-29,2024-01-31,completed_late
Item SKU Industrial 362,11,11,598.84,598.84,2025-08-04,2025-08-04,completed
Item SKU Industrial 355,11,11,212.85,212.85,2024-02-04,2024-02-04,completed
Item SKU Industrial 409,27,27,1162.62,1162.62,2025-11-22,2025-11-22,completed
Item SKU Industrial 121,35,35,1397.9,1397.9,2024-02-19,2024-02-19,completed
Item SKU Industrial 219,39,39,1507.74,1733.9,2025-07-20,2025-07-20,completed
Item SKU Industrial 220,49,49,8751.89,8751.89,2026-01-26,2026-01-26,completed
Item SKU Industrial 31,31,31,5300.38,5300.38,2025-12-25,2025-12-27,completed_late
Item SKU Industrial 51,35,35,2583.7,2583.7,2024-06-28,2024-06-28,completed
Item SKU Industrial 266,4,4,33.16,33.16,2025-03-09,2025-03-09,completed
Item SKU Industrial 280,7,7,403.76,403.76,2025-09-04,2025-09-04,completed
Item SKU Industrial 207,25,25,8963.0,8963.0,2024-02-19,2024-02-19,completed
Item SKU Industrial 429,7,7,539.14,539.14,2024-03-25,2024-03-25,completed
Item SKU Industrial 77,26,26,1840.02,1840.02,2024-04-02,2024-04-02,completed
Item SKU Industrial 216,46,46,932.88,932.88,2025-10-20,2025-10-22,completed_late
Item SKU Industrial 50,6,6,63.54,63.54,2024-05-20,2024-05-20,completed
Item SKU Industrial 466,38,38,225.72,259.58,2025-09-11,2025-09-11,completed
Item SKU Industrial 358,13,13,1220.7,1220.7,2026-02-05,2026-02-05,completed
Item SKU Industrial 224,25,25,601.0,601.0,2024-06-07,2024-06-07,completed
Item SKU Industrial 63,24,24,3509.52,3509.52,2025-12-01,2025-12-01,completed
Item SKU Industrial 215,30,30,656.4,656.4,2026-02-22,2026-02-22,completed
Item SKU Industrial 246,14,14,309.96,309.96,2025-11-17,2025-11-19,completed_late
Item SKU Industrial 349,39,39,4716.66,4716.66,2025-07-07,2025-07-07,completed
Item SKU Industrial 77,28,28,1981.56,1981.56,2025-09-14,2025-09-14,completed
Item SKU Industrial 127,25,25,1557.0,1557.0,2024-10-05,2024-10-13,completed_late
Item SKU Industrial 357,36,36,6140.16,6140.16,2026-03-02,2026-03-02,completed
Item SKU Industrial 203,31,31,7111.4,7111.4,2026-01-02,2026-01-02,completed
Item SKU Industrial 287,19,19,6920.56,7958.64,2026-05-02,2026-05-02,completed
Item SKU Industrial 104,42,42,13536.18,13536.18,2024-02-01,2024-02-03,completed_late
Item SKU Industrial 349,19,19,2297.86,2297.86,2025-12-05,2025-12-05,completed
Item SKU Industrial 30,36,36,1576.8,1576.8,2024-12-26,2024-12-26,completed
Item SKU Industrial 218,16,16,400.32,400.32,2025-02-15,2025-02-15,completed
Item SKU Industrial 161,33,33,8618.61,8618.61,2025-12-04,2025-12-04,completed
Item SKU Industrial 203,46,46,10552.4,10552.4,2024-01-13,2024-01-13,completed
Item SKU Industrial 302,26,26,431.34,431.34,2026-01-01,2026-01-01,completed
Item SKU Industrial 359,30,30,1876.5,1876.5,2026-04-11,2026-04-13,completed_late
Item SKU Industrial 212,37,37,486.92,486.92,2026-03-06,2026-03-06,completed
Item SKU Industrial 268,26,26,671.84,671.84,2024-08-05,2024-08-05,completed
Item SKU Industrial 388,8,8,195.6,224.94,2026-04-05,2026-04-05,completed
Item SKU Industrial 176,52,52,3985.8,3985.8,2024-11-29,2024-11-29,completed
Item SKU Industrial 216,4,4,81.12,81.12,2025-04-17,2025-04-17,completed
Item SKU Industrial 102,47,47,623.69,623.69,2025-09-02,2025-09-02,completed
Item SKU Industrial 55,51,51,706.35,706.35,2026-05-23,2026-05-25,completed_late
Item SKU Industrial 136,40,40,3463.6,3463.6,2025-02-09,2025-02-09,completed
Item SKU Industrial 438,50,50,907.0,907.0,2025-11-23,2025-11-23,completed
Item SKU Industrial 420,38,38,273.22,273.22,2024-03-02,2024-03-02,completed
Item SKU Industrial 220,25,25,4465.25,4465.25,2024-12-28,2024-12-28,completed
Item SKU Industrial 136,52,52,4502.68,4502.68,2026-02-14,2026-02-14,completed
Item SKU Industrial 296,47,47,946.11,946.11,2025-02-01,2025-02-01,completed
Item SKU Industrial 230,16,16,252.48,290.35,2026-05-06,2026-05-08,completed_late
Item SKU Industrial 192,5,5,255.65,255.65,2024-12-12,2024-12-12,completed
Item SKU Industrial 499,52,52,2539.68,2539.68,2025-11-29,2025-11-29,completed
Item SKU Industrial 15,44,44,5313.44,5313.44,2024-07-20,2024-07-20,completed
Item SKU Industrial 191,12,12,1074.24,1074.24,2024-02-02,2024-02-10,completed_late
Item SKU Industrial 394,14,14,507.36,507.36,2025-10-10,2025-10-10,completed
Item SKU Industrial 78,1,1,45.54,45.54,2025-12-27,2025-12-27,completed
Item SKU Industrial 96,41,41,281.67,281.67,2026-01-26,2026-01-28,completed_late
Item SKU Industrial 350,49,49,3967.53,3967.53,2024-12-16,2024-12-16,completed
Item SKU Industrial 118,24,24,661.2,661.2,2025-02-28,2025-02-28,completed
Item SKU Industrial 421,6,6,1216.44,1216.44,2025-11-07,2025-11-07,completed
Item SKU Industrial 360,51,51,2213.4,2545.41,2025-05-15,2025-05-15,completed
Item SKU Industrial 464,1,1,80.5,80.5,2024-06-29,2024-06-29,completed
Item SKU Industrial 182,22,22,345.18,345.18,2026-02-23,2026-02-23,completed
Item SKU Industrial 218,33,33,825.66,825.66,2025-03-16,2025-03-18,completed_late
Item SKU Industrial 257,52,52,10523.76,10523.76,2026-04-12,2026-04-12,completed
Item SKU Industrial 353,8,8,968.0,968.0,2026-01-02,2026-01-02,completed
Item SKU Industrial 130,9,9,887.49,887.49,2024-12-21,2024-12-21,completed
Item SKU Industrial 85,52,52,899.6,899.6,2025-04-27,2025-04-27,completed
Item SKU Industrial 49,15,15,980.7,980.7,2025-01-20,2025-01-20,completed
Item SKU Industrial 304,49,49,15269.87,15269.87,2025-02-24,2025-02-24,completed
Item SKU Industrial 277,4,4,306.28,306.28,2024-05-26,2024-05-28,completed_late
Item SKU Industrial 105,35,35,2250.5,2588.07,2025-11-18,2025-11-18,completed
Item SKU Industrial 106,31,31,2809.53,2809.53,2026-04-30,2026-04-30,completed
Item SKU Industrial 38,4,4,1160.8,1160.8,2026-04-12,2026-04-12,completed
Item SKU Industrial 417,35,35,2395.75,2395.75,2024-10-18,2024-10-18,completed
Item SKU Industrial 24,11,11,1338.15,1338.15,2024-07-29,2024-07-29,completed
Item SKU Industrial 273,36,36,3993.84,3993.84,2025-04-04,2025-04-04,completed
Item SKU Industrial 136,26,26,2251.34,2251.34,2025-02-20,2025-02-22,completed_late
Item SKU Industrial 141,15,15,120.0,120.0,2024-10-11,2024-10-11,completed
Item SKU Industrial 210,46,46,3484.04,3484.04,2026-01-08,2026-01-08,completed
Item SKU Industrial 433,38,38,7204.42,7204.42,2026-05-18,2026-05-18,completed
Item SKU Industrial 343,23,23,6353.29,6353.29,2025-12-29,2025-12-29,completed
Item SKU Industrial 491,45,45,3692.25,4246.09,2025-11-13,2025-11-21,completed_late
Item SKU Industrial 500,42,42,292.74,292.74,2025-02-01,2025-02-01,completed
Item SKU Industrial 446,15,15,1725.0,1725.0,2025-05-15,2025-05-17,completed_late
Item SKU Industrial 417,37,37,2532.65,2532.65,2024-04-08,2024-04-08,completed
Item SKU Industrial 440,13,13,2336.23,2336.23,2025-02-15,2025-02-15,completed
Item SKU Industrial 393,16,16,2692.32,2692.32,2025-09-07,2025-09-07,completed
Item SKU Industrial 71,28,28,6526.52,6526.52,2024-10-03,2024-10-03,completed
Item SKU Industrial 249,53,53,3475.21,3475.21,2024-08-05,2024-08-05,completed
Item SKU Industrial 40,9,9,824.94,824.94,2026-03-11,2026-03-11,completed
Item SKU Industrial 299,23,23,1568.83,1568.83,2025-12-08,2025-12-10,completed_late
Item SKU Industrial 189,40,40,243.6,243.6,2025-06-23,2025-06-23,completed
Item SKU Industrial 420,13,13,93.47,107.49,2025-05-31,2025-05-31,completed
Item SKU Industrial 44,52,52,5900.44,5900.44,2024-06-09,2024-06-09,completed
Item SKU Industrial 47,27,27,3768.66,3768.66,2024-07-04,2024-07-04,completed
Item SKU Industrial 498,51,51,4871.52,4871.52,2025-04-07,2025-04-07,completed
Item SKU Industrial 11,1,1,160.45,160.45,2024-06-05,2024-06-05,completed
Item SKU Industrial 259,48,48,2911.68,2911.68,2025-11-16,2025-11-18,completed_late
Item SKU Industrial 321,19,19,1328.86,1328.86,2025-04-10,2025-04-10,completed
Item SKU Industrial 495,35,35,7191.8,7191.8,2024-06-02,2024-06-02,completed
Item SKU Industrial 31,44,44,7523.12,7523.12,2025-12-07,2025-12-07,completed
Item SKU Industrial 335,9,9,988.11,988.11,2025-11-08,2025-11-08,completed
Item SKU Industrial 6,35,35,651.35,651.35,2025-11-07,2025-11-07,completed
Item SKU Industrial 396,36,36,610.92,702.56,2025-11-26,2025-11-26,completed
Item SKU Industrial 199,24,24,2183.76,2183.76,2025-10-20,2025-10-22,completed_late
Item SKU Industrial 263,8,8,236.96,236.96,2025-09-28,2025-09-28,completed
Item SKU Industrial 210,12,12,908.88,908.88,2025-11-22,2025-11-22,completed
Item SKU Industrial 398,42,42,816.9,816.9,2026-01-29,2026-01-29,completed
Item SKU Industrial 137,40,40,2335.2,2335.2,2026-02-27,2026-02-27,completed
Item SKU Industrial 312,27,27,2016.63,2016.63,2026-03-06,2026-03-06,completed
Item SKU Industrial 380,34,34,645.66,645.66,2024-06-14,2024-06-22,completed_late
Item SKU Industrial 159,6,6,371.64,371.64,2024-03-21,2024-03-23,completed_late
Item SKU Industrial 369,13,13,671.84,671.84,2024-01-21,2024-01-21,completed
Item SKU Industrial 309,46,46,3883.78,3883.78,2026-04-24,2026-04-24,completed
Item SKU Industrial 43,41,41,1822.45,2095.82,2026-05-23,2026-05-23,completed
Item SKU Industrial 140,48,48,427.68,427.68,2025-02-23,2025-02-23,completed
Item SKU Industrial 7,31,31,3481.92,3481.92,2025-06-16,2025-06-16,completed
Item SKU Industrial 182,52,52,815.88,815.88,2024-04-25,2024-04-25,completed
Item SKU Industrial 22,39,39,7548.06,7548.06,2025-11-27,2025-11-29,completed_late
Item SKU Industrial 60,44,44,556.6,556.6,2026-05-22,2026-05-22,completed
Item SKU Industrial 22,27,27,5225.58,5225.58,2026-05-24,2026-05-24,completed
Item SKU Industrial 21,11,11,2732.73,2732.73,2025-09-18,2025-09-18,completed
Item SKU Industrial 156,30,30,3881.7,3881.7,2024-05-31,2024-05-31,completed
Item SKU Industrial 114,15,15,3668.7,3668.7,2026-03-09,2026-03-09,completed
Item SKU Industrial 353,53,53,6413.0,6413.0,2026-04-06,2026-04-06,completed
Item SKU Industrial 57,42,42,5622.54,6465.92,2024-06-14,2024-06-16,completed_late
Item SKU Industrial 385,44,44,6115.12,6115.12,2026-01-18,2026-01-18,completed
Item SKU Industrial 413,33,33,1411.08,1411.08,2025-05-02,2025-05-02,completed
Item SKU Industrial 177,23,23,4072.15,4072.15,2024-10-14,2024-10-14,completed
Item SKU Industrial 471,26,26,1455.22,1455.22,2025-04-25,2025-04-25,completed
Item SKU Industrial 234,7,7,465.71,465.71,2026-02-23,2026-02-23,completed
Item SKU Industrial 463,3,3,136.8,136.8,2025-06-19,2025-06-19,completed
Item SKU Industrial 10,26,26,3484.52,3484.52,2024-12-11,2024-12-13,completed_late
Item SKU Industrial 197,17,17,2599.81,2599.81,2024-07-28,2024-07-28,completed
Item SKU Industrial 313,23,23,759.46,759.46,2025-11-20,2025-11-20,completed
Item SKU Industrial 11,7,7,1123.15,1123.15,2026-03-21,2026-03-21,completed
Item SKU Industrial 154,20,20,172.2,198.03,2025-05-03,2025-05-03,completed
Item SKU Industrial 37,27,27,5891.67,5891.67,2025-08-15,2025-08-15,completed
Item SKU Industrial 2,5,5,694.75,694.75,2024-05-24,2024-05-24,completed
Item SKU Industrial 61,38,38,4161.76,4161.76,2025-05-12,2025-05-20,completed_late
Item SKU Industrial 194,31,31,6830.85,6830.85,2025-10-12,2025-10-12,completed
Item SKU Industrial 283,47,47,1952.85,1952.85,2025-01-11,2025-01-11,completed
Item SKU Industrial 485,22,22,270.16,270.16,2025-08-28,2025-08-28,completed
Item SKU Industrial 137,7,7,408.66,408.66,2025-01-23,2025-01-23,completed
Item SKU Industrial 446,34,34,3910.0,3910.0,2026-05-04,2026-05-04,completed
Item SKU Industrial 84,16,16,172.16,172.16,2026-05-11,2026-05-11,completed
Item SKU Industrial 339,42,42,1995.42,1995.42,2024-10-31,2024-11-02,completed_late
Item SKU Industrial 114,53,53,12962.74,14907.15,2024-12-13,2024-12-13,completed
Item SKU Industrial 492,34,34,691.22,691.22,2024-12-20,2024-12-20,completed
Item SKU Industrial 163,13,13,373.49,373.49,2025-06-09,2025-06-09,completed
Item SKU Industrial 257,37,37,7488.06,7488.06,2025-06-06,2025-06-06,completed
Item SKU Industrial 327,33,33,319.77,319.77,2025-01-04,2025-01-04,completed
Item SKU Industrial 95,46,46,14149.6,14149.6,2024-03-18,2024-03-18,completed
Item SKU Industrial 351,11,11,1564.31,1564.31,2025-02-27,2025-03-01,completed_late
Item SKU Industrial 85,6,6,103.8,103.8,2025-12-28,2025-12-28,completed
Item SKU Industrial 186,47,47,5846.8,5846.8,2026-02-28,2026-02-28,completed
Item SKU Industrial 118,50,50,1377.5,1377.5,2024-07-01,2024-07-01,completed
Item SKU Industrial 237,50,50,7008.0,7008.0,2024-02-17,2024-02-17,completed
Item SKU Industrial 251,51,51,2234.31,2569.46,2025-04-21,2025-04-21,completed
Item SKU Industrial 14,38,38,3975.18,3975.18,2024-05-03,2024-05-03,completed
Item SKU Industrial 416,5,5,79.5,79.5,2025-11-15,2025-11-17,completed_late
Item SKU Industrial 375,26,26,2629.12,2629.12,2025-05-11,2025-05-11,completed
Item SKU Industrial 28,22,22,1325.94,1325.94,2025-07-12,2025-07-12,completed
Item SKU Industrial 125,13,13,4833.4,4833.4,2025-08-22,2025-08-22,completed
Item SKU Industrial 105,18,18,1157.4,1157.4,2024-06-22,2024-06-22,completed
Item SKU Industrial 198,40,40,2110.8,2110.8,2026-01-19,2026-01-19,completed
Item SKU Industrial 468,42,42,817.74,817.74,2026-02-27,2026-02-27,completed
Item SKU Industrial 433,45,45,8531.55,8531.55,2026-02-26,2026-02-28,completed_late
Item SKU Industrial 467,18,18,1549.62,1549.62,2026-05-25,2026-06-02,completed_late
Item SKU Industrial 418,19,19,1087.94,1251.13,2025-10-03,2025-10-03,completed
Item SKU Industrial 384,30,30,6475.5,6475.5,2026-02-17,2026-02-17,completed
Item SKU Industrial 67,37,37,11156.61,11156.61,2024-01-27,2024-01-27,completed
Item SKU Industrial 50,4,4,42.36,42.36,2025-03-06,2025-03-06,completed
Item SKU Industrial 254,14,14,137.48,137.48,2025-09-13,2025-09-13,completed
Item SKU Industrial 25,18,18,2488.68,2488.68,2024-12-22,2024-12-24,completed_late
Item SKU Industrial 462,20,20,3685.2,3685.2,2026-03-09,2026-03-09,completed
Item SKU Industrial 416,38,38,604.2,604.2,2025-05-08,2025-05-08,completed
Item SKU Industrial 282,40,40,1522.0,1522.0,2025-09-10,2025-09-10,completed
Item SKU Industrial 290,49,49,738.92,738.92,2026-04-02,2026-04-02,completed
Item SKU Industrial 168,24,24,664.8,664.8,2024-09-12,2024-09-12,completed
Item SKU Industrial 160,15,15,1954.2,2247.33,2025-04-03,2025-04-03,completed
Item SKU Industrial 16,30,30,11992.5,11992.5,2025-10-20,2025-10-22,completed_late
Item SKU Industrial 304,50,50,15581.5,15581.5,2025-12-18,2025-12-18,completed
Item SKU Industrial 342,4,4,633.84,633.84,2026-05-11,2026-05-11,completed
Item SKU Industrial 42,41,41,1296.83,1296.83,2026-04-20,2026-04-20,completed
Item SKU Industrial 398,15,15,291.75,291.75,2026-01-30,2026-01-30,completed
Item SKU Industrial 258,9,9,556.38,556.38,2026-02-08,2026-02-08,completed
Item SKU Industrial 371,12,12,2751.12,2751.12,2025-11-16,2025-11-16,completed
Item SKU Industrial 42,29,29,917.27,917.27,2025-01-06,2025-01-08,completed_late
Item SKU Industrial 323,12,12,851.64,851.64,2025-04-21,2025-04-21,completed
Item SKU Industrial 467,13,13,1119.17,1119.17,2024-06-15,2024-06-15,completed
Item SKU Industrial 276,28,28,411.6,473.34,2025-04-07,2025-04-07,completed
Item SKU Industrial 467,29,29,2496.61,2496.61,2024-03-25,2024-03-25,completed
Item SKU Industrial 99,40,40,7152.4,7152.4,2024-07-02,2024-07-02,completed
Item SKU Industrial 179,1,1,65.09,65.09,2026-03-27,2026-03-27,completed
Item SKU Industrial 490,5,5,223.4,223.4,2026-04-11,2026-04-13,completed_late
Item SKU Industrial 425,49,49,11018.14,11018.14,2025-07-08,2025-07-08,completed
Item SKU Industrial 295,29,29,848.54,848.54,2026-03-24,2026-04-01,completed_late
Item SKU Industrial 96,7,7,48.09,48.09,2024-09-16,2024-09-16,completed
Item SKU Industrial 349,47,47,5684.18,5684.18,2026-02-26,2026-02-26,completed
Item SKU Industrial 39,49,49,3841.6,3841.6,2025-09-01,2025-09-01,completed
Item SKU Industrial 447,4,4,24.4,24.4,2026-04-05,2026-04-05,completed
Item SKU Industrial 172,30,30,468.9,539.23,2024-06-29,2024-07-01,completed_late
Item SKU Industrial 170,12,12,1027.08,1027.08,2025-03-21,2025-03-21,completed
Item SKU Industrial 478,29,29,718.33,718.33,2026-04-10,2026-04-10,completed
Item SKU Industrial 186,50,50,6220.0,6220.0,2025-03-02,2025-03-02,completed
Item SKU Industrial 461,6,6,276.0,276.0,2024-12-31,2024-12-31,completed
Item SKU Industrial 355,2,2,38.7,38.7,2024-07-25,2024-07-25,completed
Item SKU Industrial 382,37,37,2878.6,2878.6,2026-02-06,2026-02-06,completed
Item SKU Industrial 192,6,6,306.78,306.78,2024-11-14,2024-11-16,completed_late
Item SKU Industrial 238,47,47,4763.45,4763.45,2025-11-06,2025-11-06,completed
Item SKU Industrial 401,40,40,834.8,834.8,2025-01-24,2025-01-24,completed
Item SKU Industrial 422,46,46,10747.44,10747.44,2025-11-01,2025-11-01,completed
Item SKU Industrial 330,12,12,123.24,141.73,2024-07-21,2024-07-21,completed
Item SKU Industrial 183,23,23,212.52,212.52,2025-12-20,2025-12-20,completed
Item SKU Industrial 112,1,1,9.13,9.13,2025-07-10,2025-07-10,completed
Item SKU Industrial 45,49,49,6181.84,6181.84,2026-03-16,2026-03-18,completed_late
Item SKU Industrial 87,48,48,4420.32,4420.32,2025-03-07,2025-03-07,completed
Item SKU Industrial 217,16,16,1344.0,1344.0,2026-01-09,2026-01-09,completed
Item SKU Industrial 62,45,45,495.0,495.0,2024-04-15,2024-04-15,completed
Item SKU Industrial 317,50,50,2287.0,2287.0,2024-07-08,2024-07-08,completed
Item SKU Industrial 104,17,17,5478.93,5478.93,2024-10-05,2024-10-05,completed
Item SKU Industrial 267,47,47,1786.47,1786.47,2025-08-15,2025-08-15,completed
Item SKU Industrial 232,45,45,1140.3,1140.3,2025-09-08,2025-09-10,completed_late
Item SKU Industrial 219,47,47,1817.02,2089.57,2026-03-21,2026-03-21,completed
Item SKU Industrial 437,1,1,132.28,132.28,2025-02-23,2025-02-23,completed
Item SKU Industrial 42,19,19,600.97,600.97,2025-04-18,2025-04-26,completed_late
Item SKU Industrial 195,38,38,1787.52,1787.52,2026-03-05,2026-03-05,completed
Item SKU Industrial 43,35,35,1555.75,1555.75,2026-05-15,2026-05-15,completed
Item SKU Industrial 428,39,39,3334.11,3334.11,2024-10-27,2024-10-27,completed
Item SKU Industrial 408,53,53,1632.4,1632.4,2026-03-29,2026-03-31,completed_late
Item SKU Industrial 198,2,2,105.54,105.54,2025-02-02,2025-02-02,completed
Item SKU Industrial 328,26,26,1106.82,1106.82,2024-12-14,2024-12-14,completed
Item SKU Industrial 333,50,50,6701.0,6701.0,2025-08-09,2025-08-09,completed
Item SKU Industrial 452,17,17,617.61,617.61,2025-07-19,2025-07-19,completed
Item SKU Industrial 331,35,35,15040.55,17296.63,2026-05-15,2026-05-15,completed
Item SKU Industrial 450,4,4,282.88,282.88,2025-07-25,2025-07-25,completed
Item SKU Industrial 138,18,18,3737.34,3737.34,2025-11-09,2025-11-11,completed_late
Item SKU Industrial 85,6,6,103.8,103.8,2025-12-19,2025-12-19,completed
Item SKU Industrial 367,49,49,1670.9,1670.9,2024-03-07,2024-03-07,completed
Item SKU Industrial 497,19,19,548.34,548.34,2025-11-20,2025-11-20,completed
Item SKU Industrial 430,39,39,2317.77,2317.77,2024-01-28,2024-01-28,completed
Item SKU Industrial 15,31,31,3743.56,3743.56,2024-12-12,2024-12-12,completed
Item SKU Industrial 26,14,14,171.92,171.92,2025-10-17,2025-10-17,completed
Item SKU Industrial 124,31,31,9850.25,9850.25,2025-10-20,2025-10-22,completed_late
Item SKU Industrial 415,26,26,6038.76,6038.76,2026-03-16,2026-03-16,completed
Item SKU Industrial 187,38,38,915.8,1053.17,2025-04-11,2025-04-11,completed
Item SKU Industrial 229,24,24,321.12,321.12,2025-09-11,2025-09-11,completed
Item SKU Industrial 269,26,26,845.78,845.78,2024-12-01,2024-12-01,completed
Item SKU Industrial 121,3,3,119.82,119.82,2026-02-26,2026-02-26,completed
Item SKU Industrial 456,45,45,1104.3,1104.3,2024-05-11,2024-05-11,completed
Item SKU Industrial 91,44,44,1613.92,1613.92,2025-07-25,2025-07-27,completed_late
Item SKU Industrial 94,33,33,901.56,901.56,2024-10-19,2024-10-19,completed
Item SKU Industrial 85,41,41,709.3,709.3,2025-06-02,2025-06-02,completed
Item SKU Industrial 252,11,11,697.07,697.07,2026-03-01,2026-03-01,completed
Item SKU Industrial 382,2,2,155.6,155.6,2025-05-19,2025-05-27,completed_late
Item SKU Industrial 26,16,16,196.48,196.48,2026-02-16,2026-02-16,completed
Item SKU Industrial 22,8,8,1548.32,1780.57,2024-12-09,2024-12-09,completed
Item SKU Industrial 62,41,41,451.0,451.0,2026-03-01,2026-03-03,completed_late
Item SKU Industrial 235,26,26,2908.62,2908.62,2024-06-06,2024-06-06,completed
Item SKU Industrial 309,13,13,1097.59,1097.59,2025-12-26,2025-12-26,completed
Item SKU Industrial 219,26,26,1005.16,1005.16,2025-07-29,2025-07-29,completed
Item SKU Industrial 447,39,39,237.9,237.9,2026-03-27,2026-03-27,completed
Item SKU Industrial 345,13,13,1570.4,1570.4,2025-07-20,2025-07-20,completed
Item SKU Industrial 184,25,25,2769.0,2769.0,2025-12-31,2025-12-31,completed
Item SKU Industrial 127,3,3,186.84,186.84,2024-02-01,2024-02-03,completed_late
Item SKU Industrial 198,42,42,2216.34,2216.34,2026-02-28,2026-02-28,completed
Item SKU Industrial 465,3,3,276.9,276.9,2025-03-28,2025-03-28,completed
Item SKU Industrial 311,25,25,2059.5,2368.42,2025-11-22,2025-11-22,completed
Item SKU Industrial 231,7,7,325.43,325.43,2025-05-18,2025-05-18,completed
Item SKU Industrial 161,39,39,10185.63,10185.63,2024-05-25,2024-05-25,completed
Item SKU Industrial 489,30,30,1672.8,1672.8,2025-03-08,2025-03-08,completed
Item SKU Industrial 85,17,17,294.1,294.1,2025-09-19,2025-09-21,completed_late
Item SKU Industrial 102,42,42,557.34,557.34,2025-09-06,2025-09-06,completed
Item SKU Industrial 59,4,4,60.32,60.32,2024-11-18,2024-11-18,completed
Item SKU Industrial 383,50,50,3778.0,3778.0,2026-01-09,2026-01-09,completed
Item SKU Industrial 123,14,14,140.0,140.0,2025-03-24,2025-03-24,completed
Item SKU Industrial 477,6,6,725.82,725.82,2025-03-02,2025-03-02,completed
Item SKU Industrial 421,40,40,8109.6,8109.6,2024-12-16,2024-12-16,completed
Item SKU Industrial 476,34,34,361.42,415.63,2026-01-15,2026-01-17,completed_late
Item SKU Industrial 163,19,19,545.87,545.87,2025-12-26,2025-12-26,completed
Item SKU Industrial 119,23,23,550.85,550.85,2026-01-12,2026-01-12,completed
Item SKU Industrial 376,33,33,429.33,429.33,2025-10-19,2025-10-19,completed
Item SKU Industrial 100,36,36,2323.44,2323.44,2025-12-09,2025-12-09,completed
Item SKU Industrial 353,15,15,1815.0,1815.0,2026-04-26,2026-05-04,completed_late
Item SKU Industrial 79,40,40,9030.0,9030.0,2024-10-15,2024-10-15,completed
Item SKU Industrial 293,35,35,772.8,772.8,2026-05-15,2026-05-17,completed_late
Item SKU Industrial 456,7,7,171.78,171.78,2025-11-21,2025-11-21,completed
Item SKU Industrial 116,41,41,2348.48,2348.48,2026-01-16,2026-01-16,completed
Item SKU Industrial 327,52,52,503.88,503.88,2024-09-19,2024-09-19,completed
Item SKU Industrial 225,23,23,210.45,242.02,2025-10-24,2025-10-24,completed
Item SKU Industrial 82,23,23,143.52,143.52,2025-11-15,2025-11-15,completed
Item SKU Industrial 147,31,31,1581.62,1581.62,2025-06-12,2025-06-12,completed
Item SKU Industrial 204,45,45,2580.3,2580.3,2024-05-19,2024-05-21,completed_late
Item SKU Industrial 29,40,40,5611.2,5611.2,2024-05-12,2024-05-12,completed
Item SKU Industrial 49,52,52,3399.76,3399.76,2025-04-12,2025-04-12,completed
Item SKU Industrial 230,37,37,583.86,583.86,2025-10-24,2025-10-24,completed
Item SKU Industrial 363,42,42,6407.52,6407.52,2025-09-22,2025-09-22,completed
Item SKU Industrial 75,38,38,465.5,465.5,2024-10-07,2024-10-07,completed
Item SKU Industrial 189,47,47,286.23,286.23,2024-03-26,2024-03-26,completed
Item SKU Industrial 129,1,1,164.29,164.29,2025-11-13,2025-11-15,completed_late
Item SKU Industrial 468,27,27,525.69,604.54,2026-04-28,2026-04-28,completed
Item SKU Industrial 24,13,13,1581.45,1581.45,2024-02-05,2024-02-05,completed
Item SKU Industrial 436,7,7,2218.72,2218.72,2025-02-10,2025-02-10,completed
Item SKU Industrial 395,28,28,4145.96,4145.96,2024-08-22,2024-08-22,completed
Item SKU Industrial 407,24,24,1705.68,1705.68,2024-04-28,2024-04-28,completed
Item SKU Industrial 137,28,28,1634.64,1634.64,2025-06-30,2025-06-30,completed
Item SKU Industrial 479,27,27,4619.7,4619.7,2025-05-08,2025-05-10,completed_late
Item SKU Industrial 262,17,17,1019.49,1019.49,2025-06-06,2025-06-06,completed
Item SKU Industrial 274,7,7,945.21,945.21,2024-05-09,2024-05-09,completed
Item SKU Industrial 78,14,14,637.56,637.56,2025-07-13,2025-07-13,completed
Item SKU Industrial 322,50,50,1461.0,1461.0,2024-03-01,2024-03-01,completed
Item SKU Industrial 164,31,31,1816.91,2089.45,2025-08-04,2025-08-04,completed
Item SKU Industrial 323,35,35,2483.95,2483.95,2025-12-18,2025-12-26,completed_late
Item SKU Industrial 411,35,35,7667.45,7667.45,2025-10-16,2025-10-18,completed_late
Item SKU Industrial 410,53,53,1181.37,1181.37,2025-10-11,2025-10-11,completed
Item SKU Industrial 69,49,49,1768.41,1768.41,2026-04-09,2026-04-09,completed
Item SKU Industrial 6,4,4,74.44,74.44,2024-11-11,2024-11-11,completed
Item SKU Industrial 111,20,20,3313.0,3313.0,2025-12-01,2025-12-01,completed
Item SKU Industrial 18,7,7,305.2,305.2,2024-05-20,2024-05-20,completed
Item SKU Industrial 499,7,7,341.88,341.88,2024-11-30,2024-11-30,completed
Item SKU Industrial 37,42,42,9164.82,9164.82,2025-06-12,2025-06-14,completed_late
Item SKU Industrial 227,48,48,1584.48,1584.48,2025-09-22,2025-09-22,completed
Item SKU Industrial 101,18,18,7367.04,8472.1,2025-09-12,2025-09-12,completed
Item SKU Industrial 217,2,2,168.0,168.0,2025-10-03,2025-10-03,completed
Item SKU Industrial 487,31,31,1827.76,1827.76,2024-11-27,2024-11-27,completed
Item SKU Industrial 34,36,36,5999.76,5999.76,2024-01-04,2024-01-04,completed
Item SKU Industrial 321,11,11,769.34,769.34,2024-04-25,2024-04-25,completed
Item SKU Industrial 60,39,39,493.35,493.35,2025-09-29,2025-10-01,completed_late
Item SKU Industrial 411,46,46,10077.22,10077.22,2024-11-15,2024-11-15,completed
Item SKU Industrial 346,5,5,992.75,992.75,2024-12-22,2024-12-22,completed
Item SKU Industrial 428,42,42,3590.58,3590.58,2025-11-10,2025-11-10,completed
Item SKU Industrial 256,4,4,506.12,506.12,2024-04-27,2024-04-27,completed
Item SKU Industrial 45,44,44,5551.04,5551.04,2026-04-25,2026-04-25,completed
Item SKU Industrial 113,23,23,642.16,738.48,2024-11-11,2024-11-11,completed
Item SKU Industrial 351,47,47,6683.87,6683.87,2024-07-21,2024-07-23,completed_late
Item SKU Industrial 463,30,30,1368.0,1368.0,2025-05-30,2025-05-30,completed
Item SKU Industrial 475,38,38,3216.32,3216.32,2025-08-14,2025-08-14,completed
Item SKU Industrial 40,42,42,3849.72,3849.72,2024-02-11,2024-02-11,completed
Item SKU Industrial 110,26,26,1961.7,1961.7,2025-12-19,2025-12-19,completed
Item SKU Industrial 225,12,12,109.8,109.8,2025-09-15,2025-09-15,completed
Item SKU Industrial 401,6,6,125.22,125.22,2025-06-01,2025-06-01,completed
Item SKU Industrial 388,37,37,904.65,904.65,2024-01-08,2024-01-16,completed_late
Item SKU Industrial 497,45,45,1298.7,1298.7,2026-01-18,2026-01-18,completed
Item SKU Industrial 151,15,15,1018.2,1018.2,2024-11-11,2024-11-11,completed
Item SKU Industrial 36,47,47,2037.45,2343.07,2026-04-13,2026-04-13,completed
Item SKU Industrial 396,18,18,305.46,305.46,2024-07-28,2024-07-28,completed
Item SKU Industrial 92,8,8,255.92,255.92,2025-05-08,2025-05-08,completed
Item SKU Industrial 78,51,51,2322.54,2322.54,2024-08-28,2024-08-28,completed
Item SKU Industrial 190,20,20,921.2,921.2,2025-08-22,2025-08-24,completed_late
Item SKU Industrial 422,51,51,11915.64,11915.64,2026-04-17,2026-04-17,completed
Item SKU Industrial 216,19,19,385.32,385.32,2026-01-17,2026-01-17,completed
Item SKU Industrial 267,49,49,1862.49,1862.49,2025-05-05,2025-05-05,completed
Item SKU Industrial 324,48,48,960.48,960.48,2024-08-18,2024-08-18,completed
Item SKU Industrial 126,23,23,2309.2,2309.2,2025-11-16,2025-11-16,completed
Item SKU Industrial 468,37,37,720.39,720.39,2025-07-12,2025-07-12,completed
Item SKU Industrial 362,48,48,2613.12,3005.09,2024-12-08,2024-12-10,completed_late
Item SKU Industrial 138,28,28,5813.64,5813.64,2025-03-14,2025-03-14,completed
Item SKU Industrial 460,41,41,2822.03,2822.03,2024-06-14,2024-06-14,completed
Item SKU Industrial 18,15,15,654.0,654.0,2026-03-14,2026-03-14,completed
Item SKU Industrial 224,7,7,168.28,168.28,2026-04-25,2026-04-25,completed
Item SKU Industrial 264,2,2,63.28,63.28,2026-02-16,2026-02-16,completed
Item SKU Industrial 380,30,30,569.7,569.7,2025-12-07,2025-12-07,completed
Item SKU Industrial 413,18,18,769.68,769.68,2024-07-07,2024-07-09,completed_late
Item SKU Industrial 210,16,16,1211.84,1211.84,2024-10-13,2024-10-13,completed
Item SKU Industrial 48,19,19,253.08,253.08,2024-12-21,2024-12-21,completed
Item SKU Industrial 101,40,40,16371.2,16371.2,2024-10-28,2024-10-28,completed
Item SKU Industrial 105,48,48,3086.4,3549.36,2026-05-03,2026-05-03,completed
Item SKU Industrial 342,17,17,2693.82,2693.82,2024-04-11,2024-04-11,completed
Item SKU Industrial 346,14,14,2779.7,2779.7,2025-01-01,2025-01-01,completed
Item SKU Industrial 179,23,23,1497.07,1497.07,2026-01-08,2026-01-10,completed_late
Item SKU Industrial 206,17,17,1126.93,1126.93,2025-07-17,2025-07-25,completed_late
Item SKU Industrial 228,42,42,937.86,937.86,2026-03-28,2026-03-28,completed
Item SKU Industrial 29,11,11,1543.08,1543.08,2026-01-15,2026-01-15,completed
Item SKU Industrial 264,3,3,94.92,94.92,2026-05-23,2026-05-23,completed
Item SKU Industrial 88,44,44,5299.36,5299.36,2025-11-13,2025-11-13,completed
Item SKU Industrial 144,7,7,2821.07,2821.07,2026-01-01,2026-01-01,completed
Item SKU Industrial 298,47,47,640.14,640.14,2024-06-03,2024-06-05,completed_late
Item SKU Industrial 36,5,5,216.75,249.26,2026-05-23,2026-05-23,completed
Item SKU Industrial 88,38,38,4576.72,4576.72,2024-02-09,2024-02-09,completed
Item SKU Industrial 358,30,30,2817.0,2817.0,2024-06-23,2024-06-23,completed
Item SKU Industrial 356,22,22,424.38,424.38,2025-09-27,2025-09-27,completed
Item SKU Industrial 52,47,47,2777.23,2777.23,2025-07-13,2025-07-13,completed
Item SKU Industrial 262,40,40,2398.8,2398.8,2026-04-03,2026-04-03,completed
Item SKU Industrial 211,14,14,415.8,415.8,2025-07-28,2025-07-30,completed_late
Item SKU Industrial 50,14,14,148.26,148.26,2025-01-09,2025-01-09,completed
Item SKU Industrial 140,1,1,8.91,8.91,2024-12-08,2024-12-08,completed
Item SKU Industrial 230,45,45,710.1,710.1,2025-01-07,2025-01-07,completed
Item SKU Industrial 70,36,36,5463.0,5463.0,2024-04-22,2024-04-22,completed
Item SKU Industrial 72,6,6,2179.2,2506.08,2024-07-22,2024-07-22,completed
Item SKU Industrial 161,48,48,12536.16,12536.16,2025-10-08,2025-10-08,completed
Item SKU Industrial 209,42,42,1488.06,1488.06,2025-02-01,2025-02-03,completed_late
Item SKU Industrial 171,27,27,1071.09,1071.09,2025-02-08,2025-02-08,completed
Item SKU Industrial 183,2,2,18.48,18.48,2026-02-01,2026-02-01,completed
Item SKU Industrial 61,22,22,2409.44,2409.44,2026-03-26,2026-03-26,completed
Item SKU Industrial 180,40,40,7724.0,7724.0,2025-08-11,2025-08-11,completed
Item SKU Industrial 369,9,9,465.12,465.12,2024-12-06,2024-12-06,completed
Item SKU Industrial 325,42,42,2664.48,2664.48,2026-02-06,2026-02-06,completed
Item SKU Industrial 116,4,4,229.12,229.12,2026-01-25,2026-01-27,completed_late
Item SKU Industrial 429,38,38,2926.76,2926.76,2025-12-07,2025-12-07,completed
Item SKU Industrial 231,23,23,1069.27,1229.66,2025-05-23,2025-05-31,completed_late
Item SKU Industrial 34,49,49,8166.34,8166.34,2024-04-07,2024-04-07,completed
Item SKU Industrial 247,20,20,478.4,478.4,2026-04-12,2026-04-12,completed
Item SKU Industrial 307,30,30,788.1,788.1,2025-11-30,2025-11-30,completed
Item SKU Industrial 184,53,53,5870.28,5870.28,2025-11-03,2025-11-03,completed
Item SKU Industrial 285,45,45,3776.4,3776.4,2024-11-20,2024-11-22,completed_late
Item SKU Industrial 490,20,20,893.6,893.6,2026-03-20,2026-03-20,completed
Item SKU Industrial 498,14,14,1337.28,1337.28,2026-01-22,2026-01-22,completed
Item SKU Industrial 433,28,28,5308.52,5308.52,2024-05-17,2024-05-17,completed
Item SKU Industrial 114,35,35,8560.3,8560.3,2024-09-14,2024-09-14,completed
Item SKU Industrial 216,51,51,1034.28,1034.28,2026-02-06,2026-02-06,completed
Item SKU Industrial 369,1,1,51.68,59.43,2026-05-24,2026-05-24,completed
Item SKU Industrial 89,17,17,1328.21,1328.21,2025-02-06,2025-02-08,completed_late
Item SKU Industrial 27,39,39,8615.88,8615.88,2026-03-30,2026-03-30,completed
Item SKU Industrial 274,9,9,1215.27,1215.27,2025-06-22,2025-06-22,completed
Item SKU Industrial 397,27,27,3976.02,3976.02,2024-11-30,2024-11-30,completed
Item SKU Industrial 21,39,39,9688.77,9688.77,2024-11-21,2024-11-21,completed
Item SKU Industrial 262,1,1,59.97,59.97,2025-02-16,2025-02-16,completed
Item SKU Industrial 411,13,13,2847.91,2847.91,2025-12-11,2025-12-11,completed
Item SKU Industrial 444,14,14,160.16,160.16,2024-06-04,2024-06-06,completed_late
Item SKU Industrial 92,11,11,351.89,351.89,2025-05-09,2025-05-09,completed
Item SKU Industrial 59,8,8,120.64,120.64,2026-01-20,2026-01-20,completed
Item SKU Industrial 93,42,42,7543.62,8675.16,2025-04-11,2025-04-11,completed
Item SKU Industrial 474,4,4,243.44,243.44,2025-01-25,2025-01-25,completed
Item SKU Industrial 118,35,35,964.25,964.25,2025-10-03,2025-10-03,completed
Item SKU Industrial 18,11,11,479.6,479.6,2025-01-30,2025-01-30,completed
Item SKU Industrial 467,20,20,1721.8,1721.8,2025-11-21,2025-11-23,completed_late
Item SKU Industrial 202,4,4,65.28,65.28,2025-04-18,2025-04-18,completed
Item SKU Industrial 165,35,35,487.9,487.9,2024-04-08,2024-04-08,completed
Item SKU Industrial 416,41,41,651.9,651.9,2026-03-05,2026-03-13,completed_late
Item SKU Industrial 397,34,34,5006.84,5006.84,2025-11-25,2025-11-25,completed
Item SKU Industrial 497,30,30,865.8,865.8,2024-03-10,2024-03-10,completed
Item SKU Industrial 389,27,27,2740.77,2740.77,2025-05-15,2025-05-15,completed
Item SKU Industrial 101,47,47,19236.16,22121.58,2025-03-03,2025-03-05,completed_late
Item SKU Industrial 480,8,8,187.52,187.52,2025-06-08,2025-06-08,completed
Item SKU Industrial 403,27,27,3074.76,3074.76,2025-03-02,2025-03-02,completed
Item SKU Industrial 321,8,8,559.52,559.52,2025-04-19,2025-04-19,completed
Item SKU Industrial 59,6,6,90.48,90.48,2025-12-11,2025-12-11,completed
Item SKU Industrial 413,17,17,726.92,726.92,2026-02-26,2026-02-26,completed
Item SKU Industrial 475,35,35,2962.4,2962.4,2025-06-15,2025-06-15,completed
Item SKU Industrial 191,28,28,2506.56,2506.56,2026-02-02,2026-02-04,completed_late
Item SKU Industrial 335,6,6,658.74,658.74,2025-08-15,2025-08-15,completed
Item SKU Industrial 338,18,18,1082.7,1082.7,2024-12-06,2024-12-06,completed
Item SKU Industrial 191,14,14,1253.28,1253.28,2024-03-04,2024-03-04,completed
Item SKU Industrial 256,22,22,2783.66,3201.21,2025-09-07,2025-09-07,completed
Item SKU Industrial 278,3,3,208.29,208.29,2024-03-23,2024-03-23,completed
Item SKU Industrial 129,25,25,4107.25,4107.25,2024-04-14,2024-04-14,completed
Item SKU Industrial 188,7,7,101.57,101.57,2024-02-05,2024-02-07,completed_late
Item SKU Industrial 161,38,38,9924.46,9924.46,2024-12-13,2024-12-13,completed
Item SKU Industrial 324,20,20,400.2,400.2,2026-02-09,2026-02-09,completed
Item SKU Industrial 26,52,52,638.56,638.56,2024-04-01,2024-04-01,completed
Item SKU Industrial 227,29,29,957.29,957.29,2024-07-08,2024-07-08,completed
Item SKU Industrial 255,29,29,722.1,722.1,2025-11-22,2025-11-22,completed
Item SKU Industrial 310,28,28,5672.24,5672.24,2025-04-21,2025-04-21,completed
Item SKU Industrial 144,14,14,5642.14,5642.14,2025-02-03,2025-02-05,completed_late
Item SKU Industrial 94,31,31,846.92,973.96,2026-05-24,2026-05-24,completed
Item SKU Industrial 194,46,46,10136.1,10136.1,2026-05-10,2026-05-10,completed
Item SKU Industrial 221,35,35,2158.45,2158.45,2026-05-03,2026-05-03,completed
Item SKU Industrial 42,5,5,158.15,158.15,2025-09-20,2025-09-28,completed_late
Item SKU Industrial 462,18,18,3316.68,3316.68,2026-01-26,2026-01-26,completed
Item SKU Industrial 25,36,36,4977.36,4977.36,2025-11-04,2025-11-04,completed
Item SKU Industrial 74,18,18,678.24,678.24,2026-05-23,2026-05-25,completed_late
Item SKU Industrial 358,24,24,2253.6,2253.6,2025-02-09,2025-02-09,completed
Item SKU Industrial 53,2,2,369.2,369.2,2026-04-02,2026-04-02,completed
Item SKU Industrial 298,12,12,163.44,163.44,2026-05-12,2026-05-12,completed
Item SKU Industrial 348,48,48,492.0,492.0,2024-01-07,2024-01-07,completed
Item SKU Industrial 216,26,26,527.28,606.37,2025-06-30,2025-06-30,completed
Item SKU Industrial 10,35,35,4690.7,4690.7,2025-06-01,2025-06-01,completed
Item SKU Industrial 89,38,38,2968.94,2968.94,2025-12-06,2025-12-08,completed_late
Item SKU Industrial 276,42,42,617.4,617.4,2025-03-22,2025-03-22,completed
Item SKU Industrial 58,7,7,614.74,614.74,2026-01-20,2026-01-20,completed
Item SKU Industrial 242,36,36,330.48,330.48,2026-01-02,2026-01-02,completed
Item SKU Industrial 414,24,24,1517.04,1517.04,2025-11-08,2025-11-08,completed
Item SKU Industrial 63,47,47,6872.81,6872.81,2025-01-16,2025-01-16,completed
Item SKU Industrial 387,44,44,1400.08,1400.08,2024-10-20,2024-10-20,completed
Item SKU Industrial 459,3,3,54.54,54.54,2025-10-03,2025-10-05,completed_late
Item SKU Industrial 293,16,16,353.28,353.28,2024-06-14,2024-06-14,completed
Item SKU Industrial 337,52,52,4390.88,5049.51,2024-03-15,2024-03-15,completed
Item SKU Industrial 264,51,51,1613.64,1613.64,2026-01-26,2026-01-26,completed
Item SKU Industrial 163,4,4,114.92,114.92,2025-12-14,2025-12-14,completed
Item SKU Industrial 56,42,42,748.86,748.86,2024-06-16,2024-06-16,completed
Item SKU Industrial 328,46,46,1958.22,1958.22,2024-06-01,2024-06-01,completed
Item SKU Industrial 275,24,24,1293.12,1293.12,2025-12-15,2025-12-17,completed_late
Item SKU Industrial 262,31,31,1859.07,1859.07,2024-05-31,2024-05-31,completed
Item SKU Industrial 51,7,7,516.74,516.74,2026-01-18,2026-01-18,completed
Item SKU Industrial 4,37,37,5696.15,5696.15,2025-03-09,2025-03-09,completed
Item SKU Industrial 145,18,18,366.48,366.48,2024-08-01,2024-08-01,completed
Item SKU Industrial 95,38,38,11688.8,11688.8,2024-08-17,2024-08-25,completed_late
Item SKU Industrial 449,26,26,1181.44,1358.66,2025-08-01,2025-08-01,completed
Item SKU Industrial 149,31,31,4962.48,4962.48,2026-03-31,2026-04-02,completed_late
Item SKU Industrial 329,46,46,659.64,659.64,2025-09-19,2025-09-19,completed
Item SKU Industrial 5,15,15,473.55,473.55,2024-11-09,2024-11-09,completed
Item SKU Industrial 172,23,23,359.49,359.49,2025-01-04,2025-01-04,completed
Item SKU Industrial 349,29,29,3507.26,3507.26,2026-05-08,2026-05-08,completed
Item SKU Industrial 461,47,47,2162.0,2162.0,2024-10-24,2024-10-24,completed
Item SKU Industrial 131,46,46,869.4,869.4,2025-08-04,2025-08-04,completed
Item SKU Industrial 417,14,14,958.3,958.3,2025-06-11,2025-06-13,completed_late
Item SKU Industrial 108,3,3,158.82,158.82,2024-01-29,2024-01-29,completed
Item SKU Industrial 348,4,4,41.0,41.0,2025-08-25,2025-08-25,completed
Item SKU Industrial 94,6,6,163.92,188.51,2025-07-14,2025-07-14,completed
Item SKU Industrial 272,2,2,187.22,187.22,2026-01-16,2026-01-16,completed
Item SKU Industrial 142,2,2,84.3,84.3,2025-09-24,2025-09-24,completed
Item SKU Industrial 297,31,31,6860.3,6860.3,2026-01-19,2026-01-19,completed
Item SKU Industrial 312,33,33,2464.77,2464.77,2026-04-05,2026-04-07,completed_late
Item SKU Industrial 415,17,17,3948.42,3948.42,2024-12-15,2024-12-15,completed
Item SKU Industrial 199,50,50,4549.5,4549.5,2024-04-19,2024-04-19,completed
Item SKU Industrial 207,24,24,8604.48,8604.48,2024-02-25,2024-02-25,completed
Item SKU Industrial 49,15,15,980.7,980.7,2025-12-11,2025-12-11,completed
Item SKU Industrial 64,47,47,5453.41,5453.41,2025-09-25,2025-09-25,completed
Item SKU Industrial 154,13,13,111.93,111.93,2025-04-06,2025-04-06,completed
Item SKU Industrial 399,6,6,322.14,370.46,2025-08-26,2025-08-28,completed_late
Item SKU Industrial 41,11,11,625.13,625.13,2024-11-04,2024-11-04,completed
Item SKU Industrial 135,11,11,1211.76,1211.76,2025-10-12,2025-10-12,completed
Item SKU Industrial 299,8,8,545.68,545.68,2025-01-30,2025-01-30,completed
Item SKU Industrial 161,30,30,7835.1,7835.1,2024-02-08,2024-02-08,completed
Item SKU Industrial 24,2,2,243.3,243.3,2026-03-09,2026-03-09,completed
Item SKU Industrial 27,7,7,1546.44,1546.44,2025-05-26,2025-06-03,completed_late
Item SKU Industrial 98,51,51,429.42,429.42,2026-03-09,2026-03-11,completed_late
Item SKU Industrial 330,36,36,369.72,369.72,2025-12-17,2025-12-17,completed
Item SKU Industrial 497,20,20,577.2,577.2,2025-05-25,2025-05-25,completed
Item SKU Industrial 489,18,18,1003.68,1003.68,2024-06-22,2024-06-22,completed
Item SKU Industrial 136,11,11,952.49,1095.36,2025-11-07,2025-11-07,completed
Item SKU Industrial 214,37,37,607.54,607.54,2024-11-21,2024-11-21,completed
Item SKU Industrial 233,17,17,640.9,640.9,2026-04-09,2026-04-09,completed
Item SKU Industrial 35,24,24,341.52,341.52,2024-04-01,2024-04-03,completed_late
Item SKU Industrial 279,51,51,5587.56,5587.56,2024-09-27,2024-09-27,completed
Item SKU Industrial 287,44,44,16026.56,16026.56,2025-06-01,2025-06-01,completed
Item SKU Industrial 447,19,19,115.9,115.9,2025-04-10,2025-04-10,completed
Item SKU Industrial 429,14,14,1078.28,1078.28,2025-10-30,2025-10-30,completed
Item SKU Industrial 462,27,27,4975.02,4975.02,2025-11-20,2025-11-20,completed
Item SKU Industrial 21,25,25,6210.75,6210.75,2024-08-01,2024-08-01,completed
Item SKU Industrial 40,15,15,1374.9,1374.9,2025-08-18,2025-08-20,completed_late
Item SKU Industrial 117,11,11,994.4,1143.56,2025-09-12,2025-09-12,completed
Item SKU Industrial 235,53,53,5929.11,5929.11,2025-11-20,2025-11-20,completed
Item SKU Industrial 187,22,22,530.2,530.2,2026-05-07,2026-05-07,completed
Item SKU Industrial 77,5,5,353.85,353.85,2026-02-28,2026-02-28,completed
Item SKU Industrial 328,23,23,979.11,979.11,2024-10-18,2024-10-18,completed
Item SKU Industrial 107,51,51,5542.17,5542.17,2026-02-16,2026-02-16,completed
Item SKU Industrial 358,16,16,1502.4,1502.4,2025-08-02,2025-08-04,completed_late
Item SKU Industrial 284,35,35,2711.1,2711.1,2025-10-16,2025-10-16,completed
Item SKU Industrial 487,29,29,1709.84,1709.84,2024-03-16,2024-03-16,completed
Item SKU Industrial 493,36,36,707.4,707.4,2025-01-23,2025-01-23,completed
Item SKU Industrial 443,38,38,1659.08,1659.08,2025-03-24,2025-03-24,completed
Item SKU Industrial 35,3,3,42.69,49.09,2025-03-03,2025-03-03,completed
Item SKU Industrial 66,33,33,412.83,412.83,2025-10-09,2025-10-09,completed
Item SKU Industrial 196,28,28,1887.48,1887.48,2024-09-05,2024-09-13,completed_late
Item SKU Industrial 265,46,46,2177.18,2177.18,2025-10-17,2025-10-17,completed
Item SKU Industrial 53,26,26,4799.6,4799.6,2025-03-31,2025-03-31,completed
Item SKU Industrial 43,29,29,1289.05,1289.05,2025-11-10,2025-11-10,completed
Item SKU Industrial 233,25,25,942.5,942.5,2025-09-13,2025-09-13,completed
Item SKU Industrial 343,35,35,9668.05,9668.05,2026-05-23,2026-05-23,completed
Item SKU Industrial 315,8,8,168.32,168.32,2024-02-10,2024-02-10,completed
Item SKU Industrial 68,5,5,193.75,193.75,2025-01-03,2025-01-05,completed_late
Item SKU Industrial 352,41,41,723.24,723.24,2025-03-28,2025-03-28,completed
Item SKU Industrial 124,2,2,635.5,730.82,2026-05-09,2026-05-09,completed
Item SKU Industrial 77,15,15,1061.55,1061.55,2025-04-18,2025-04-18,completed
Item SKU Industrial 443,41,41,1790.06,1790.06,2025-01-08,2025-01-08,completed
Item SKU Industrial 99,11,11,1966.91,1966.91,2024-01-26,2024-01-26,completed
Item SKU Industrial 148,22,22,6617.38,6617.38,2026-02-21,2026-02-21,completed
Item SKU Industrial 69,27,27,974.43,974.43,2026-04-20,2026-04-22,completed_late
Item SKU Industrial 320,16,16,260.96,260.96,2026-02-22,2026-02-22,completed
Item SKU Industrial 439,22,22,4075.06,4075.06,2026-01-27,2026-01-27,completed
Item SKU Industrial 334,7,7,238.91,238.91,2025-01-23,2025-01-23,completed
Item SKU Industrial 364,50,50,2907.0,2907.0,2026-04-13,2026-04-13,completed
Item SKU Industrial 248,14,14,622.58,622.58,2025-10-11,2025-10-11,completed
Item SKU Industrial 128,20,20,651.6,749.34,2026-01-15,2026-01-15,completed
Item SKU Industrial 460,50,50,3441.5,3441.5,2025-05-12,2025-05-14,completed_late
Item SKU Industrial 344,30,30,553.2,553.2,2024-02-23,2024-02-23,completed
Item SKU Industrial 8,16,16,1476.32,1476.32,2025-11-27,2025-11-27,completed
Item SKU Industrial 35,8,8,113.84,113.84,2025-09-13,2025-09-13,completed
Item SKU Industrial 104,18,18,5801.22,5801.22,2026-01-29,2026-01-29,completed
Item SKU Industrial 397,29,29,4270.54,4270.54,2025-02-15,2025-02-15,completed
Item SKU Industrial 471,5,5,279.85,279.85,2026-01-11,2026-01-11,completed
Item SKU Industrial 279,47,47,5149.32,5149.32,2025-05-03,2025-05-05,completed_late
Item SKU Industrial 434,48,48,2616.48,2616.48,2025-03-02,2025-03-10,completed_late
Item SKU Industrial 359,14,14,875.7,875.7,2024-03-05,2024-03-05,completed
Item SKU Industrial 46,44,44,6546.32,7528.27,2024-01-20,2024-01-20,completed
Item SKU Industrial 308,1,1,20.38,20.38,2024-06-16,2024-06-16,completed
Item SKU Industrial 368,44,44,5852.88,5852.88,2025-11-23,2025-11-23,completed
Item SKU Industrial 445,4,4,128.24,128.24,2025-12-11,2025-12-11,completed
Item SKU Industrial 81,29,29,2081.62,2081.62,2024-11-16,2024-11-18,completed_late
Item SKU Industrial 200,33,33,5737.05,5737.05,2024-11-14,2024-11-14,completed
Item SKU Industrial 308,24,24,489.12,489.12,2026-02-26,2026-02-26,completed
Item SKU Industrial 159,28,28,1734.32,1734.32,2024-11-25,2024-11-25,completed
Item SKU Industrial 163,27,27,775.71,775.71,2025-09-01,2025-09-01,completed
Item SKU Industrial 17,19,19,774.06,774.06,2026-01-08,2026-01-08,completed
Item SKU Industrial 495,27,27,5547.96,5547.96,2026-03-07,2026-03-07,completed
Item SKU Industrial 319,39,39,1009.71,1161.17,2025-03-08,2025-03-10,completed_late
Item SKU Industrial 208,40,40,2092.8,2092.8,2026-04-08,2026-04-08,completed
Item SKU Industrial 496,37,37,1553.63,1553.63,2024-10-26,2024-10-26,completed
Item SKU Industrial 275,19,19,1023.72,1023.72,2024-03-17,2024-03-17,completed
Item SKU Industrial 445,34,34,1090.04,1090.04,2024-10-07,2024-10-07,completed
Item SKU Industrial 491,46,46,3774.3,3774.3,2025-01-16,2025-01-16,completed
Item SKU Industrial 140,35,35,311.85,311.85,2025-06-25,2025-06-25,completed
Item SKU Industrial 427,12,12,263.16,263.16,2024-03-17,2024-03-19,completed_late
Item SKU Industrial 389,20,20,2030.2,2030.2,2025-04-13,2025-04-13,completed
Item SKU Industrial 101,52,52,21282.56,21282.56,2025-09-08,2025-09-08,completed
Item SKU Industrial 359,18,18,1125.9,1125.9,2025-05-15,2025-05-15,completed
Item SKU Industrial 194,15,15,3305.25,3801.04,2025-07-28,2025-07-28,completed
Item SKU Industrial 144,19,19,7657.19,7657.19,2025-07-25,2025-07-25,completed
Item SKU Industrial 286,31,31,1236.59,1236.59,2026-04-27,2026-04-27,completed
Item SKU Industrial 248,52,52,2312.44,2312.44,2024-01-15,2024-01-17,completed_late
Item SKU Industrial 292,5,5,148.85,148.85,2026-05-14,2026-05-14,completed
Item SKU Industrial 371,28,28,6419.28,6419.28,2025-05-16,2025-05-24,completed_late
Item SKU Industrial 395,3,3,444.21,444.21,2024-12-17,2024-12-17,completed
Item SKU Industrial 79,40,40,9030.0,9030.0,2024-05-26,2024-05-26,completed
Item SKU Industrial 281,25,25,371.0,371.0,2024-05-30,2024-05-30,completed
Item SKU Industrial 237,7,7,981.12,981.12,2026-03-16,2026-03-16,completed
Item SKU Industrial 496,30,30,1259.7,1259.7,2026-05-17,2026-05-19,completed_late
Item SKU Industrial 291,36,36,694.44,798.61,2025-11-10,2025-11-10,completed
Item SKU Industrial 166,41,41,9959.72,9959.72,2025-11-23,2025-11-23,completed
Item SKU Industrial 9,45,45,8793.0,8793.0,2025-12-28,2025-12-28,completed
Item SKU Industrial 74,40,40,1507.2,1507.2,2026-03-07,2026-03-07,completed
Item SKU Industrial 38,6,6,1741.2,1741.2,2025-09-20,2025-09-20,completed
Item SKU Industrial 161,15,15,3917.55,3917.55,2025-02-15,2025-02-15,completed
Item SKU Industrial 198,37,37,1952.49,1952.49,2026-03-19,2026-03-21,completed_late
Item SKU Industrial 321,7,7,489.58,489.58,2024-02-09,2024-02-09,completed
Item SKU Industrial 123,3,3,30.0,30.0,2026-05-01,2026-05-01,completed
Item SKU Industrial 115,6,6,1164.84,1164.84,2026-05-21,2026-05-21,completed
Item SKU Industrial 420,31,31,222.89,222.89,2024-01-26,2024-01-26,completed
Item SKU Industrial 89,25,25,1953.25,2246.24,2026-03-07,2026-03-07,completed
Item SKU Industrial 480,45,45,1054.8,1054.8,2026-04-27,2026-04-27,completed
Item SKU Industrial 316,6,6,204.36,204.36,2025-01-12,2025-01-14,completed_late
Item SKU Industrial 234,30,30,1995.9,1995.9,2025-07-03,2025-07-03,completed
Item SKU Industrial 24,6,6,729.9,729.9,2025-04-03,2025-04-03,completed
Item SKU Industrial 232,18,18,456.12,456.12,2024-07-26,2024-07-26,completed
Item SKU Industrial 87,47,47,4328.23,4328.23,2024-08-02,2024-08-02,completed
Item SKU Industrial 196,30,30,2022.3,2022.3,2026-03-27,2026-03-27,completed
Item SKU Industrial 291,48,48,925.92,925.92,2024-09-12,2024-09-12,completed
Item SKU Industrial 135,44,44,4847.04,4847.04,2024-06-09,2024-06-11,completed_late
Item SKU Industrial 324,13,13,260.13,260.13,2024-01-28,2024-01-28,completed
Item SKU Industrial 157,20,20,12012.8,13814.72,2026-01-19,2026-01-19,completed
Item SKU Industrial 25,8,8,1106.08,1106.08,2024-03-29,2024-04-06,completed_late
Item SKU Industrial 97,1,1,347.15,347.15,2024-04-14,2024-04-14,completed
Item SKU Industrial 125,47,47,17474.6,17474.6,2026-02-26,2026-02-26,completed
Item SKU Industrial 267,5,5,190.05,190.05,2025-09-05,2025-09-05,completed
Item SKU Industrial 497,12,12,346.32,346.32,2025-08-28,2025-08-30,completed_late
Item SKU Industrial 251,4,4,175.24,175.24,2024-03-29,2024-03-29,completed
Item SKU Industrial 374,45,45,7794.0,7794.0,2025-10-01,2025-10-01,completed
Item SKU Industrial 457,7,7,376.53,376.53,2026-03-20,2026-03-20,completed
Item SKU Industrial 141,19,19,152.0,152.0,2026-01-11,2026-01-11,completed
Item SKU Industrial 295,36,36,1053.36,1053.36,2025-07-03,2025-07-03,completed
Item SKU Industrial 14,2,2,209.22,240.6,2026-03-30,2026-03-30,completed
Item SKU Industrial 300,33,33,1476.09,1476.09,2026-02-01,2026-02-03,completed_late
Item SKU Industrial 453,28,28,1132.04,1132.04,2025-09-25,2025-09-25,completed
Item SKU Industrial 454,17,17,2151.52,2151.52,2025-09-27,2025-09-27,completed
Item SKU Industrial 270,16,16,276.64,276.64,2026-03-18,2026-03-18,completed
Item SKU Industrial 430,16,16,950.88,950.88,2026-01-04,2026-01-04,completed
Item SKU Industrial 269,27,27,878.31,878.31,2025-08-25,2025-08-25,completed
Item SKU Industrial 212,46,46,605.36,605.36,2026-04-03,2026-04-03,completed
Item SKU Industrial 357,1,1,170.56,170.56,2026-04-03,2026-04-05,completed_late
Item SKU Industrial 445,2,2,64.12,64.12,2024-11-07,2024-11-07,completed
Item SKU Industrial 10,31,31,4154.62,4154.62,2026-01-04,2026-01-04,completed
Item SKU Industrial 284,40,40,3098.4,3563.16,2024-01-15,2024-01-15,completed
Item SKU Industrial 242,42,42,385.56,385.56,2026-02-22,2026-02-22,completed
Item SKU Industrial 67,11,11,3316.83,3316.83,2024-09-10,2024-09-10,completed
Item SKU Industrial 486,29,29,3845.4,3845.4,2024-01-18,2024-01-18,completed
Item SKU Industrial 494,51,51,7244.04,7244.04,2025-10-26,2025-10-28,completed_late
Item SKU Industrial 387,48,48,1527.36,1527.36,2026-04-29,2026-04-29,completed
Item SKU Industrial 213,42,42,819.0,819.0,2026-01-30,2026-01-30,completed
Item SKU Industrial 328,3,3,127.71,127.71,2026-03-18,2026-03-18,completed
Item SKU Industrial 320,42,42,685.02,685.02,2024-10-19,2024-10-27,completed_late
Item SKU Industrial 470,38,38,753.92,753.92,2024-12-06,2024-12-06,completed
Item SKU Industrial 188,26,26,377.26,377.26,2025-03-05,2025-03-05,completed
Item SKU Industrial 390,25,25,187.25,215.34,2025-07-27,2025-07-29,completed_late
Item SKU Industrial 248,8,8,355.76,355.76,2026-03-09,2026-03-09,completed
Item SKU Industrial 275,8,8,431.04,431.04,2024-12-30,2024-12-30,completed
Item SKU Industrial 165,29,29,404.26,404.26,2025-09-26,2025-09-26,completed
Item SKU Industrial 78,13,13,592.02,592.02,2024-05-30,2024-05-30,completed
Item SKU Industrial 136,6,6,519.54,519.54,2024-03-14,2024-03-14,completed
Item SKU Industrial 489,35,35,1951.6,1951.6,2025-01-20,2025-01-20,completed
Item SKU Industrial 397,15,15,2208.9,2208.9,2024-09-27,2024-09-29,completed_late
Item SKU Industrial 461,4,4,184.0,184.0,2025-06-08,2025-06-08,completed
Item SKU Industrial 365,28,28,1097.6,1097.6,2024-06-28,2024-06-28,completed
Item SKU Industrial 62,34,34,374.0,374.0,2024-09-09,2024-09-09,completed
Item SKU Industrial 158,24,24,9701.04,11156.2,2025-02-03,2025-02-03,completed
Item SKU Industrial 211,8,8,237.6,237.6,2025-09-08,2025-09-08,completed
Item SKU Industrial 203,5,5,1147.0,1147.0,2024-08-29,2024-08-29,completed
Item SKU Industrial 137,41,41,2393.58,2393.58,2024-03-07,2024-03-09,completed_late
Item SKU Industrial 216,19,19,385.32,385.32,2025-10-20,2025-10-20,completed
Item SKU Industrial 21,2,2,496.86,496.86,2025-08-22,2025-08-22,completed
Item SKU Industrial 347,44,44,1017.28,1017.28,2025-05-29,2025-05-29,completed
Item SKU Industrial 375,26,26,2629.12,2629.12,2025-08-18,2025-08-18,completed
Item SKU Industrial 92,49,49,1567.51,1567.51,2024-02-05,2024-02-05,completed
Item SKU Industrial 356,40,40,771.6,771.6,2024-11-26,2024-11-26,completed
Item SKU Industrial 149,22,22,3521.76,3521.76,2024-02-29,2024-03-02,completed_late
Item SKU Industrial 281,8,8,118.72,136.53,2025-12-11,2025-12-11,completed
Item SKU Industrial 11,36,36,5776.2,5776.2,2026-05-15,2026-05-15,completed
Item SKU Industrial 225,4,4,36.6,36.6,2024-05-09,2024-05-09,completed
Item SKU Industrial 50,31,31,328.29,328.29,2025-03-04,2025-03-04,completed
Item SKU Industrial 415,3,3,696.78,696.78,2025-03-23,2025-03-31,completed_late
Item SKU Industrial 139,45,45,7316.55,7316.55,2024-06-21,2024-06-21,completed
Item SKU Industrial 89,51,51,3984.63,3984.63,2026-01-04,2026-01-06,completed_late
Item SKU Industrial 453,9,9,363.87,363.87,2025-07-13,2025-07-13,completed
Item SKU Industrial 219,3,3,115.98,115.98,2026-02-01,2026-02-01,completed
Item SKU Industrial 103,15,15,977.4,977.4,2025-01-24,2025-01-24,completed
Item SKU Industrial 58,44,44,3864.08,3864.08,2024-06-06,2024-06-06,completed
Item SKU Industrial 103,48,48,3127.68,3596.83,2025-12-19,2025-12-19,completed
Item SKU Industrial 222,25,25,2258.5,2258.5,2026-02-15,2026-02-15,completed
Item SKU Industrial 471,7,7,391.79,391.79,2026-02-28,2026-03-02,completed_late
Item SKU Industrial 431,1,1,129.17,129.17,2026-03-26,2026-03-26,completed
Item SKU Industrial 484,25,25,1798.75,1798.75,2024-12-15,2024-12-15,completed
Item SKU Industrial 262,33,33,1979.01,1979.01,2024-10-18,2024-10-18,completed
Item SKU Industrial 486,45,45,5967.0,5967.0,2025-08-23,2025-08-23,completed
Item SKU Industrial 462,11,11,2026.86,2026.86,2025-06-19,2025-06-19,completed
Item SKU Industrial 46,48,48,7141.44,7141.44,2026-01-01,2026-01-01,completed
Item SKU Industrial 183,12,12,110.88,110.88,2024-08-30,2024-09-01,completed_late
Item SKU Industrial 371,4,4,917.04,917.04,2026-01-12,2026-01-12,completed
Item SKU Industrial 39,17,17,1332.8,1532.72,2025-03-29,2025-03-29,completed
Item SKU Industrial 317,19,19,869.06,869.06,2024-09-05,2024-09-05,completed
Item SKU Industrial 37,11,11,2400.31,2400.31,2025-12-18,2025-12-18,completed
Item SKU Industrial 402,31,31,859.01,859.01,2026-03-08,2026-03-08,completed
Item SKU Industrial 411,4,4,876.28,876.28,2024-10-09,2024-10-09,completed
Item SKU Industrial 17,48,48,1955.52,1955.52,2024-09-08,2024-09-10,completed_late
Item SKU Industrial 440,29,29,5211.59,5211.59,2025-06-18,2025-06-18,completed
Item SKU Industrial 433,16,16,3033.44,3033.44,2024-02-16,2024-02-16,completed
Item SKU Industrial 292,29,29,863.33,863.33,2025-04-21,2025-04-21,completed
Item SKU Industrial 34,36,36,5999.76,5999.76,2025-02-14,2025-02-14,completed
Item SKU Industrial 447,48,48,292.8,292.8,2025-03-25,2025-03-25,completed
Item SKU Industrial 284,14,14,1084.44,1247.11,2026-05-24,2026-06-01,completed_late
Item SKU Industrial 328,2,2,85.14,85.14,2025-03-10,2025-03-12,completed_late
Item SKU Industrial 310,37,37,7495.46,7495.46,2024-06-03,2024-06-03,completed
Item SKU Industrial 421,3,3,608.22,608.22,2024-12-17,2024-12-17,completed
Item SKU Industrial 146,44,44,3446.52,3446.52,2025-04-17,2025-04-17,completed
Item SKU Industrial 279,44,44,4820.64,4820.64,2024-10-25,2024-10-25,completed
Item SKU Industrial 377,14,14,3609.9,3609.9,2024-07-25,2024-07-25,completed
Item SKU Industrial 249,47,47,3081.79,3081.79,2025-03-06,2025-03-06,completed
Item SKU Industrial 410,8,8,178.32,178.32,2025-10-03,2025-10-05,completed_late
Item SKU Industrial 10,45,45,6030.9,6030.9,2025-05-28,2025-05-28,completed
Item SKU Industrial 424,20,20,1937.4,1937.4,2025-01-31,2025-01-31,completed
Item SKU Industrial 343,46,46,12706.58,14612.57,2024-04-02,2024-04-02,completed
Item SKU Industrial 266,30,30,248.7,248.7,2026-03-09,2026-03-09,completed
Item SKU Industrial 304,49,49,15269.87,15269.87,2024-10-06,2024-10-06,completed
Item SKU Industrial 429,41,41,3157.82,3157.82,2025-01-30,2025-01-30,completed
Item SKU Industrial 426,17,17,1578.11,1578.11,2025-05-08,2025-05-10,completed_late
Item SKU Industrial 292,26,26,774.02,774.02,2024-12-07,2024-12-07,completed
Item SKU Industrial 311,38,38,3130.44,3130.44,2026-04-23,2026-04-23,completed
Item SKU Industrial 350,39,39,3157.83,3157.83,2025-07-20,2025-07-20,completed
Item SKU Industrial 166,27,27,6558.84,6558.84,2025-06-07,2025-06-07,completed
Item SKU Industrial 401,14,14,292.18,292.18,2025-12-27,2025-12-27,completed
Item SKU Industrial 47,9,9,1256.22,1256.22,2024-06-07,2024-06-07,completed
Item SKU Industrial 343,20,20,5524.6,6353.29,2024-08-10,2024-08-12,completed_late
Item SKU Industrial 441,14,14,1068.2,1068.2,2024-03-31,2024-03-31,completed
Item SKU Industrial 295,30,30,877.8,877.8,2024-09-21,2024-09-21,completed
Item SKU Industrial 3,36,36,264.6,264.6,2026-05-24,2026-05-24,completed
Item SKU Industrial 117,13,13,1175.2,1175.2,2026-05-25,2026-05-25,completed
Item SKU Industrial 25,11,11,1520.86,1520.86,2024-05-18,2024-05-18,completed
Item SKU Industrial 253,14,14,1624.56,1624.56,2024-10-06,2024-10-06,completed
Item SKU Industrial 421,18,18,3649.32,3649.32,2025-07-26,2025-08-03,completed_late
Item SKU Industrial 483,1,1,50.45,50.45,2025-08-04,2025-08-04,completed
Item SKU Industrial 155,7,7,1254.47,1254.47,2025-03-15,2025-03-15,completed
Item SKU Industrial 469,25,25,6021.75,6021.75,2025-06-22,2025-06-22,completed
Item SKU Industrial 220,27,27,4822.47,5545.84,2025-08-11,2025-08-11,completed
Item SKU Industrial 156,8,8,1035.12,1035.12,2025-06-26,2025-06-26,completed
Item SKU Industrial 349,2,2,241.88,241.88,2026-05-23,2026-05-23,completed
Item SKU Industrial 488,13,13,770.51,770.51,2025-06-27,2025-06-29,completed_late
Item SKU Industrial 337,17,17,1435.48,1435.48,2025-02-10,2025-02-10,completed
Item SKU Industrial 223,47,47,1038.7,1038.7,2026-01-31,2026-01-31,completed
Item SKU Industrial 122,50,50,4396.0,4396.0,2025-12-26,2025-12-26,completed
Item SKU Industrial 296,39,39,785.07,785.07,2025-05-01,2025-05-01,completed
Item SKU Industrial 377,44,44,11345.4,11345.4,2025-06-26,2025-06-26,completed
Item SKU Industrial 415,45,45,10451.7,10451.7,2024-07-08,2024-07-08,completed
Item SKU Industrial 160,33,33,4299.24,4299.24,2026-04-16,2026-04-18,completed_late
Item SKU Industrial 150,7,7,906.08,1041.99,2025-08-25,2025-08-25,completed
Item SKU Industrial 495,19,19,3904.12,3904.12,2026-04-09,2026-04-09,completed
Item SKU Industrial 474,27,27,1643.22,1643.22,2024-07-14,2024-07-14,completed
Item SKU Industrial 27,50,50,11046.0,11046.0,2025-03-28,2025-03-28,completed
Item SKU Industrial 112,48,48,438.24,438.24,2025-02-25,2025-02-25,completed
Item SKU Industrial 483,1,1,50.45,50.45,2025-02-22,2025-02-22,completed
Item SKU Industrial 338,41,41,2466.15,2466.15,2024-05-10,2024-05-12,completed_late
Item SKU Industrial 93,26,26,4669.86,4669.86,2025-06-26,2025-06-26,completed
Item SKU Industrial 134,2,2,439.64,439.64,2025-04-21,2025-04-21,completed
Item SKU Industrial 425,48,48,10793.28,10793.28,2025-01-25,2025-01-25,completed
Item SKU Industrial 329,17,17,243.78,243.78,2025-12-29,2025-12-29,completed
Item SKU Industrial 259,27,27,1637.82,1883.49,2025-01-22,2025-01-22,completed
Item SKU Industrial 419,23,23,2239.51,2239.51,2026-05-07,2026-05-07,completed
Item SKU Industrial 8,49,49,4521.23,4521.23,2025-10-13,2025-10-15,completed_late
Item SKU Industrial 100,41,41,2646.14,2646.14,2026-03-23,2026-03-31,completed_late
Item SKU Industrial 127,53,53,3300.84,3300.84,2025-09-25,2025-09-25,completed
Item SKU Industrial 192,11,11,562.43,562.43,2025-11-27,2025-11-27,completed
Item SKU Industrial 366,19,19,1042.72,1042.72,2025-05-21,2025-05-21,completed
Item SKU Industrial 222,35,35,3161.9,3161.9,2026-01-01,2026-01-01,completed
Item SKU Industrial 191,31,31,2775.12,2775.12,2026-03-21,2026-03-21,completed
Item SKU Industrial 239,18,18,254.16,254.16,2026-04-20,2026-04-22,completed_late
Item SKU Industrial 389,52,52,5278.52,5278.52,2024-02-10,2024-02-10,completed
Item SKU Industrial 282,23,23,875.15,1006.42,2026-04-10,2026-04-10,completed
Item SKU Industrial 294,15,15,355.95,355.95,2025-08-09,2025-08-09,completed
Item SKU Industrial 42,53,53,1676.39,1676.39,2025-01-17,2025-01-17,completed
Item SKU Industrial 364,52,52,3023.28,3023.28,2025-08-24,2025-08-24,completed
Item SKU Industrial 107,29,29,3151.43,3151.43,2026-04-11,2026-04-11,completed
Item SKU Industrial 403,44,44,5010.72,5010.72,2025-10-25,2025-10-27,completed_late
Item SKU Industrial 250,8,8,732.8,732.8,2024-08-24,2024-08-24,completed
Item SKU Industrial 191,1,1,89.52,89.52,2026-05-15,2026-05-15,completed
Item SKU Industrial 124,53,53,16840.75,16840.75,2026-02-05,2026-02-05,completed
Item SKU Industrial 447,14,14,85.4,85.4,2024-11-27,2024-11-27,completed
Item SKU Industrial 93,50,50,8980.5,8980.5,2024-03-02,2024-03-02,completed
Item SKU Industrial 170,51,51,4365.09,5019.85,2026-05-20,2026-05-20,completed
Item SKU Industrial 164,13,13,761.93,761.93,2024-06-05,2024-06-07,completed_late
Item SKU Industrial 488,26,26,1541.02,1541.02,2026-01-23,2026-01-23,completed
Item SKU Industrial 410,51,51,1136.79,1136.79,2025-03-16,2025-03-16,completed
Item SKU Industrial 306,38,38,6070.88,6070.88,2025-10-25,2025-10-25,completed
Item SKU Industrial 272,26,26,2433.86,2433.86,2024-08-04,2024-08-04,completed
Item SKU Industrial 102,17,17,225.59,225.59,2024-12-28,2024-12-28,completed
Item SKU Industrial 331,2,2,859.46,859.46,2026-01-25,2026-01-25,completed
Item SKU Industrial 103,24,24,1563.84,1563.84,2025-05-15,2025-05-17,completed_late
Item SKU Industrial 386,4,4,76.48,76.48,2025-09-12,2025-09-12,completed
Item SKU Industrial 223,18,18,397.8,397.8,2025-09-11,2025-09-19,completed_late
Item SKU Industrial 221,33,33,2035.11,2340.38,2025-11-20,2025-11-20,completed
Item SKU Industrial 51,49,49,3617.18,3617.18,2024-12-06,2024-12-06,completed
Item SKU Industrial 330,23,23,236.21,236.21,2025-04-26,2025-04-26,completed
Item SKU Industrial 384,15,15,3237.75,3237.75,2026-03-31,2026-03-31,completed
Item SKU Industrial 106,39,39,3534.57,3534.57,2025-01-24,2025-01-26,completed_late
Item SKU Industrial 63,40,40,5849.2,5849.2,2025-06-03,2025-06-03,completed
Item SKU Industrial 411,7,7,1533.49,1533.49,2024-08-01,2024-08-01,completed
Item SKU Industrial 60,30,30,379.5,379.5,2025-09-18,2025-09-18,completed
Item SKU Industrial 123,1,1,10.0,10.0,2025-01-05,2025-01-05,completed
Item SKU Industrial 291,22,22,424.38,424.38,2026-04-06,2026-04-06,completed
Item SKU Industrial 385,19,19,2640.62,2640.62,2025-10-17,2025-10-17,completed
Item SKU Industrial 218,12,12,300.24,345.28,2024-12-09,2024-12-11,completed_late
Item SKU Industrial 459,7,7,127.26,127.26,2026-05-24,2026-05-24,completed
Item SKU Industrial 45,9,9,1135.44,1135.44,2024-03-14,2024-03-14,completed
Item SKU Industrial 404,25,25,2653.75,2653.75,2025-12-06,2025-12-06,completed
Item SKU Industrial 342,51,51,8081.46,8081.46,2025-11-07,2025-11-07,completed
Item SKU Industrial 4,7,7,1077.65,1077.65,2025-01-18,2025-01-18,completed
Item SKU Industrial 445,7,7,224.42,224.42,2024-11-06,2024-11-06,completed
Item SKU Industrial 391,48,48,3397.44,3397.44,2025-06-14,2025-06-16,completed_late
Item SKU Industrial 226,15,15,297.9,297.9,2024-06-08,2024-06-08,completed
Item SKU Industrial 51,1,1,73.82,73.82,2025-04-07,2025-04-07,completed
Item SKU Industrial 205,7,7,239.12,239.12,2025-07-26,2025-07-26,completed
Item SKU Industrial 230,20,20,315.6,362.94,2024-03-01,2024-03-01,completed
Item SKU Industrial 148,35,35,10527.65,10527.65,2024-02-02,2024-02-02,completed
Item SKU Industrial 113,23,23,642.16,642.16,2025-01-20,2025-01-20,completed
Item SKU Industrial 489,27,27,1505.52,1505.52,2024-03-25,2024-03-27,completed_late
Item SKU Industrial 399,28,28,1503.32,1503.32,2024-06-15,2024-06-15,completed
Item SKU Industrial 123,52,52,520.0,520.0,2024-10-09,2024-10-09,completed
Item SKU Industrial 496,18,18,755.82,755.82,2024-05-27,2024-06-04,completed_late
Item SKU Industrial 329,18,18,258.12,258.12,2026-02-13,2026-02-13,completed
Item SKU Industrial 425,22,22,4946.92,4946.92,2025-06-20,2025-06-20,completed
Item SKU Industrial 146,28,28,2193.24,2193.24,2025-12-11,2025-12-11,completed
Item SKU Industrial 106,15,15,1359.45,1359.45,2024-03-15,2024-03-17,completed_late
Item SKU Industrial 20,42,42,1581.3,1818.5,2025-11-27,2025-11-27,completed
Item SKU Industrial 447,25,25,152.5,152.5,2025-05-15,2025-05-15,completed
Item SKU Industrial 466,41,41,243.54,243.54,2026-02-05,2026-02-05,completed
Item SKU Industrial 314,12,12,1341.24,1341.24,2025-07-25,2025-07-25,completed
Item SKU Industrial 21,25,25,6210.75,6210.75,2024-01-04,2024-01-04,completed
Item SKU Industrial 218,33,33,825.66,825.66,2026-02-16,2026-02-16,completed
Item SKU Industrial 17,16,16,651.84,651.84,2025-05-10,2025-05-12,completed_late
Item SKU Industrial 224,14,14,336.56,336.56,2025-06-02,2025-06-02,completed
Item SKU Industrial 296,16,16,322.08,322.08,2024-04-06,2024-04-06,completed
Item SKU Industrial 97,31,31,10761.65,10761.65,2026-02-06,2026-02-06,completed
Item SKU Industrial 64,34,34,3945.02,3945.02,2025-06-22,2025-06-22,completed
Item SKU Industrial 118,52,52,1432.6,1647.49,2025-10-23,2025-10-23,completed
Item SKU Industrial 22,46,46,8902.84,8902.84,2025-03-31,2025-03-31,completed
Item SKU Industrial 266,50,50,414.5,414.5,2026-03-12,2026-03-14,completed_late
Item SKU Industrial 271,39,39,7064.85,7064.85,2024-05-13,2024-05-13,completed
Item SKU Industrial 226,49,49,973.14,973.14,2024-06-01,2024-06-01,completed
Item SKU Industrial 194,7,7,1542.45,1542.45,2025-12-14,2025-12-14,completed
Item SKU Industrial 84,41,41,441.16,441.16,2026-02-05,2026-02-05,completed
Item SKU Industrial 214,18,18,295.56,295.56,2024-10-05,2024-10-05,completed
Item SKU Industrial 174,47,47,2692.16,2692.16,2025-06-12,2025-06-12,completed
Item SKU Industrial 211,14,14,415.8,415.8,2025-10-09,2025-10-11,completed_late
Item SKU Industrial 282,38,38,1445.9,1445.9,2025-02-21,2025-02-21,completed
Item SKU Industrial 112,24,24,219.12,251.99,2025-06-07,2025-06-07,completed
Item SKU Industrial 449,36,36,1635.84,1635.84,2026-01-15,2026-01-15,completed
Item SKU Industrial 123,18,18,180.0,180.0,2025-06-12,2025-06-20,completed_late
Item SKU Industrial 453,27,27,1091.61,1091.61,2025-06-02,2025-06-02,completed
Item SKU Industrial 133,19,19,2988.13,2988.13,2025-11-15,2025-11-15,completed
Item SKU Industrial 309,29,29,2448.47,2448.47,2024-06-13,2024-06-15,completed_late
Item SKU Industrial 477,11,11,1330.67,1330.67,2025-10-18,2025-10-18,completed
Item SKU Industrial 129,29,29,4764.41,4764.41,2024-12-23,2024-12-23,completed
Item SKU Industrial 69,30,30,1082.7,1082.7,2025-03-30,2025-03-30,completed
Item SKU Industrial 162,46,46,7165.88,7165.88,2025-04-24,2025-04-24,completed
Item SKU Industrial 108,22,22,1164.68,1164.68,2026-03-19,2026-03-19,completed
Item SKU Industrial 10,41,41,5494.82,6319.04,2025-03-22,2025-03-22,completed
Item SKU Industrial 455,25,25,1438.75,1438.75,2025-08-03,2025-08-05,completed_late
Item SKU Industrial 441,31,31,2365.3,2365.3,2024-03-16,2024-03-16,completed
Item SKU Industrial 489,49,49,2732.24,2732.24,2026-05-09,2026-05-09,completed
Item SKU Industrial 418,18,18,1030.68,1030.68,2025-01-11,2025-01-11,completed
Item SKU Industrial 21,52,52,12918.36,12918.36,2024-05-10,2024-05-10,completed
Item SKU Industrial 409,9,9,387.54,387.54,2025-11-27,2025-11-27,completed
Item SKU Industrial 423,49,49,3608.36,3608.36,2026-02-02,2026-02-02,completed
Item SKU Industrial 249,33,33,2163.81,2163.81,2025-12-14,2025-12-16,completed_late
Item SKU Industrial 394,37,37,1340.88,1340.88,2026-03-26,2026-03-26,completed
Item SKU Industrial 153,20,20,574.8,574.8,2026-02-12,2026-02-12,completed
Item SKU Industrial 245,23,23,2490.44,2864.01,2024-08-17,2024-08-17,completed
Item SKU Industrial 34,23,23,3833.18,3833.18,2024-11-22,2024-11-22,completed
Item SKU Industrial 96,28,28,192.36,192.36,2026-01-13,2026-01-13,completed
Item SKU Industrial 216,12,12,243.36,243.36,2025-01-23,2025-01-23,completed
Item SKU Industrial 381,28,28,3240.72,3240.72,2025-12-14,2025-12-16,completed_late
Item SKU Industrial 90,50,50,14224.5,14224.5,2024-07-22,2024-07-22,completed
Item SKU Industrial 391,52,52,3680.56,3680.56,2025-12-30,2025-12-30,completed
Item SKU Industrial 440,5,5,898.55,898.55,2026-03-08,2026-03-08,completed
Item SKU Industrial 429,50,50,3851.0,3851.0,2024-01-22,2024-01-22,completed
Item SKU Industrial 66,48,48,600.48,600.48,2024-12-08,2024-12-16,completed_late
Item SKU Industrial 255,4,4,99.6,99.6,2024-12-19,2024-12-19,completed
Item SKU Industrial 21,30,30,7452.9,8570.83,2025-08-07,2025-08-09,completed_late
Item SKU Industrial 156,47,47,6081.33,6081.33,2025-11-30,2025-11-30,completed
Item SKU Industrial 288,23,23,1625.87,1625.87,2025-09-25,2025-09-25,completed
Item SKU Industrial 67,14,14,4221.42,4221.42,2026-03-05,2026-03-05,completed
Item SKU Industrial 444,49,49,560.56,560.56,2024-12-20,2024-12-20,completed
Item SKU Industrial 65,9,9,127.71,127.71,2024-07-05,2024-07-05,completed
Item SKU Industrial 19,17,17,1963.16,1963.16,2024-04-04,2024-04-04,completed
Item SKU Industrial 166,17,17,4129.64,4129.64,2024-05-11,2024-05-13,completed_late
Item SKU Industrial 166,15,15,3643.8,3643.8,2026-05-01,2026-05-01,completed
Item SKU Industrial 243,25,25,703.25,703.25,2026-03-29,2026-03-29,completed
Item SKU Industrial 103,4,4,260.64,260.64,2024-04-06,2024-04-06,completed
Item SKU Industrial 356,29,29,559.41,643.32,2026-02-20,2026-02-20,completed
Item SKU Industrial 392,5,5,593.55,593.55,2025-05-31,2025-05-31,completed
Item SKU Industrial 197,53,53,8105.29,8105.29,2026-02-15,2026-02-15,completed
Item SKU Industrial 265,17,17,804.61,804.61,2025-10-03,2025-10-05,completed_late
Item SKU Industrial 208,53,53,2772.96,2772.96,2025-10-02,2025-10-02,completed
Item SKU Industrial 101,41,41,16780.48,16780.48,2025-01-25,2025-01-25,completed
Item SKU Industrial 473,3,3,1597.47,1597.47,2024-06-09,2024-06-09,completed
Item SKU Industrial 319,17,17,440.13,440.13,2024-08-06,2024-08-06,completed
Item SKU Industrial 264,4,4,126.56,126.56,2026-03-27,2026-03-27,completed
Item SKU Industrial 107,53,53,5759.51,5759.51,2025-02-22,2025-02-22,completed
Item SKU Industrial 268,13,13,335.92,335.92,2026-02-09,2026-02-11,completed_late
Item SKU Industrial 244,6,6,853.44,981.46,2025-01-04,2025-01-04,completed
Item SKU Industrial 154,11,11,94.71,94.71,2024-02-16,2024-02-16,completed
Item SKU Industrial 184,22,22,2436.72,2436.72,2024-03-01,2024-03-01,completed
Item SKU Industrial 52,4,4,236.36,236.36,2025-05-15,2025-05-15,completed
Item SKU Industrial 120,12,12,636.24,636.24,2024-08-05,2024-08-05,completed
Item SKU Industrial 240,11,11,2229.15,2229.15,2025-10-11,2025-10-19,completed_late
Item SKU Industrial 342,38,38,6021.48,6021.48,2024-03-24,2024-03-26,completed_late
Item SKU Industrial 424,38,38,3681.06,3681.06,2025-09-22,2025-09-22,completed
Item SKU Industrial 484,23,23,1654.85,1654.85,2026-04-23,2026-04-23,completed
Item SKU Industrial 484,45,45,3237.75,3237.75,2025-02-03,2025-02-03,completed
Item SKU Industrial 120,33,33,1749.66,1749.66,2024-09-07,2024-09-07,completed
Item SKU Industrial 26,2,2,24.56,28.24,2024-04-13,2024-04-13,completed
Item SKU Industrial 352,27,27,476.28,476.28,2025-02-21,2025-02-21,completed
Item SKU Industrial 234,1,1,66.53,66.53,2026-01-26,2026-01-28,completed_late
Item SKU Industrial 245,14,14,1515.92,1515.92,2024-11-28,2024-11-28,completed
Item SKU Industrial 463,47,47,2143.2,2143.2,2025-11-30,2025-11-30,completed
Item SKU Industrial 246,22,22,487.08,487.08,2025-01-23,2025-01-23,completed
Item SKU Industrial 23,22,22,960.96,960.96,2024-06-29,2024-06-29,completed
Item SKU Industrial 331,20,20,8594.6,8594.6,2024-07-20,2024-07-20,completed
Item SKU Industrial 35,6,6,85.38,85.38,2025-11-08,2025-11-08,completed
Item SKU Industrial 303,46,46,2456.4,2456.4,2024-06-24,2024-06-26,completed_late
Item SKU Industrial 458,42,42,666.54,666.54,2025-06-19,2025-06-19,completed
Item SKU Industrial 474,12,12,730.32,839.87,2026-05-14,2026-05-14,completed
Item SKU Industrial 17,4,4,162.96,162.96,2026-03-19,2026-03-19,completed
Item SKU Industrial 283,15,15,623.25,623.25,2025-10-27,2025-10-27,completed
Item SKU Industrial 288,50,50,3534.5,3534.5,2025-10-10,2025-10-10,completed
Item SKU Industrial 30,6,6,262.8,262.8,2026-01-04,2026-01-04,completed
Item SKU Industrial 143,36,36,5201.64,5201.64,2024-01-13,2024-01-15,completed_late
Item SKU Industrial 461,18,18,828.0,828.0,2024-03-01,2024-03-01,completed
Item SKU Industrial 209,48,48,1700.64,1700.64,2024-02-25,2024-02-25,completed
Item SKU Industrial 211,22,22,653.4,653.4,2024-10-07,2024-10-07,completed
Item SKU Industrial 294,50,50,1186.5,1186.5,2024-12-05,2024-12-05,completed
Item SKU Industrial 405,20,20,1801.8,1801.8,2024-04-12,2024-04-12,completed
Item SKU Industrial 131,1,1,18.9,21.73,2026-03-18,2026-03-18,completed
Item SKU Industrial 395,37,37,5478.59,5478.59,2025-03-03,2025-03-11,completed_late
Item SKU Industrial 403,38,38,4327.44,4327.44,2026-05-18,2026-05-18,completed
Item SKU Industrial 397,37,37,5448.62,5448.62,2025-03-01,2025-03-01,completed
Item SKU Industrial 248,18,18,800.46,800.46,2026-03-06,2026-03-06,completed
Item SKU Industrial 282,11,11,418.55,418.55,2026-03-14,2026-03-14,completed
Item SKU Industrial 235,3,3,335.61,335.61,2024-02-22,2024-02-22,completed
Item SKU Industrial 14,44,44,4602.84,4602.84,2024-12-10,2024-12-10,completed
Item SKU Industrial 31,18,18,3077.64,3077.64,2025-02-21,2025-02-23,completed_late
Item SKU Industrial 111,28,28,4638.2,4638.2,2024-05-10,2024-05-10,completed
Item SKU Industrial 38,18,18,5223.6,5223.6,2026-02-19,2026-02-19,completed
Item SKU Industrial 326,27,27,1804.14,2074.76,2025-10-09,2025-10-09,completed
Item SKU Industrial 27,9,9,1988.28,1988.28,2025-08-04,2025-08-04,completed
Item SKU Industrial 130,9,9,887.49,887.49,2026-03-18,2026-03-18,completed
Item SKU Industrial 203,4,4,917.6,917.6,2024-07-11,2024-07-11,completed
Item SKU Industrial 437,44,44,5820.32,5820.32,2024-06-03,2024-06-05,completed_late
Item SKU Industrial 57,49,49,6559.63,6559.63,2024-05-03,2024-05-03,completed
Item SKU Industrial 284,33,33,2556.18,2556.18,2026-02-15,2026-02-15,completed
Item SKU Industrial 92,6,6,191.94,191.94,2025-04-20,2025-04-20,completed
Item SKU Industrial 179,45,45,2929.05,2929.05,2025-09-12,2025-09-12,completed
Item SKU Industrial 98,30,30,252.6,252.6,2024-10-25,2024-10-25,completed
Item SKU Industrial 398,24,24,466.8,466.8,2025-07-14,2025-07-14,completed
Item SKU Industrial 422,8,8,1869.12,2149.49,2024-03-04,2024-03-06,completed_late
Item SKU Industrial 107,15,15,1630.05,1630.05,2025-10-12,2025-10-12,completed
Item SKU Industrial 123,26,26,260.0,260.0,2024-10-22,2024-10-22,completed
Item SKU Industrial 387,6,6,190.92,190.92,2024-11-10,2024-11-10,completed
Item SKU Industrial 426,44,44,4084.52,4084.52,2024-02-22,2024-02-22,completed
Item SKU Industrial 394,31,31,1123.44,1123.44,2024-08-05,2024-08-05,completed
Item SKU Industrial 12,35,35,1242.85,1242.85,2025-03-08,2025-03-08,completed
Item SKU Industrial 481,12,12,321.96,321.96,2024-12-06,2024-12-08,completed_late
Item SKU Industrial 395,27,27,3997.89,3997.89,2025-02-22,2025-03-02,completed_late
Item SKU Industrial 296,53,53,1066.89,1066.89,2025-08-27,2025-08-27,completed
Item SKU Industrial 365,40,40,1568.0,1568.0,2026-04-04,2026-04-04,completed
Item SKU Industrial 356,11,11,212.19,244.02,2024-06-14,2024-06-14,completed
Item SKU Industrial 10,2,2,268.04,268.04,2024-06-27,2024-06-27,completed
Item SKU Industrial 461,11,11,506.0,506.0,2025-11-29,2025-11-29,completed
Item SKU Industrial 126,15,15,1506.0,1506.0,2025-04-13,2025-04-15,completed_late
Item SKU Industrial 431,44,44,5683.48,5683.48,2026-01-23,2026-01-23,completed
Item SKU Industrial 231,9,9,418.41,418.41,2025-04-25,2025-04-25,completed
Item SKU Industrial 264,29,29,917.56,917.56,2026-01-09,2026-01-09,completed
Item SKU Industrial 494,30,30,4261.2,4261.2,2025-10-13,2025-10-13,completed
Item SKU Industrial 111,2,2,331.3,331.3,2026-04-03,2026-04-03,completed
Item SKU Industrial 411,46,46,10077.22,10077.22,2026-02-12,2026-02-12,completed
Item SKU Industrial 354,39,39,786.24,786.24,2025-12-17,2025-12-19,completed_late
Item SKU Industrial 314,47,47,5253.19,6041.17,2026-03-19,2026-03-19,completed
Item SKU Industrial 46,4,4,595.12,595.12,2026-04-20,2026-04-20,completed
Item SKU Industrial 465,25,25,2307.5,2307.5,2025-06-19,2025-06-19,completed
Item SKU Industrial 135,1,1,110.16,110.16,2024-10-03,2024-10-03,completed
Item SKU Industrial 454,4,4,506.24,506.24,2024-10-31,2024-10-31,completed
Item SKU Industrial 95,52,52,15995.2,15995.2,2025-11-28,2025-11-28,completed
Item SKU Industrial 10,36,36,4824.72,4824.72,2026-01-15,2026-01-17,completed_late
Item SKU Industrial 387,15,15,477.3,477.3,2026-03-27,2026-03-27,completed
Item SKU Industrial 221,36,36,2220.12,2220.12,2025-02-15,2025-02-15,completed
Item SKU Industrial 200,28,28,4867.8,4867.8,2024-03-04,2024-03-04,completed
Item SKU Industrial 127,18,18,1121.04,1121.04,2025-07-18,2025-07-18,completed
Item SKU Industrial 418,50,50,2863.0,3292.45,2026-03-21,2026-03-21,completed
Item SKU Industrial 352,30,30,529.2,529.2,2024-06-24,2024-06-24,completed
Item SKU Industrial 246,16,16,354.24,354.24,2024-02-29,2024-03-02,completed_late
Item SKU Industrial 12,11,11,390.61,390.61,2024-03-20,2024-03-20,completed
Item SKU Industrial 421,6,6,1216.44,1216.44,2026-04-23,2026-05-01,completed_late
Item SKU Industrial 83,1,1,64.93,64.93,2026-05-08,2026-05-08,completed
Item SKU Industrial 289,52,52,1186.12,1186.12,2025-12-25,2025-12-25,completed
Item SKU Industrial 37,8,8,1745.68,1745.68,2024-04-29,2024-04-29,completed
Item SKU Industrial 470,34,34,674.56,674.56,2025-12-27,2025-12-27,completed
Item SKU Industrial 78,28,28,1275.12,1275.12,2025-09-25,2025-09-27,completed_late
Item SKU Industrial 164,14,14,820.54,820.54,2026-04-30,2026-04-30,completed
Item SKU Industrial 258,9,9,556.38,639.84,2026-04-26,2026-04-26,completed
Item SKU Industrial 168,8,8,221.6,221.6,2026-01-26,2026-01-26,completed
Item SKU Industrial 394,31,31,1123.44,1123.44,2025-03-13,2025-03-13,completed
Item SKU Industrial 378,17,17,1623.67,1623.67,2026-03-30,2026-03-30,completed
Item SKU Industrial 79,45,45,10158.75,10158.75,2025-02-22,2025-02-22,completed
Item SKU Industrial 105,16,16,1028.8,1028.8,2025-07-26,2025-07-28,completed_late
Item SKU Industrial 408,46,46,1416.8,1416.8,2025-10-28,2025-10-28,completed
Item SKU Industrial 302,30,30,497.7,497.7,2024-08-25,2024-08-25,completed
Item SKU Industrial 256,30,30,3795.9,3795.9,2025-11-13,2025-11-13,completed
Item SKU Industrial 328,8,8,340.56,340.56,2024-10-24,2024-10-24,completed
Item SKU Industrial 472,48,48,667.68,667.68,2025-11-08,2025-11-08,completed
Item SKU Industrial 330,12,12,123.24,141.73,2025-08-21,2025-08-21,completed
Item SKU Industrial 4,45,45,6927.75,6927.75,2025-09-26,2025-09-28,completed_late
Item SKU Industrial 95,11,11,3383.6,3383.6,2025-01-17,2025-01-17,completed
Item SKU Industrial 471,24,24,1343.28,1343.28,2025-07-14,2025-07-14,completed
Item SKU Industrial 57,45,45,6024.15,6024.15,2026-02-05,2026-02-05,completed
Item SKU Industrial 100,52,52,3356.08,3356.08,2025-12-17,2025-12-17,completed
Item SKU Industrial 52,39,39,2304.51,2304.51,2025-09-13,2025-09-13,completed
Item SKU Industrial 439,46,46,8520.58,8520.58,2025-08-18,2025-08-18,completed
Item SKU Industrial 117,19,19,1717.6,1717.6,2024-11-04,2024-11-06,completed_late
Item SKU Industrial 431,53,53,6846.01,6846.01,2026-04-06,2026-04-06,completed
Item SKU Industrial 371,40,40,9170.4,9170.4,2026-05-24,2026-05-24,completed
Item SKU Industrial 428,7,7,598.43,688.19,2026-02-19,2026-02-27,completed_late
Item SKU Industrial 215,46,46,1006.48,1006.48,2024-03-25,2024-03-25,completed
Item SKU Industrial 272,42,42,3931.62,3931.62,2026-01-31,2026-01-31,completed
Item SKU Industrial 402,24,24,665.04,665.04,2026-05-01,2026-05-01,completed
Item SKU Industrial 231,26,26,1208.74,1208.74,2024-01-08,2024-01-10,completed_late
Item SKU Industrial 411,13,13,2847.91,2847.91,2025-02-06,2025-02-06,completed
Item SKU Industrial 410,1,1,22.29,22.29,2025-01-28,2025-01-28,completed
Item SKU Industrial 290,53,53,799.24,799.24,2025-04-12,2025-04-12,completed
Item SKU Industrial 445,22,22,705.32,705.32,2025-05-25,2025-05-25,completed
Item SKU Industrial 231,24,24,1115.76,1115.76,2024-07-18,2024-07-18,completed
Item SKU Industrial 273,34,34,3771.96,3771.96,2024-07-04,2024-07-04,completed
Item SKU Industrial 216,51,51,1034.28,1189.42,2025-08-31,2025-09-02,completed_late
Item SKU Industrial 253,37,37,4293.48,4293.48,2025-10-24,2025-10-24,completed
Item SKU Industrial 34,49,49,8166.34,8166.34,2025-11-21,2025-11-21,completed
Item SKU Industrial 72,51,51,18523.2,18523.2,2024-06-29,2024-06-29,completed
Item SKU Industrial 420,34,34,244.46,244.46,2024-11-25,2024-11-25,completed
Item SKU Industrial 253,44,44,5105.76,5105.76,2024-08-08,2024-08-08,completed
Item SKU Industrial 462,13,13,2395.38,2395.38,2026-01-17,2026-01-17,completed
Item SKU Industrial 333,17,17,2278.34,2278.34,2024-06-07,2024-06-09,completed_late
Item SKU Industrial 46,5,5,743.9,743.9,2024-02-17,2024-02-17,completed
Item SKU Industrial 39,34,34,2665.6,2665.6,2024-09-16,2024-09-16,completed
Item SKU Industrial 353,29,29,3509.0,3509.0,2024-08-18,2024-08-18,completed
Item SKU Industrial 205,35,35,1195.6,1374.94,2025-09-13,2025-09-13,completed
Item SKU Industrial 53,4,4,738.4,738.4,2024-11-16,2024-11-16,completed
Item SKU Industrial 99,16,16,2860.96,2860.96,2025-11-20,2025-11-20,completed
Item SKU Industrial 461,20,20,920.0,920.0,2025-08-29,2025-08-31,completed_late
Item SKU Industrial 399,51,51,2738.19,2738.19,2025-05-19,2025-05-19,completed
Item SKU Industrial 172,12,12,187.56,187.56,2025-11-15,2025-11-15,completed
Item SKU Industrial 74,11,11,414.48,414.48,2025-04-03,2025-04-03,completed
Item SKU Industrial 413,50,50,2138.0,2138.0,2025-07-19,2025-07-27,completed_late
Item SKU Industrial 335,12,12,1317.48,1317.48,2025-04-04,2025-04-04,completed
Item SKU Industrial 129,50,50,8214.5,8214.5,2025-06-22,2025-06-22,completed
Item SKU Industrial 477,7,7,846.79,846.79,2024-11-09,2024-11-11,completed_late
Item SKU Industrial 8,29,29,2675.83,3077.2,2024-08-16,2024-08-16,completed
Item SKU Industrial 236,25,25,220.25,220.25,2024-12-12,2024-12-12,completed
Item SKU Industrial 353,37,37,4477.0,4477.0,2024-01-18,2024-01-18,completed
Item SKU Industrial 35,48,48,683.04,683.04,2024-04-04,2024-04-04,completed
Item SKU Industrial 374,49,49,8486.8,8486.8,2024-07-28,2024-07-28,completed
Item SKU Industrial 145,19,19,386.84,386.84,2025-05-17,2025-05-17,completed
Item SKU Industrial 141,39,39,312.0,312.0,2025-08-16,2025-08-18,completed_late
Item SKU Industrial 214,47,47,771.74,771.74,2024-10-14,2024-10-14,completed
Item SKU Industrial 189,34,34,207.06,207.06,2025-09-11,2025-09-11,completed
Item SKU Industrial 123,30,30,300.0,300.0,2025-07-14,2025-07-14,completed
Item SKU Industrial 221,19,19,1171.73,1171.73,2026-04-03,2026-04-03,completed
Item SKU Industrial 77,41,41,2901.57,3336.81,2025-10-03,2025-10-03,completed
Item SKU Industrial 49,9,9,588.42,588.42,2024-12-09,2024-12-09,completed
Item SKU Industrial 45,50,50,6308.0,6308.0,2026-01-29,2026-01-31,completed_late
Item SKU Industrial 464,27,27,2173.5,2173.5,2025-10-28,2025-10-28,completed
Item SKU Industrial 270,48,48,829.92,829.92,2025-06-27,2025-06-27,completed
Item SKU Industrial 174,44,44,2520.32,2520.32,2024-01-25,2024-01-25,completed
Item SKU Industrial 484,53,53,3813.35,3813.35,2024-02-02,2024-02-02,completed
Item SKU Industrial 298,19,19,258.78,258.78,2025-01-06,2025-01-06,completed
Item SKU Industrial 159,1,1,61.94,61.94,2025-12-11,2025-12-11,completed
Item SKU Industrial 349,34,34,4111.96,4111.96,2026-05-10,2026-05-12,completed_late
Item SKU Industrial 362,23,23,1252.12,1252.12,2025-07-20,2025-07-20,completed
Item SKU Industrial 58,5,5,439.1,504.96,2025-01-19,2025-01-19,completed
Item SKU Industrial 55,26,26,360.1,360.1,2024-07-13,2024-07-13,completed
Item SKU Industrial 490,28,28,1251.04,1251.04,2025-04-17,2025-04-17,completed
Item SKU Industrial 371,26,26,5960.76,5960.76,2026-03-15,2026-03-23,completed_late
Item SKU Industrial 440,7,7,1257.97,1257.97,2025-03-03,2025-03-03,completed
Item SKU Industrial 192,15,15,766.95,766.95,2024-11-04,2024-11-06,completed_late
Item SKU Industrial 498,38,38,3629.76,3629.76,2025-11-06,2025-11-06,completed
Item SKU Industrial 353,46,46,5566.0,5566.0,2026-01-27,2026-01-27,completed
Item SKU Industrial 437,40,40,5291.2,5291.2,2025-05-10,2025-05-10,completed
Item SKU Industrial 53,1,1,184.6,184.6,2024-03-04,2024-03-04,completed
Item SKU Industrial 228,15,15,334.95,334.95,2024-10-22,2024-10-22,completed
Item SKU Industrial 7,7,7,786.24,904.18,2025-07-12,2025-07-12,completed
Item SKU Industrial 221,34,34,2096.78,2096.78,2024-06-29,2024-07-01,completed_late
Item SKU Industrial 317,42,42,1921.08,1921.08,2025-12-21,2025-12-21,completed
Item SKU Industrial 492,46,46,935.18,935.18,2025-09-29,2025-09-29,completed
Item SKU Industrial 327,18,18,174.42,174.42,2025-10-30,2025-10-30,completed
Item SKU Industrial 81,25,25,1794.5,1794.5,2026-04-25,2026-04-25,completed
Item SKU Industrial 177,39,39,6904.95,6904.95,2025-06-22,2025-06-22,completed
Item SKU Industrial 378,14,14,1337.14,1337.14,2024-07-06,2024-07-06,completed
Item SKU Industrial 307,31,31,814.37,814.37,2024-04-27,2024-04-29,completed_late
Item SKU Industrial 285,6,6,503.52,503.52,2024-04-25,2024-04-25,completed
Item SKU Industrial 279,45,45,4930.2,4930.2,2024-04-06,2024-04-06,completed
Item SKU Industrial 145,3,3,61.08,70.24,2024-12-23,2024-12-23,completed
Item SKU Industrial 295,12,12,351.12,351.12,2024-06-10,2024-06-10,completed
Item SKU Industrial 154,20,20,172.2,172.2,2025-01-12,2025-01-12,completed
Item SKU Industrial 479,9,9,1539.9,1539.9,2024-04-05,2024-04-05,completed
Item SKU Industrial 189,48,48,292.32,292.32,2024-08-11,2024-08-13,completed_late
Item SKU Industrial 210,36,36,2726.64,2726.64,2026-01-18,2026-01-18,completed
Item SKU Industrial 320,2,2,32.62,32.62,2025-10-24,2025-10-24,completed
Item SKU Industrial 157,6,6,3603.84,3603.84,2025-11-21,2025-11-21,completed
Item SKU Industrial 12,27,27,958.77,958.77,2025-04-15,2025-04-15,completed
Item SKU Industrial 112,18,18,164.34,164.34,2026-05-07,2026-05-07,completed
Item SKU Industrial 185,2,2,180.82,180.82,2025-02-24,2025-03-04,completed_late
Item SKU Industrial 129,38,38,6243.02,7179.47,2024-12-07,2024-12-09,completed_late
Item SKU Industrial 264,35,35,1107.4,1107.4,2025-04-13,2025-04-13,completed
Item SKU Industrial 485,17,17,208.76,208.76,2024-04-18,2024-04-18,completed
Item SKU Industrial 282,16,16,608.8,608.8,2024-12-31,2024-12-31,completed
Item SKU Industrial 472,28,28,389.48,389.48,2025-09-27,2025-09-27,completed
Item SKU Industrial 141,6,6,48.0,48.0,2024-03-11,2024-03-11,completed
Item SKU Industrial 375,8,8,808.96,808.96,2024-10-13,2024-10-13,completed
Item SKU Industrial 319,41,41,1061.49,1061.49,2026-01-20,2026-01-22,completed_late
Item SKU Industrial 126,41,41,4116.4,4116.4,2026-05-10,2026-05-10,completed
Item SKU Industrial 175,51,51,5663.55,5663.55,2026-01-18,2026-01-18,completed
Item SKU Industrial 357,19,19,3240.64,3240.64,2025-12-10,2025-12-10,completed
Item SKU Industrial 47,35,35,4885.3,5618.09,2024-10-20,2024-10-20,completed
Item SKU Industrial 293,18,18,397.44,397.44,2026-03-27,2026-03-27,completed
Item SKU Industrial 40,14,14,1283.24,1283.24,2025-09-04,2025-09-04,completed
Item SKU Industrial 384,47,47,10144.95,10144.95,2024-07-11,2024-07-13,completed_late
Item SKU Industrial 382,49,49,3812.2,3812.2,2024-12-16,2024-12-16,completed
Item SKU Industrial 324,6,6,120.06,120.06,2026-01-07,2026-01-07,completed
Item SKU Industrial 266,6,6,49.74,49.74,2024-03-30,2024-03-30,completed
Item SKU Industrial 131,12,12,226.8,226.8,2026-01-25,2026-01-25,completed
Item SKU Industrial 413,14,14,598.64,598.64,2025-01-05,2025-01-05,completed
Item SKU Industrial 431,27,27,3487.59,3487.59,2026-01-08,2026-01-08,completed
Item SKU Industrial 208,25,25,1308.0,1308.0,2024-03-04,2024-03-06,completed_late
Item SKU Industrial 386,2,2,38.24,43.98,2025-06-16,2025-06-16,completed
Item SKU Industrial 343,22,22,6077.06,6077.06,2025-12-26,2025-12-26,completed
Item SKU Industrial 413,19,19,812.44,812.44,2026-02-14,2026-02-14,completed
Item SKU Industrial 348,24,24,246.0,246.0,2026-02-06,2026-02-06,completed
Item SKU Industrial 355,40,40,774.0,774.0,2025-11-30,2025-11-30,completed
Item SKU Industrial 22,33,33,6386.82,6386.82,2026-04-06,2026-04-06,completed
Item SKU Industrial 321,9,9,629.46,629.46,2024-02-05,2024-02-13,completed_late
Item SKU Industrial 128,45,45,1466.1,1466.1,2025-01-06,2025-01-06,completed
Item SKU Industrial 225,25,25,228.75,228.75,2025-02-16,2025-02-16,completed
Item SKU Industrial 92,28,28,895.72,895.72,2025-08-29,2025-08-29,completed
Item SKU Industrial 281,51,51,756.84,756.84,2024-01-18,2024-01-18,completed
Item SKU Industrial 337,4,4,337.76,388.42,2024-03-11,2024-03-11,completed
Item SKU Industrial 474,49,49,2982.14,2982.14,2026-01-23,2026-01-23,completed
Item SKU Industrial 357,31,31,5287.36,5287.36,2025-11-21,2025-11-23,completed_late
Item SKU Industrial 414,19,19,1200.99,1200.99,2025-11-24,2025-11-24,completed
Item SKU Industrial 43,16,16,711.2,711.2,2024-06-14,2024-06-14,completed
Item SKU Industrial 498,25,25,2388.0,2388.0,2026-04-11,2026-04-11,completed
Item SKU Industrial 161,4,4,1044.68,1044.68,2024-08-17,2024-08-17,completed
Item SKU Industrial 135,35,35,3855.6,3855.6,2025-04-06,2025-04-06,completed
Item SKU Industrial 464,31,31,2495.5,2495.5,2025-02-08,2025-02-08,completed
Item SKU Industrial 107,34,34,3694.78,3694.78,2025-03-24,2025-03-26,completed_late
Item SKU Industrial 399,6,6,322.14,322.14,2025-05-01,2025-05-01,completed
Item SKU Industrial 430,22,22,1307.46,1503.58,2026-01-08,2026-01-08,completed
Item SKU Industrial 366,53,53,2908.64,2908.64,2024-04-11,2024-04-11,completed
Item SKU Industrial 500,36,36,250.92,250.92,2024-07-06,2024-07-06,completed
Item SKU Industrial 356,15,15,289.35,289.35,2024-06-28,2024-06-28,completed
Item SKU Industrial 271,40,40,7246.0,7246.0,2025-03-16,2025-03-16,completed
Item SKU Industrial 121,45,45,1797.3,1797.3,2024-12-13,2024-12-15,completed_late
Item SKU Industrial 21,5,5,1242.15,1242.15,2025-11-21,2025-11-21,completed
Item SKU Industrial 253,38,38,4409.52,4409.52,2026-04-23,2026-04-23,completed
Item SKU Industrial 395,23,23,3405.61,3405.61,2025-11-28,2025-11-28,completed
Item SKU Industrial 40,4,4,366.64,366.64,2025-04-27,2025-04-27,completed
Item SKU Industrial 174,17,17,973.76,973.76,2024-04-28,2024-04-28,completed
Item SKU Industrial 54,17,17,582.76,670.17,2026-03-02,2026-03-02,completed
Item SKU Industrial 339,15,15,712.65,712.65,2025-05-09,2025-05-11,completed_late
Item SKU Industrial 399,40,40,2147.6,2147.6,2025-07-24,2025-08-01,completed_late
Item SKU Industrial 74,14,14,527.52,527.52,2025-05-18,2025-05-18,completed
Item SKU Industrial 136,52,52,4502.68,4502.68,2026-05-01,2026-05-01,completed
Item SKU Industrial 343,29,29,8010.67,8010.67,2025-06-07,2025-06-07,completed
Item SKU Industrial 311,53,53,4366.14,4366.14,2026-03-15,2026-03-15,completed
Item SKU Industrial 51,35,35,2583.7,2583.7,2025-09-08,2025-09-08,completed
Item SKU Industrial 128,14,14,456.12,456.12,2024-07-19,2024-07-21,completed_late
Item SKU Industrial 103,24,24,1563.84,1563.84,2024-05-04,2024-05-04,completed
Item SKU Industrial 379,46,46,1632.54,1632.54,2026-01-09,2026-01-09,completed
Item SKU Industrial 39,4,4,313.6,360.64,2026-01-07,2026-01-07,completed
Item SKU Industrial 364,8,8,465.12,465.12,2025-09-30,2025-09-30,completed
Item SKU Industrial 209,9,9,318.87,318.87,2026-05-15,2026-05-15,completed
Item SKU Industrial 22,41,41,7935.14,7935.14,2025-07-05,2025-07-05,completed
Item SKU Industrial 171,3,3,119.01,119.01,2025-12-20,2025-12-22,completed_late
Item SKU Industrial 391,22,22,1557.16,1557.16,2025-06-23,2025-06-23,completed
Item SKU Industrial 498,14,14,1337.28,1337.28,2024-06-15,2024-06-15,completed
Item SKU Industrial 280,5,5,288.4,288.4,2024-01-28,2024-01-28,completed
Item SKU Industrial 118,22,22,606.1,606.1,2024-06-01,2024-06-01,completed
Item SKU Industrial 77,16,16,1132.32,1132.32,2025-10-29,2025-10-29,completed
Item SKU Industrial 204,14,14,802.76,802.76,2025-05-05,2025-05-05,completed
Item SKU Industrial 155,2,2,358.42,412.18,2025-05-16,2025-05-18,completed_late
Item SKU Industrial 275,19,19,1023.72,1023.72,2024-11-04,2024-11-04,completed
Item SKU Industrial 437,17,17,2248.76,2248.76,2024-09-02,2024-09-02,completed
Item SKU Industrial 100,45,45,2904.3,2904.3,2024-05-16,2024-05-16,completed
Item SKU Industrial 208,4,4,209.28,209.28,2026-05-01,2026-05-01,completed
Item SKU Industrial 146,26,26,2036.58,2036.58,2025-02-25,2025-02-25,completed
Item SKU Industrial 123,48,48,480.0,480.0,2024-05-10,2024-05-10,completed
Item SKU Industrial 181,3,3,126.33,126.33,2025-05-11,2025-05-13,completed_late
Item SKU Industrial 130,13,13,1281.93,1281.93,2026-05-10,2026-05-10,completed
Item SKU Industrial 90,46,46,13086.54,13086.54,2026-04-11,2026-04-19,completed_late
Item SKU Industrial 281,5,5,74.2,74.2,2024-08-03,2024-08-03,completed
Item SKU Industrial 76,49,49,5694.29,6548.43,2025-11-17,2025-11-17,completed
Item SKU Industrial 115,12,12,2329.68,2329.68,2025-05-05,2025-05-05,completed
Item SKU Industrial 242,20,20,183.6,183.6,2024-12-15,2024-12-15,completed
Item SKU Industrial 349,15,15,1814.1,1814.1,2026-04-25,2026-04-27,completed_late
Item SKU Industrial 442,3,3,270.48,270.48,2026-03-22,2026-03-22,completed
Item SKU Industrial 342,53,53,8398.38,8398.38,2026-05-24,2026-05-24,completed
Item SKU Industrial 466,2,2,11.88,11.88,2025-02-16,2025-02-16,completed
Item SKU Industrial 290,45,45,678.6,678.6,2025-11-14,2025-11-14,completed
Item SKU Industrial 407,17,17,1208.19,1208.19,2026-02-08,2026-02-08,completed
Item SKU Industrial 425,31,31,6970.66,6970.66,2026-03-08,2026-03-08,completed
Item SKU Industrial 19,3,3,346.44,346.44,2025-02-03,2025-02-05,completed_late
Item SKU Industrial 324,52,52,1040.52,1196.6,2026-01-25,2026-01-25,completed
Item SKU Industrial 459,41,41,745.38,745.38,2026-02-06,2026-02-06,completed
Item SKU Industrial 453,49,49,1981.07,1981.07,2026-01-23,2026-01-23,completed
Item SKU Industrial 113,38,38,1060.96,1060.96,2026-02-09,2026-02-09,completed
Item SKU Industrial 53,50,50,9230.0,9230.0,2026-01-03,2026-01-03,completed
Item SKU Industrial 183,3,3,27.72,27.72,2025-12-04,2025-12-04,completed
Item SKU Industrial 321,46,46,3217.24,3217.24,2025-03-07,2025-03-09,completed_late
Item SKU Industrial 297,6,6,1327.8,1327.8,2026-05-08,2026-05-08,completed
Item SKU Industrial 164,22,22,1289.42,1289.42,2024-02-11,2024-02-11,completed
Item SKU Industrial 209,22,22,779.46,779.46,2024-11-25,2024-11-25,completed
Item SKU Industrial 393,14,14,2355.78,2355.78,2025-11-24,2025-11-24,completed
Item SKU Industrial 378,37,37,3533.87,4063.95,2024-10-07,2024-10-07,completed
Item SKU Industrial 333,42,42,5628.84,5628.84,2025-11-30,2025-11-30,completed
Item SKU Industrial 365,51,51,1999.2,1999.2,2026-05-02,2026-05-04,completed_late
Item SKU Industrial 179,3,3,195.27,195.27,2024-03-29,2024-03-29,completed
Item SKU Industrial 365,1,1,39.2,39.2,2025-09-13,2025-09-13,completed
Item SKU Industrial 383,23,23,1737.88,1737.88,2026-04-09,2026-04-17,completed_late
Item SKU Industrial 432,36,36,8788.32,8788.32,2026-02-28,2026-02-28,completed
Item SKU Industrial 221,5,5,308.35,308.35,2024-04-27,2024-04-27,completed
Item SKU Industrial 308,20,20,407.6,407.6,2026-04-09,2026-04-09,completed
Item SKU Industrial 203,19,19,4358.6,4358.6,2026-02-12,2026-02-14,completed_late
Item SKU Industrial 212,40,40,526.4,526.4,2025-01-11,2025-01-11,completed
Item SKU Industrial 410,47,47,1047.63,1204.77,2025-11-10,2025-11-10,completed
Item SKU Industrial 9,51,51,9965.4,9965.4,2025-01-15,2025-01-15,completed
Item SKU Industrial 61,5,5,547.6,547.6,2024-02-19,2024-02-19,completed
Item SKU Industrial 438,14,14,253.96,253.96,2026-02-05,2026-02-05,completed
Item SKU Industrial 27,36,36,7953.12,7953.12,2025-05-21,2025-05-21,completed
Item SKU Industrial 147,31,31,1581.62,1581.62,2024-07-01,2024-07-03,completed_late
Item SKU Industrial 146,17,17,1331.61,1331.61,2024-09-15,2024-09-15,completed
Item SKU Industrial 227,53,53,1749.53,1749.53,2026-01-11,2026-01-11,completed
Item SKU Industrial 186,51,51,6344.4,6344.4,2026-04-26,2026-04-26,completed
Item SKU Industrial 202,24,24,391.68,391.68,2024-10-07,2024-10-07,completed
Item SKU Industrial 172,9,9,140.67,140.67,2024-09-23,2024-09-23,completed
Item SKU Industrial 122,17,17,1494.64,1718.84,2024-06-08,2024-06-08,completed
Item SKU Industrial 120,41,41,2173.82,2173.82,2025-09-26,2025-09-28,completed_late
Item SKU Industrial 388,24,24,586.8,586.8,2025-03-23,2025-03-23,completed
Item SKU Industrial 283,16,16,664.8,664.8,2026-02-21,2026-02-21,completed
Item SKU Industrial 292,5,5,148.85,148.85,2025-03-02,2025-03-02,completed
Item SKU Industrial 53,15,15,2769.0,2769.0,2024-11-17,2024-11-17,completed
Item SKU Industrial 195,36,36,1693.44,1693.44,2024-12-05,2024-12-05,completed
Item SKU Industrial 78,16,16,728.64,728.64,2025-05-15,2025-05-15,completed
Item SKU Industrial 65,39,39,553.41,553.41,2025-09-01,2025-09-03,completed_late
Item SKU Industrial 23,15,15,655.2,655.2,2025-03-10,2025-03-10,completed
Item SKU Industrial 213,51,51,994.5,994.5,2026-01-10,2026-01-10,completed
Item SKU Industrial 262,20,20,1199.4,1379.31,2024-11-14,2024-11-14,completed
Item SKU Industrial 387,35,35,1113.7,1113.7,2024-02-16,2024-02-24,completed_late
Item SKU Industrial 168,28,28,775.6,775.6,2025-01-19,2025-01-19,completed
Item SKU Industrial 361,23,23,3491.86,3491.86,2026-04-04,2026-04-04,completed
Item SKU Industrial 459,31,31,563.58,563.58,2026-02-23,2026-02-25,completed_late
Item SKU Industrial 469,2,2,481.74,481.74,2026-01-18,2026-01-18,completed
Item SKU Industrial 335,46,46,5050.34,5050.34,2026-02-18,2026-02-18,completed
Item SKU Industrial 269,53,53,1724.09,1724.09,2024-02-27,2024-02-27,completed
Item SKU Industrial 33,8,8,57.12,57.12,2025-02-23,2025-02-23,completed
Item SKU Industrial 129,1,1,164.29,164.29,2025-08-08,2025-08-08,completed
Item SKU Industrial 495,35,35,7191.8,7191.8,2025-10-16,2025-10-16,completed
Item SKU Industrial 390,51,51,381.99,439.29,2026-02-15,2026-02-17,completed_late
Item SKU Industrial 303,9,9,480.6,480.6,2025-12-19,2025-12-19,completed
Item SKU Industrial 333,8,8,1072.16,1072.16,2025-06-20,2025-06-20,completed
Item SKU Industrial 114,47,47,11495.26,11495.26,2024-08-02,2024-08-02,completed
Item SKU Industrial 28,17,17,1024.59,1024.59,2025-03-30,2025-03-30,completed
Item SKU Industrial 215,38,38,831.44,831.44,2024-01-25,2024-01-25,completed
Item SKU Industrial 153,6,6,172.44,172.44,2025-02-28,2025-02-28,completed
Item SKU Industrial 143,34,34,4912.66,4912.66,2024-05-17,2024-05-19,completed_late
Item SKU Industrial 324,46,46,920.46,920.46,2024-06-30,2024-06-30,completed
Item SKU Industrial 376,52,52,676.52,676.52,2025-03-23,2025-03-23,completed
Item SKU Industrial 101,15,15,6139.2,6139.2,2024-04-27,2024-04-27,completed
Item SKU Industrial 365,27,27,1058.4,1217.16,2025-02-20,2025-02-20,completed
Item SKU Industrial 268,16,16,413.44,413.44,2025-01-13,2025-01-13,completed
Item SKU Industrial 470,19,19,376.96,376.96,2025-09-15,2025-09-15,completed
Item SKU Industrial 72,13,13,4721.6,4721.6,2025-05-16,2025-05-18,completed_late
Item SKU Industrial 384,35,35,7554.75,7554.75,2025-09-07,2025-09-07,completed
Item SKU Industrial 340,12,12,467.04,467.04,2025-02-17,2025-02-17,completed
Item SKU Industrial 20,9,9,338.85,338.85,2025-11-15,2025-11-15,completed
Item SKU Industrial 98,16,16,134.72,134.72,2024-07-19,2024-07-19,completed
Item SKU Industrial 132,48,48,9657.12,9657.12,2025-03-07,2025-03-15,completed_late
Item SKU Industrial 211,9,9,267.3,267.3,2025-12-28,2025-12-28,completed
Item SKU Industrial 68,2,2,77.5,77.5,2025-07-05,2025-07-07,completed_late
Item SKU Industrial 500,15,15,104.55,120.23,2025-12-05,2025-12-05,completed
Item SKU Industrial 277,37,37,2833.09,2833.09,2025-02-18,2025-02-18,completed
Item SKU Industrial 263,19,19,562.78,562.78,2025-07-04,2025-07-04,completed
Item SKU Industrial 345,52,52,6281.6,6281.6,2025-01-17,2025-01-17,completed
Item SKU Industrial 219,40,40,1546.4,1546.4,2026-05-24,2026-05-24,completed
Item SKU Industrial 131,38,38,718.2,718.2,2024-01-18,2024-01-18,completed
Item SKU Industrial 324,35,35,700.35,700.35,2026-03-05,2026-03-07,completed_late
Item SKU Industrial 37,33,33,7200.93,7200.93,2026-01-16,2026-01-16,completed
Item SKU Industrial 418,22,22,1259.72,1259.72,2026-03-15,2026-03-15,completed
Item SKU Industrial 279,22,22,2410.32,2410.32,2025-08-22,2025-08-22,completed
Item SKU Industrial 427,20,20,438.6,438.6,2025-11-30,2025-11-30,completed
Item SKU Industrial 384,19,19,4101.15,4716.32,2025-06-22,2025-06-22,completed
Item SKU Industrial 310,2,2,405.16,405.16,2025-08-15,2025-08-15,completed
Item SKU Industrial 67,53,53,15981.09,15981.09,2024-01-22,2024-01-24,completed_late
Item SKU Industrial 121,50,50,1997.0,1997.0,2026-01-01,2026-01-01,completed
Item SKU Industrial 327,34,34,329.46,329.46,2025-12-07,2025-12-07,completed
Item SKU Industrial 103,30,30,1954.8,1954.8,2025-05-19,2025-05-19,completed
Item SKU Industrial 472,40,40,556.4,556.4,2025-05-19,2025-05-19,completed
Item SKU Industrial 73,24,24,2896.56,2896.56,2025-08-02,2025-08-02,completed
Item SKU Industrial 368,33,33,4389.66,4389.66,2025-12-29,2025-12-29,completed
Item SKU Industrial 205,14,14,478.24,478.24,2025-08-09,2025-08-11,completed_late
Item SKU Industrial 112,53,53,483.89,483.89,2025-08-17,2025-08-17,completed
Item SKU Industrial 333,49,49,6566.98,7552.03,2025-07-03,2025-07-03,completed
Item SKU Industrial 8,35,35,3229.45,3229.45,2024-11-07,2024-11-07,completed
Item SKU Industrial 41,23,23,1307.09,1307.09,2024-10-13,2024-10-13,completed
Item SKU Industrial 319,6,6,155.34,155.34,2025-12-18,2025-12-18,completed
Item SKU Industrial 491,30,30,2461.5,2461.5,2026-04-11,2026-04-19,completed_late
Item SKU Industrial 51,27,27,1993.14,1993.14,2024-04-22,2024-04-24,completed_late
Item SKU Industrial 80,28,28,375.76,375.76,2025-11-08,2025-11-08,completed
Item SKU Industrial 114,44,44,10761.52,10761.52,2024-11-15,2024-11-15,completed
Item SKU Industrial 226,46,46,913.56,913.56,2025-08-28,2025-08-28,completed
Item SKU Industrial 30,17,17,744.6,744.6,2024-01-11,2024-01-11,completed
Item SKU Industrial 415,49,49,11380.74,11380.74,2026-04-25,2026-04-25,completed
Item SKU Industrial 183,47,47,434.28,499.42,2025-06-19,2025-06-19,completed
Item SKU Industrial 464,17,17,1368.5,1368.5,2025-08-07,2025-08-09,completed_late
Item SKU Industrial 84,52,52,559.52,559.52,2025-08-16,2025-08-16,completed
Item SKU Industrial 23,5,5,218.4,218.4,2025-06-08,2025-06-08,completed
Item SKU Industrial 249,41,41,2688.37,2688.37,2025-08-23,2025-08-23,completed
Item SKU Industrial 404,22,22,2335.3,2335.3,2024-02-10,2024-02-10,completed
Item SKU Industrial 433,38,38,7204.42,7204.42,2025-05-17,2025-05-17,completed
Item SKU Industrial 374,37,37,6408.4,6408.4,2025-05-31,2025-05-31,completed
Item SKU Industrial 427,3,3,65.79,65.79,2025-04-19,2025-04-21,completed_late
Item SKU Industrial 151,35,35,2375.8,2375.8,2025-08-04,2025-08-04,completed
Item SKU Industrial 376,12,12,156.12,156.12,2024-07-05,2024-07-05,completed
Item SKU Industrial 306,50,50,7988.0,9186.2,2026-01-02,2026-01-02,completed
Item SKU Industrial 46,31,31,4612.18,4612.18,2025-04-21,2025-04-21,completed
Item SKU Industrial 157,44,44,26428.16,26428.16,2026-02-27,2026-02-27,completed
Item SKU Industrial 360,2,2,86.8,86.8,2025-09-05,2025-09-05,completed
Item SKU Industrial 79,1,1,225.75,225.75,2024-04-18,2024-04-20,completed_late
Item SKU Industrial 11,48,48,7701.6,7701.6,2026-03-19,2026-03-19,completed
Item SKU Industrial 81,30,30,2153.4,2153.4,2025-09-15,2025-09-15,completed
Item SKU Industrial 135,27,27,2974.32,2974.32,2025-08-02,2025-08-02,completed
Item SKU Industrial 409,4,4,172.24,172.24,2025-05-24,2025-05-24,completed
Item SKU Industrial 38,13,13,3772.6,3772.6,2026-01-03,2026-01-03,completed
Item SKU Industrial 261,25,25,1209.75,1209.75,2025-11-28,2025-11-28,completed
Item SKU Industrial 223,3,3,66.3,76.24,2024-05-10,2024-05-18,completed_late
Item SKU Industrial 380,39,39,740.61,740.61,2024-02-04,2024-02-04,completed
Item SKU Industrial 54,51,51,1748.28,1748.28,2026-01-19,2026-01-19,completed
Item SKU Industrial 215,35,35,765.8,765.8,2025-11-07,2025-11-07,completed
Item SKU Industrial 170,12,12,1027.08,1027.08,2025-05-16,2025-05-16,completed
Item SKU Industrial 421,20,20,4054.8,4054.8,2024-10-07,2024-10-07,completed
Item SKU Industrial 218,34,34,850.68,850.68,2025-12-28,2025-12-28,completed
Item SKU Industrial 269,17,17,553.01,553.01,2024-03-08,2024-03-10,completed_late
Item SKU Industrial 49,27,27,1765.26,1765.26,2025-03-02,2025-03-02,completed
Item SKU Industrial 326,11,11,735.02,735.02,2025-01-04,2025-01-04,completed
Item SKU Industrial 4,23,23,3540.85,3540.85,2026-05-02,2026-05-02,completed
Item SKU Industrial 454,45,45,5695.2,6549.48,2026-03-05,2026-03-05,completed
Item SKU Industrial 257,28,28,5666.64,5666.64,2024-08-17,2024-08-17,completed
Item SKU Industrial 179,40,40,2603.6,2603.6,2024-05-05,2024-05-05,completed
Item SKU Industrial 161,40,40,10446.8,10446.8,2025-06-16,2025-06-18,completed_late
Item SKU Industrial 79,14,14,3160.5,3160.5,2025-08-05,2025-08-05,completed
Item SKU Industrial 208,39,39,2040.48,2040.48,2026-02-06,2026-02-06,completed
Item SKU Industrial 13,20,20,471.4,471.4,2025-04-25,2025-04-25,completed
Item SKU Industrial 167,13,13,1255.15,1255.15,2026-04-03,2026-04-03,completed
Item SKU Industrial 263,2,2,59.24,59.24,2025-03-01,2025-03-01,completed
Item SKU Industrial 346,52,52,10324.6,10324.6,2026-01-03,2026-01-03,completed
Item SKU Industrial 77,4,4,283.08,283.08,2025-11-14,2025-11-16,completed_late
Item SKU Industrial 240,39,39,7903.35,9088.85,2024-11-07,2024-11-07,completed
Item SKU Industrial 397,49,49,7215.74,7215.74,2025-05-08,2025-05-08,completed
Item SKU Industrial 292,14,14,416.78,416.78,2025-06-06,2025-06-06,completed
Item SKU Industrial 119,18,18,431.1,431.1,2025-03-14,2025-03-14,completed
Item SKU Industrial 28,17,17,1024.59,1024.59,2026-05-17,2026-05-17,completed
Item SKU Industrial 199,2,2,181.98,181.98,2024-10-31,2024-10-31,completed
Item SKU Industrial 18,50,50,2180.0,2180.0,2025-10-23,2025-10-25,completed_late
Item SKU Industrial 111,23,23,3809.95,3809.95,2025-03-17,2025-03-25,completed_late
Item SKU Industrial 239,9,9,127.08,127.08,2025-08-23,2025-08-23,completed
Item SKU Industrial 346,5,5,992.75,992.75,2024-03-14,2024-03-14,completed
Item SKU Industrial 364,49,49,2848.86,2848.86,2026-05-17,2026-05-17,completed
Item SKU Industrial 357,53,53,9039.68,10395.63,2026-05-24,2026-05-24,completed
Item SKU Industrial 77,26,26,1840.02,1840.02,2026-05-07,2026-05-07,completed
Item SKU Industrial 116,29,29,1661.12,1661.12,2024-09-07,2024-09-09,completed_late
Item SKU Industrial 374,29,29,5022.8,5022.8,2026-05-11,2026-05-11,completed
Item SKU Industrial 481,22,22,590.26,590.26,2025-10-16,2025-10-16,completed
Item SKU Industrial 342,16,16,2535.36,2535.36,2025-09-26,2025-09-26,completed
Item SKU Industrial 388,22,22,537.9,537.9,2025-07-27,2025-07-27,completed
Item SKU Industrial 484,41,41,2949.95,2949.95,2025-12-04,2025-12-04,completed
Item SKU Industrial 32,39,39,1927.38,1927.38,2025-03-17,2025-03-17,completed
Item SKU Industrial 378,11,11,1050.61,1050.61,2024-10-30,2024-11-01,completed_late
Item SKU Industrial 98,48,48,404.16,404.16,2025-06-27,2025-06-27,completed
Item SKU Industrial 139,20,20,3251.8,3739.57,2026-04-17,2026-04-17,completed
Item SKU Industrial 182,15,15,235.35,235.35,2024-08-16,2024-08-16,completed
Item SKU Industrial 409,53,53,2282.18,2282.18,2025-05-14,2025-05-14,completed
Item SKU Industrial 264,44,44,1392.16,1392.16,2024-05-11,2024-05-11,completed
Item SKU Industrial 454,28,28,3543.68,3543.68,2025-06-14,2025-06-14,completed
Item SKU Industrial 197,29,29,4434.97,4434.97,2026-01-18,2026-01-20,completed_late
Item SKU Industrial 316,24,24,817.44,817.44,2024-07-07,2024-07-07,completed
Item SKU Industrial 335,36,36,3952.44,3952.44,2025-01-09,2025-01-09,completed
Item SKU Industrial 221,31,31,1911.77,1911.77,2024-08-12,2024-08-12,completed
Item SKU Industrial 436,45,45,14263.2,14263.2,2025-11-12,2025-11-12,completed
Item SKU Industrial 242,44,44,403.92,403.92,2025-06-30,2025-06-30,completed
Item SKU Industrial 99,14,14,2503.34,2878.84,2026-04-03,2026-04-03,completed
Item SKU Industrial 243,33,33,928.29,928.29,2026-01-12,2026-01-14,completed_late
Item SKU Industrial 370,12,12,303.84,303.84,2025-09-19,2025-09-19,completed
Item SKU Industrial 352,20,20,352.8,352.8,2025-06-16,2025-06-24,completed_late
Item SKU Industrial 360,3,3,130.2,130.2,2025-11-06,2025-11-06,completed
Item SKU Industrial 172,1,1,15.63,15.63,2025-10-31,2025-10-31,completed
Item SKU Industrial 202,38,38,620.16,620.16,2025-06-09,2025-06-09,completed
Item SKU Industrial 2,1,1,138.95,138.95,2026-05-01,2026-05-01,completed
Item SKU Industrial 180,15,15,2896.5,2896.5,2025-07-24,2025-07-26,completed_late
Item SKU Industrial 102,52,52,690.04,690.04,2025-04-18,2025-04-18,completed
Item SKU Industrial 69,22,22,793.98,793.98,2026-01-05,2026-01-05,completed
Item SKU Industrial 344,19,19,350.36,402.91,2024-05-31,2024-05-31,completed
Item SKU Industrial 280,20,20,1153.6,1153.6,2024-06-10,2024-06-10,completed
Item SKU Industrial 333,49,49,6566.98,6566.98,2024-03-04,2024-03-04,completed
Item SKU Industrial 363,28,28,4271.68,4271.68,2025-06-01,2025-06-01,completed
Item SKU Industrial 157,35,35,21022.4,21022.4,2024-05-17,2024-05-19,completed_late
Item SKU Industrial 276,4,4,58.8,58.8,2025-03-17,2025-03-17,completed
Item SKU Industrial 456,44,44,1079.76,1079.76,2025-11-22,2025-11-22,completed
Item SKU Industrial 64,46,46,5337.38,5337.38,2026-02-01,2026-02-01,completed
Item SKU Industrial 393,5,5,841.35,841.35,2026-02-12,2026-02-12,completed
Item SKU Industrial 10,37,37,4958.74,4958.74,2026-02-01,2026-02-01,completed
Item SKU Industrial 468,18,18,350.46,350.46,2024-05-02,2024-05-02,completed
Item SKU Industrial 107,22,22,2390.74,2749.35,2024-01-26,2024-01-28,completed_late
Item SKU Industrial 355,51,51,986.85,986.85,2025-08-21,2025-08-21,completed
Item SKU Industrial 354,16,16,322.56,322.56,2026-04-09,2026-04-09,completed
Item SKU Industrial 146,27,27,2114.91,2114.91,2026-03-09,2026-03-09,completed
Item SKU Industrial 54,15,15,514.2,514.2,2026-02-22,2026-02-22,completed
Item SKU Industrial 406,7,7,695.24,695.24,2025-04-18,2025-04-18,completed
Item SKU Industrial 166,33,33,8016.36,8016.36,2024-09-05,2024-09-05,completed
Item SKU Industrial 155,19,19,3404.99,3404.99,2025-05-02,2025-05-04,completed_late
Item SKU Industrial 133,13,13,2044.51,2044.51,2024-06-20,2024-06-20,completed
Item SKU Industrial 423,51,51,3755.64,3755.64,2026-02-05,2026-02-05,completed
Item SKU Industrial 415,25,25,5806.5,5806.5,2026-03-21,2026-03-29,completed_late
Item SKU Industrial 488,34,34,2015.18,2317.46,2025-01-24,2025-01-24,completed
Item SKU Industrial 492,1,1,20.33,20.33,2025-04-18,2025-04-18,completed
Item SKU Industrial 50,23,23,243.57,243.57,2025-02-20,2025-02-20,completed
Item SKU Industrial 70,33,33,5007.75,5007.75,2024-09-07,2024-09-09,completed_late
Item SKU Industrial 104,34,34,10957.86,10957.86,2025-02-27,2025-02-27,completed
Item SKU Industrial 53,24,24,4430.4,4430.4,2025-07-20,2025-07-20,completed
Item SKU Industrial 474,35,35,2130.1,2130.1,2024-01-26,2024-01-26,completed
Item SKU Industrial 413,23,23,983.48,983.48,2024-12-10,2024-12-10,completed
Item SKU Industrial 386,42,42,803.04,803.04,2025-09-29,2025-09-29,completed
Item SKU Industrial 78,37,37,1684.98,1684.98,2025-05-10,2025-05-10,completed
Item SKU Industrial 28,28,28,1687.56,1687.56,2025-09-06,2025-09-08,completed_late
Item SKU Industrial 438,51,51,925.14,1063.91,2026-03-06,2026-03-06,completed
Item SKU Industrial 106,16,16,1450.08,1450.08,2025-11-17,2025-11-17,completed
Item SKU Industrial 294,36,36,854.28,854.28,2025-08-29,2025-08-29,completed
Item SKU Industrial 359,46,46,2877.3,2877.3,2025-12-06,2025-12-06,completed
Item SKU Industrial 244,17,17,2418.08,2418.08,2024-07-27,2024-07-27,completed
Item SKU Industrial 477,19,19,2298.43,2298.43,2025-05-15,2025-05-15,completed
Item SKU Industrial 174,9,9,515.52,515.52,2026-05-23,2026-05-25,completed_late
Item SKU Industrial 350,27,27,2186.19,2186.19,2025-04-24,2025-04-24,completed
Item SKU Industrial 5,5,5,157.85,157.85,2025-07-26,2025-07-26,completed
Item SKU Industrial 285,42,42,3524.64,3524.64,2025-11-06,2025-11-06,completed
Item SKU Industrial 149,33,33,5282.64,5282.64,2024-05-11,2024-05-11,completed
Item SKU Industrial 485,20,20,245.6,282.44,2024-09-24,2024-09-24,completed
Item SKU Industrial 212,18,18,236.88,236.88,2026-05-07,2026-05-07,completed
Item SKU Industrial 487,28,28,1650.88,1650.88,2024-05-09,2024-05-11,completed_late
Item SKU Industrial 440,36,36,6469.56,6469.56,2025-06-19,2025-06-19,completed
Item SKU Industrial 376,25,25,325.25,325.25,2025-11-27,2025-11-27,completed
Item SKU Industrial 18,52,52,2267.2,2267.2,2025-01-18,2025-01-18,completed
Item SKU Industrial 37,28,28,6109.88,6109.88,2025-07-24,2025-08-01,completed_late
Item SKU Industrial 436,24,24,7607.04,7607.04,2025-08-01,2025-08-01,completed
Item SKU Industrial 348,6,6,61.5,61.5,2025-03-13,2025-03-13,completed
Item SKU Industrial 170,24,24,2054.16,2054.16,2025-04-06,2025-04-08,completed_late
Item SKU Industrial 127,24,24,1494.72,1494.72,2025-11-21,2025-11-21,completed
Item SKU Industrial 53,41,41,7568.6,8703.89,2025-11-23,2025-11-23,completed
Item SKU Industrial 212,46,46,605.36,605.36,2026-02-22,2026-02-22,completed
Item SKU Industrial 487,17,17,1002.32,1002.32,2024-04-01,2024-04-01,completed
Item SKU Industrial 176,34,34,2606.1,2606.1,2025-02-17,2025-02-17,completed
Item SKU Industrial 127,3,3,186.84,186.84,2025-10-19,2025-10-19,completed
Item SKU Industrial 85,16,16,276.8,276.8,2025-04-02,2025-04-04,completed_late
Item SKU Industrial 436,20,20,6339.2,6339.2,2024-04-19,2024-04-19,completed
Item SKU Industrial 122,9,9,791.28,791.28,2025-12-28,2025-12-28,completed
Item SKU Industrial 467,51,51,4390.59,4390.59,2024-10-11,2024-10-11,completed
Item SKU Industrial 70,22,22,3338.5,3338.5,2025-08-19,2025-08-19,completed
Item SKU Industrial 119,51,51,1221.45,1221.45,2025-02-09,2025-02-09,completed
Item SKU Industrial 497,19,19,548.34,630.59,2025-09-27,2025-09-27,completed
Item SKU Industrial 350,39,39,3157.83,3157.83,2025-12-29,2025-12-31,completed_late
Item SKU Industrial 155,33,33,5913.93,5913.93,2025-08-25,2025-08-25,completed
Item SKU Industrial 346,11,11,2184.05,2184.05,2025-05-03,2025-05-03,completed
Item SKU Industrial 17,39,39,1588.86,1588.86,2026-04-27,2026-04-27,completed
Item SKU Industrial 67,29,29,8744.37,8744.37,2026-02-22,2026-02-22,completed
Item SKU Industrial 462,42,42,7738.92,7738.92,2025-03-01,2025-03-01,completed
Item SKU Industrial 94,11,11,300.52,300.52,2024-10-07,2024-10-07,completed
Item SKU Industrial 137,19,19,1109.22,1109.22,2024-05-27,2024-05-29,completed_late
Item SKU Industrial 432,24,24,5858.88,5858.88,2025-05-16,2025-05-16,completed
Item SKU Industrial 112,23,23,209.99,209.99,2025-11-06,2025-11-06,completed
Item SKU Industrial 242,44,44,403.92,464.51,2024-11-23,2024-11-23,completed
Item SKU Industrial 301,15,15,4714.65,4714.65,2025-10-31,2025-10-31,completed
Item SKU Industrial 227,2,2,66.02,66.02,2025-09-22,2025-09-30,completed_late
Item SKU Industrial 101,6,6,2455.68,2455.68,2024-08-22,2024-08-22,completed
Item SKU Industrial 441,49,49,3738.7,3738.7,2025-03-13,2025-03-15,completed_late
Item SKU Industrial 139,37,37,6015.83,6015.83,2026-01-04,2026-01-04,completed
Item SKU Industrial 409,34,34,1464.04,1464.04,2026-03-23,2026-03-23,completed
Item SKU Industrial 376,20,20,260.2,260.2,2024-12-06,2024-12-06,completed
Item SKU Industrial 211,13,13,386.1,386.1,2026-05-14,2026-05-14,completed
Item SKU Industrial 393,35,35,5889.45,5889.45,2025-10-13,2025-10-13,completed
Item SKU Industrial 315,7,7,147.28,147.28,2025-04-28,2025-04-28,completed
Item SKU Industrial 460,15,15,1032.45,1187.32,2025-10-31,2025-11-02,completed_late
Item SKU Industrial 348,30,30,307.5,307.5,2025-10-10,2025-10-10,completed
Item SKU Industrial 396,6,6,101.82,101.82,2025-06-26,2025-06-26,completed
Item SKU Industrial 224,31,31,745.24,745.24,2025-08-14,2025-08-14,completed
Item SKU Industrial 414,45,45,2844.45,2844.45,2025-10-03,2025-10-03,completed
Item SKU Industrial 360,31,31,1345.4,1345.4,2026-01-19,2026-01-19,completed
Item SKU Industrial 87,51,51,4696.59,4696.59,2024-10-18,2024-10-18,completed
Item SKU Industrial 416,49,49,779.1,779.1,2024-09-16,2024-09-18,completed_late
Item SKU Industrial 281,25,25,371.0,371.0,2025-05-17,2025-05-17,completed
Item SKU Industrial 400,33,33,3969.9,3969.9,2025-11-16,2025-11-16,completed
Item SKU Industrial 398,42,42,816.9,816.9,2025-03-20,2025-03-20,completed
Item SKU Industrial 313,11,11,363.22,417.7,2024-03-25,2024-03-25,completed
Item SKU Industrial 488,5,5,296.35,296.35,2024-08-17,2024-08-17,completed
Item SKU Industrial 353,51,51,6171.0,6171.0,2025-12-29,2025-12-29,completed
Item SKU Industrial 117,8,8,723.2,723.2,2024-08-24,2024-08-26,completed_late
Item SKU Industrial 419,51,51,4965.87,4965.87,2025-10-13,2025-10-13,completed
Item SKU Industrial 240,51,51,10335.15,10335.15,2026-01-26,2026-01-26,completed
Item SKU Industrial 87,42,42,3867.78,3867.78,2024-05-09,2024-05-09,completed
Item SKU Industrial 401,39,39,813.93,813.93,2026-02-05,2026-02-05,completed
Item SKU Industrial 246,49,49,1084.86,1084.86,2025-05-12,2025-05-12,completed
Item SKU Industrial 449,17,17,772.48,772.48,2025-02-16,2025-02-24,completed_late
Item SKU Industrial 379,3,3,106.47,106.47,2025-05-03,2025-05-05,completed_late
Item SKU Industrial 168,23,23,637.1,732.66,2024-06-30,2024-06-30,completed
Item SKU Industrial 52,13,13,768.17,768.17,2025-10-01,2025-10-01,completed
Item SKU Industrial 20,41,41,1543.65,1543.65,2025-08-22,2025-08-22,completed
Item SKU Industrial 446,49,49,5635.0,5635.0,2024-10-12,2024-10-12,completed
Item SKU Industrial 8,24,24,2214.48,2214.48,2024-08-25,2024-08-25,completed
Item SKU Industrial 301,19,19,5971.89,5971.89,2026-04-05,2026-04-05,completed
Item SKU Industrial 208,2,2,104.64,104.64,2025-08-02,2025-08-04,completed_late
Item SKU Industrial 298,19,19,258.78,258.78,2025-07-08,2025-07-08,completed
Item SKU Industrial 134,49,49,10771.18,10771.18,2024-04-07,2024-04-07,completed
Item SKU Industrial 280,33,33,1903.44,1903.44,2026-01-26,2026-01-26,completed
Item SKU Industrial 259,40,40,2426.4,2426.4,2024-01-16,2024-01-16,completed
Item SKU Industrial 109,31,31,2708.78,3115.1,2025-07-31,2025-07-31,completed
Item SKU Industrial 344,23,23,424.12,424.12,2026-01-03,2026-01-03,completed
Item SKU Industrial 220,44,44,7858.84,7858.84,2025-10-17,2025-10-19,completed_late
Item SKU Industrial 78,13,13,592.02,592.02,2025-04-21,2025-04-21,completed
Item SKU Industrial 404,5,5,530.75,530.75,2026-02-09,2026-02-09,completed
Item SKU Industrial 255,31,31,771.9,771.9,2026-04-20,2026-04-20,completed
Item SKU Industrial 290,47,47,708.76,708.76,2026-04-20,2026-04-20,completed
Item SKU Industrial 52,18,18,1063.62,1063.62,2025-03-28,2025-03-28,completed
Item SKU Industrial 231,37,37,1720.13,1720.13,2024-05-18,2024-05-18,completed
Item SKU Industrial 261,37,37,1790.43,1790.43,2024-07-03,2024-07-05,completed_late
Item SKU Industrial 195,50,50,2352.0,2352.0,2024-02-26,2024-02-26,completed
Item SKU Industrial 317,16,16,731.84,841.62,2026-05-04,2026-05-04,completed
Item SKU Industrial 63,2,2,292.46,292.46,2025-09-08,2025-09-08,completed
Item SKU Industrial 349,3,3,362.82,362.82,2024-05-17,2024-05-17,completed
Item SKU Industrial 458,18,18,285.66,285.66,2025-07-05,2025-07-05,completed
Item SKU Industrial 227,33,33,1089.33,1089.33,2024-05-24,2024-05-24,completed
Item SKU Industrial 370,39,39,987.48,987.48,2024-07-28,2024-08-05,completed_late
Item SKU Industrial 7,18,18,2021.76,2021.76,2024-02-15,2024-02-15,completed
Item SKU Industrial 155,4,4,716.84,716.84,2024-12-25,2024-12-25,completed
Item SKU Industrial 220,9,9,1607.49,1607.49,2024-10-27,2024-10-27,completed
Item SKU Industrial 310,7,7,1418.06,1418.06,2024-10-11,2024-10-11,completed
Item SKU Industrial 429,14,14,1078.28,1078.28,2026-01-19,2026-01-19,completed
Item SKU Industrial 105,37,37,2379.1,2735.96,2024-04-27,2024-04-27,completed
Item SKU Industrial 59,8,8,120.64,120.64,2026-01-12,2026-01-14,completed_late
Item SKU Industrial 308,7,7,142.66,142.66,2025-10-17,2025-10-17,completed
Item SKU Industrial 6,35,35,651.35,651.35,2025-03-15,2025-03-15,completed
Item SKU Industrial 126,37,37,3714.8,3714.8,2024-10-11,2024-10-11,completed
Item SKU Industrial 35,50,50,711.5,711.5,2025-01-10,2025-01-10,completed
Item SKU Industrial 484,12,12,863.4,863.4,2025-04-25,2025-04-25,completed
Item SKU Industrial 220,39,39,6965.79,6965.79,2025-03-12,2025-03-12,completed
Item SKU Industrial 331,24,24,10313.52,10313.52,2026-05-25,2026-05-27,completed_late
Item SKU Industrial 31,16,16,2735.68,2735.68,2024-07-27,2024-07-27,completed
Item SKU Industrial 360,5,5,217.0,217.0,2026-01-10,2026-01-10,completed
Item SKU Industrial 77,16,16,1132.32,1302.17,2024-06-17,2024-06-17,completed
Item SKU Industrial 161,1,1,261.17,261.17,2025-08-25,2025-08-25,completed
Item SKU Industrial 214,48,48,788.16,788.16,2026-01-16,2026-01-16,completed
Item SKU Industrial 168,1,1,27.7,27.7,2025-11-06,2025-11-06,completed
Item SKU Industrial 273,5,5,554.7,554.7,2024-09-09,2024-09-11,completed_late
Item SKU Industrial 27,52,52,11487.84,11487.84,2025-10-06,2025-10-06,completed
Item SKU Industrial 306,45,45,7189.2,7189.2,2026-01-31,2026-01-31,completed
Item SKU Industrial 271,6,6,1086.9,1086.9,2024-03-03,2024-03-03,completed
Item SKU Industrial 138,39,39,8097.57,8097.57,2025-04-11,2025-04-11,completed
Item SKU Industrial 183,44,44,406.56,406.56,2026-02-09,2026-02-09,completed
Item SKU Industrial 479,29,29,4961.9,4961.9,2024-05-05,2024-05-05,completed
Item SKU Industrial 68,49,49,1898.75,2183.56,2025-11-20,2025-11-22,completed_late
Item SKU Industrial 417,5,5,342.25,342.25,2025-02-14,2025-02-22,completed_late
Item SKU Industrial 67,48,48,14473.44,14473.44,2026-03-28,2026-03-28,completed
Item SKU Industrial 267,15,15,570.15,570.15,2026-05-25,2026-05-25,completed
Item SKU Industrial 271,44,44,7970.6,7970.6,2026-05-08,2026-05-08,completed
Item SKU Industrial 23,14,14,611.52,611.52,2024-10-18,2024-10-18,completed
Item SKU Industrial 386,24,24,458.88,458.88,2024-12-12,2024-12-12,completed
Item SKU Industrial 410,34,34,757.86,757.86,2026-05-02,2026-05-04,completed_late
Item SKU Industrial 18,50,50,2180.0,2180.0,2026-02-09,2026-02-09,completed
Item SKU Industrial 338,7,7,421.05,421.05,2026-05-05,2026-05-05,completed
Item SKU Industrial 293,39,39,861.12,861.12,2025-10-04,2025-10-04,completed
Item SKU Industrial 112,1,1,9.13,10.5,2025-05-24,2025-05-24,completed
Item SKU Industrial 499,14,14,683.76,683.76,2025-02-20,2025-02-20,completed
Item SKU Industrial 417,24,24,1642.8,1642.8,2026-04-24,2026-04-24,completed
Item SKU Industrial 192,14,14,715.82,715.82,2025-09-02,2025-09-04,completed_late
Item SKU Industrial 216,5,5,101.4,101.4,2024-05-25,2024-05-25,completed
Item SKU Industrial 450,47,47,3323.84,3323.84,2025-01-27,2025-01-27,completed
Item SKU Industrial 104,48,48,15469.92,15469.92,2024-06-02,2024-06-02,completed
Item SKU Industrial 60,18,18,227.7,227.7,2025-07-11,2025-07-11,completed
Item SKU Industrial 468,13,13,253.11,253.11,2025-12-19,2025-12-19,completed
Item SKU Industrial 347,44,44,1017.28,1017.28,2025-02-03,2025-02-03,completed
Item SKU Industrial 221,7,7,431.69,431.69,2025-10-03,2025-10-05,completed_late
Item SKU Industrial 138,41,41,8512.83,9789.75,2024-02-18,2024-02-18,completed
Item SKU Industrial 492,53,53,1077.49,1077.49,2025-05-30,2025-05-30,completed
Item SKU Industrial 498,24,24,2292.48,2292.48,2026-02-21,2026-02-21,completed
Item SKU Industrial 51,7,7,516.74,516.74,2024-12-12,2024-12-12,completed
Item SKU Industrial 234,7,7,465.71,465.71,2026-02-13,2026-02-13,completed
Item SKU Industrial 300,12,12,536.76,536.76,2024-01-28,2024-01-28,completed
Item SKU Industrial 287,18,18,6556.32,6556.32,2026-03-07,2026-03-09,completed_late
Item SKU Industrial 438,13,13,235.82,235.82,2026-03-21,2026-03-21,completed
Item SKU Industrial 306,38,38,6070.88,6070.88,2025-04-22,2025-04-30,completed_late
Item SKU Industrial 31,5,5,854.9,854.9,2024-05-24,2024-05-24,completed
Item SKU Industrial 139,34,34,5528.06,5528.06,2025-02-06,2025-02-06,completed
Item SKU Industrial 391,15,15,1061.7,1220.96,2025-01-27,2025-01-27,completed
Item SKU Industrial 43,2,2,88.9,88.9,2024-10-31,2024-10-31,completed
Item SKU Industrial 118,48,48,1322.4,1322.4,2024-09-15,2024-09-17,completed_late
Item SKU Industrial 343,35,35,9668.05,9668.05,2024-09-02,2024-09-02,completed
Item SKU Industrial 325,29,29,1839.76,1839.76,2024-03-23,2024-03-23,completed
Item SKU Industrial 408,50,50,1540.0,1540.0,2025-05-03,2025-05-03,completed
Item SKU Industrial 198,30,30,1583.1,1583.1,2024-10-27,2024-10-27,completed
Item SKU Industrial 193,16,16,728.16,728.16,2025-12-15,2025-12-15,completed
Item SKU Industrial 313,31,31,1023.62,1023.62,2024-09-22,2024-09-22,completed
Item SKU Industrial 232,29,29,734.86,734.86,2025-10-28,2025-10-30,completed_late
Item SKU Industrial 137,13,13,758.94,758.94,2025-08-04,2025-08-04,completed
Item SKU Industrial 60,2,2,25.3,29.1,2025-04-16,2025-04-16,completed
Item SKU Industrial 363,53,53,8085.68,8085.68,2024-11-21,2024-11-21,completed
Item SKU Industrial 10,9,9,1206.18,1206.18,2024-04-07,2024-04-07,completed
Item SKU Industrial 296,3,3,60.39,60.39,2025-01-23,2025-01-23,completed
Item SKU Industrial 389,45,45,4567.95,4567.95,2025-08-29,2025-08-29,completed
Item SKU Industrial 149,22,22,3521.76,3521.76,2025-10-04,2025-10-06,completed_late
Item SKU Industrial 498,28,28,2674.56,2674.56,2026-04-12,2026-04-12,completed
Item SKU Industrial 497,40,40,1154.4,1154.4,2026-03-14,2026-03-14,completed
Item SKU Industrial 259,38,38,2305.08,2305.08,2025-11-21,2025-11-21,completed
Item SKU Industrial 451,50,50,9488.5,9488.5,2024-08-25,2024-08-25,completed
Item SKU Industrial 28,24,24,1446.48,1446.48,2026-01-26,2026-01-26,completed
Item SKU Industrial 25,40,40,5530.4,6359.96,2025-03-13,2025-03-13,completed
Item SKU Industrial 120,50,50,2651.0,2651.0,2024-10-10,2024-10-12,completed_late
Item SKU Industrial 250,46,46,4213.6,4213.6,2024-12-21,2024-12-21,completed
Item SKU Industrial 389,26,26,2639.26,2639.26,2026-01-16,2026-01-16,completed
Item SKU Industrial 410,28,28,624.12,624.12,2026-04-24,2026-05-02,completed_late
Item SKU Industrial 182,48,48,753.12,753.12,2025-07-12,2025-07-12,completed
Item SKU Industrial 256,11,11,1391.83,1391.83,2025-06-12,2025-06-12,completed
Item SKU Industrial 440,17,17,3055.07,3055.07,2026-04-06,2026-04-06,completed
Item SKU Industrial 468,40,40,778.8,778.8,2025-12-16,2025-12-18,completed_late
Item SKU Industrial 257,15,15,3035.7,3035.7,2025-11-22,2025-11-22,completed
Item SKU Industrial 65,38,38,539.22,539.22,2026-03-06,2026-03-06,completed
Item SKU Industrial 304,48,48,14958.24,17201.98,2025-10-18,2025-10-18,completed
Item SKU Industrial 466,3,3,17.82,17.82,2025-01-12,2025-01-12,completed
Item SKU Industrial 496,30,30,1259.7,1259.7,2024-11-07,2024-11-07,completed
Item SKU Industrial 317,37,37,1692.38,1692.38,2026-01-31,2026-01-31,completed
Item SKU Industrial 251,48,48,2102.88,2102.88,2024-09-07,2024-09-09,completed_late
Item SKU Industrial 246,34,34,752.76,752.76,2025-06-30,2025-06-30,completed
Item SKU Industrial 137,28,28,1634.64,1634.64,2025-10-18,2025-10-18,completed
Item SKU Industrial 477,44,44,5322.68,5322.68,2024-08-29,2024-08-29,completed
Item SKU Industrial 293,27,27,596.16,596.16,2025-03-10,2025-03-10,completed
Item SKU Industrial 151,15,15,1018.2,1018.2,2024-04-06,2024-04-06,completed
Item SKU Industrial 34,22,22,3666.52,3666.52,2025-02-14,2025-02-14,completed
Item SKU Industrial 339,11,11,522.61,601.0,2025-04-03,2025-04-05,completed_late
Item SKU Industrial 246,5,5,110.7,110.7,2025-11-27,2025-11-27,completed
Item SKU Industrial 326,14,14,935.48,935.48,2024-11-08,2024-11-08,completed
Item SKU Industrial 203,23,23,5276.2,5276.2,2024-03-28,2024-03-28,completed
Item SKU Industrial 463,41,41,1869.6,1869.6,2026-02-21,2026-02-21,completed
Item SKU Industrial 31,49,49,8378.02,8378.02,2024-01-27,2024-01-27,completed
Item SKU Industrial 133,25,25,3931.75,3931.75,2025-03-28,2025-03-28,completed
Item SKU Industrial 359,39,39,2439.45,2439.45,2025-07-03,2025-07-05,completed_late
Item SKU Industrial 67,39,39,11759.67,11759.67,2024-01-31,2024-01-31,completed
Item SKU Industrial 423,53,53,3902.92,3902.92,2025-06-14,2025-06-14,completed
Item SKU Industrial 90,26,26,7396.74,7396.74,2025-09-13,2025-09-13,completed
Item SKU Industrial 476,33,33,350.79,403.41,2024-12-01,2024-12-09,completed_late
Item SKU Industrial 322,37,37,1081.14,1081.14,2025-10-04,2025-10-04,completed
Item SKU Industrial 361,5,5,759.1,759.1,2025-07-19,2025-07-19,completed
Item SKU Industrial 403,18,18,2049.84,2049.84,2025-03-01,2025-03-03,completed_late
Item SKU Industrial 493,37,37,727.05,727.05,2025-05-19,2025-05-19,completed
Item SKU Industrial 117,12,12,1084.8,1084.8,2025-12-07,2025-12-07,completed
Item SKU Industrial 417,15,15,1026.75,1026.75,2024-03-22,2024-03-22,completed
Item SKU Industrial 347,38,38,878.56,878.56,2024-02-27,2024-02-27,completed
Item SKU Industrial 1,9,9,393.66,393.66,2025-08-07,2025-08-07,completed
Item SKU Industrial 245,40,40,4331.2,4331.2,2025-09-20,2025-09-20,completed
Item SKU Industrial 220,44,44,7858.84,7858.84,2026-02-21,2026-02-23,completed_late
Item SKU Industrial 212,15,15,197.4,227.01,2025-08-30,2025-08-30,completed
Item SKU Industrial 278,9,9,624.87,624.87,2024-03-28,2024-03-28,completed
Item SKU Industrial 329,49,49,702.66,702.66,2025-10-16,2025-10-16,completed
Item SKU Industrial 60,51,51,645.15,645.15,2025-01-11,2025-01-11,completed
Item SKU Industrial 80,7,7,93.94,93.94,2024-02-15,2024-02-15,completed
Item SKU Industrial 179,27,27,1757.43,1757.43,2024-03-31,2024-03-31,completed
Item SKU Industrial 114,45,45,11006.1,11006.1,2024-08-31,2024-09-02,completed_late
Item SKU Industrial 361,24,24,3643.68,3643.68,2025-03-27,2025-03-27,completed
Item SKU Industrial 116,17,17,973.76,973.76,2025-08-03,2025-08-03,completed
Item SKU Industrial 215,36,36,787.68,787.68,2025-09-27,2025-09-27,completed
Item SKU Industrial 154,49,49,421.89,421.89,2024-11-17,2024-11-17,completed
Item SKU Industrial 270,18,18,311.22,357.9,2026-05-10,2026-05-10,completed
Item SKU Industrial 163,39,39,1120.47,1120.47,2026-04-16,2026-04-16,completed
Item SKU Industrial 244,30,30,4267.2,4267.2,2025-01-04,2025-01-06,completed_late
Item SKU Industrial 397,31,31,4565.06,4565.06,2025-10-26,2025-10-26,completed
Item SKU Industrial 256,31,31,3922.43,3922.43,2025-12-27,2025-12-27,completed
Item SKU Industrial 129,51,51,8378.79,8378.79,2024-12-09,2024-12-09,completed
Item SKU Industrial 243,40,40,1125.2,1125.2,2025-07-03,2025-07-03,completed
Item SKU Industrial 409,14,14,602.84,602.84,2025-12-18,2025-12-26,completed_late
Item SKU Industrial 275,39,39,2101.32,2101.32,2025-01-19,2025-01-19,completed
Item SKU Industrial 87,17,17,1565.53,1565.53,2025-09-08,2025-09-10,completed_late
Item SKU Industrial 60,41,41,518.65,518.65,2025-10-27,2025-10-27,completed
Item SKU Industrial 51,37,37,2731.34,3141.04,2025-08-07,2025-08-07,completed
Item SKU Industrial 496,42,42,1763.58,1763.58,2025-08-28,2025-08-28,completed
Item SKU Industrial 184,28,28,3101.28,3101.28,2026-01-15,2026-01-15,completed
Item SKU Industrial 291,5,5,96.45,96.45,2026-01-26,2026-01-26,completed
Item SKU Industrial 171,5,5,198.35,198.35,2024-09-08,2024-09-08,completed
Item SKU Industrial 337,46,46,3884.24,3884.24,2025-03-23,2025-03-25,completed_late
Item SKU Industrial 51,9,9,664.38,664.38,2025-03-14,2025-03-14,completed
Item SKU Industrial 435,12,12,185.4,185.4,2025-03-14,2025-03-14,completed
Item SKU Industrial 368,44,44,5852.88,5852.88,2024-05-02,2024-05-02,completed
Item SKU Industrial 144,44,44,17732.44,17732.44,2024-03-01,2024-03-01,completed
Item SKU Industrial 246,45,45,996.3,996.3,2026-01-08,2026-01-08,completed
Item SKU Industrial 307,40,40,1050.8,1208.42,2024-02-03,2024-02-03,completed
Item SKU Industrial 225,52,52,475.8,475.8,2026-02-21,2026-02-23,completed_late
Item SKU Industrial 121,49,49,1957.06,1957.06,2024-09-24,2024-09-24,completed
Item SKU Industrial 321,46,46,3217.24,3217.24,2026-05-21,2026-05-21,completed
Item SKU Industrial 251,34,34,1489.54,1489.54,2025-10-06,2025-10-06,completed
Item SKU Industrial 302,5,5,82.95,82.95,2025-11-20,2025-11-20,completed
Item SKU Industrial 265,28,28,1325.24,1325.24,2024-09-22,2024-09-22,completed
Item SKU Industrial 180,7,7,1351.7,1351.7,2024-05-06,2024-05-06,completed
Item SKU Industrial 16,18,18,7195.5,7195.5,2024-12-05,2024-12-07,completed_late
Item SKU Industrial 72,46,46,16707.2,16707.2,2025-01-03,2025-01-03,completed
Item SKU Industrial 157,14,14,8408.96,8408.96,2024-04-11,2024-04-11,completed
Item SKU Industrial 276,17,17,249.9,287.38,2024-04-06,2024-04-06,completed
Item SKU Industrial 416,53,53,842.7,842.7,2026-01-12,2026-01-12,completed
Item SKU Industrial 54,20,20,685.6,685.6,2025-03-01,2025-03-01,completed
Item SKU Industrial 442,4,4,360.64,360.64,2025-03-15,2025-03-23,completed_late
Item SKU Industrial 203,33,33,7570.2,7570.2,2026-01-10,2026-01-12,completed_late
Item SKU Industrial 335,47,47,5160.13,5160.13,2025-08-25,2025-08-25,completed
Item SKU Industrial 263,39,39,1155.18,1155.18,2024-09-05,2024-09-05,completed
Item SKU Industrial 68,11,11,426.25,426.25,2025-12-14,2025-12-14,completed
Item SKU Industrial 202,7,7,114.24,114.24,2025-09-19,2025-09-19,completed
Item SKU Industrial 110,3,3,226.35,226.35,2024-12-30,2024-12-30,completed
Item SKU Industrial 249,39,39,2557.23,2557.23,2026-01-04,2026-01-04,completed
Item SKU Industrial 357,17,17,2899.52,3334.45,2025-11-17,2025-11-19,completed_late
Item SKU Industrial 223,33,33,729.3,729.3,2024-06-20,2024-06-20,completed
Item SKU Industrial 318,18,18,1208.88,1208.88,2025-05-15,2025-05-15,completed
Item SKU Industrial 483,26,26,1311.7,1311.7,2025-04-13,2025-04-13,completed
Item SKU Industrial 130,24,24,2366.64,2366.64,2026-03-21,2026-03-21,completed
Item SKU Industrial 343,15,15,4143.45,4143.45,2024-08-10,2024-08-10,completed
Item SKU Industrial 96,37,37,254.19,254.19,2025-05-11,2025-05-11,completed
Item SKU Industrial 21,1,1,248.43,248.43,2025-11-30,2025-12-02,completed_late
Item SKU Industrial 227,9,9,297.09,297.09,2026-04-27,2026-04-27,completed
Item SKU Industrial 154,52,52,447.72,447.72,2025-03-28,2025-03-28,completed
Item SKU Industrial 197,45,45,6881.85,6881.85,2024-08-18,2024-08-18,completed
Item SKU Industrial 192,36,36,1840.68,2116.78,2024-06-06,2024-06-06,completed
Item SKU Industrial 162,14,14,2180.92,2180.92,2025-06-05,2025-06-05,completed
Item SKU Industrial 375,48,48,4853.76,4853.76,2024-07-28,2024-07-28,completed
Item SKU Industrial 59,12,12,180.96,180.96,2025-06-12,2025-06-14,completed_late
Item SKU Industrial 360,40,40,1736.0,1736.0,2025-10-02,2025-10-02,completed
Item SKU Industrial 384,35,35,7554.75,7554.75,2025-10-20,2025-10-20,completed
Item SKU Industrial 476,50,50,531.5,531.5,2025-11-06,2025-11-06,completed
Item SKU Industrial 115,31,31,6018.34,6018.34,2025-06-28,2025-06-28,completed
Item SKU Industrial 126,11,11,1104.4,1104.4,2025-02-17,2025-02-17,completed
Item SKU Industrial 140,27,27,240.57,240.57,2025-04-17,2025-04-17,completed
Item SKU Industrial 135,52,52,5728.32,5728.32,2024-09-09,2024-09-17,completed_late
Item SKU Industrial 415,50,50,11613.0,13354.95,2025-12-21,2025-12-21,completed
Item SKU Industrial 237,12,12,1681.92,1681.92,2024-06-14,2024-06-14,completed
Item SKU Industrial 187,20,20,482.0,482.0,2026-02-20,2026-02-20,completed
Item SKU Industrial 327,17,17,164.73,164.73,2026-04-12,2026-04-12,completed
Item SKU Industrial 477,30,30,3629.1,3629.1,2026-03-21,2026-03-21,completed
Item SKU Industrial 147,5,5,255.1,255.1,2026-02-12,2026-02-12,completed
Item SKU Industrial 48,47,47,626.04,626.04,2024-02-24,2024-02-26,completed_late
Item SKU Industrial 82,24,24,149.76,149.76,2025-10-24,2025-10-24,completed
Item SKU Industrial 199,49,49,4458.51,4458.51,2025-05-04,2025-05-04,completed
Item SKU Industrial 207,20,20,7170.4,7170.4,2025-01-10,2025-01-10,completed
Item SKU Industrial 186,6,6,746.4,746.4,2024-06-14,2024-06-14,completed
Item SKU Industrial 417,41,41,2806.45,3227.42,2025-11-03,2025-11-03,completed
Item SKU Industrial 294,39,39,925.47,925.47,2025-05-01,2025-05-01,completed
Item SKU Industrial 369,41,41,2118.88,2118.88,2024-05-20,2024-05-22,completed_late
Item SKU Industrial 56,35,35,624.05,624.05,2024-06-30,2024-06-30,completed
Item SKU Industrial 12,41,41,1455.91,1455.91,2026-02-21,2026-02-21,completed
Item SKU Industrial 46,12,12,1785.36,1785.36,2025-11-13,2025-11-13,completed
Item SKU Industrial 41,38,38,2159.54,2159.54,2025-08-31,2025-08-31,completed
Item SKU Industrial 123,41,41,410.0,410.0,2024-04-20,2024-04-20,completed
Item SKU Industrial 140,34,34,302.94,302.94,2026-05-03,2026-05-03,completed
Item SKU Industrial 310,12,12,2430.96,2430.96,2024-12-29,2024-12-31,completed_late
Item SKU Industrial 196,5,5,337.05,337.05,2025-01-25,2025-01-25,completed
Item SKU Industrial 90,39,39,11095.11,12759.38,2024-05-11,2024-05-11,completed
Item SKU Industrial 174,42,42,2405.76,2405.76,2026-03-07,2026-03-07,completed
Item SKU Industrial 353,36,36,4356.0,4356.0,2024-03-25,2024-03-25,completed
Item SKU Industrial 482,37,37,288.23,288.23,2024-09-19,2024-09-19,completed
Item SKU Industrial 477,25,25,3024.25,3024.25,2025-03-09,2025-03-09,completed
Item SKU Industrial 233,30,30,1131.0,1131.0,2026-01-04,2026-01-06,completed_late
Item SKU Industrial 148,6,6,1804.74,1804.74,2025-12-22,2025-12-30,completed_late
Item SKU Industrial 108,51,51,2699.94,2699.94,2026-04-09,2026-04-09,completed
Item SKU Industrial 353,2,2,242.0,242.0,2025-02-27,2025-02-27,completed
Item SKU Industrial 46,42,42,6248.76,6248.76,2024-10-13,2024-10-13,completed
Item SKU Industrial 16,38,38,15190.5,15190.5,2024-09-06,2024-09-06,completed
Item SKU Industrial 401,16,16,333.92,384.01,2025-11-13,2025-11-13,completed
Item SKU Industrial 77,28,28,1981.56,1981.56,2025-01-22,2025-01-24,completed_late
Item SKU Industrial 222,25,25,2258.5,2258.5,2026-05-24,2026-05-24,completed
Item SKU Industrial 324,6,6,120.06,120.06,2025-03-20,2025-03-20,completed
Item SKU Industrial 11,23,23,3690.35,3690.35,2024-09-23,2024-09-23,completed
Item SKU Industrial 180,17,17,3282.7,3282.7,2025-12-09,2025-12-09,completed
Item SKU Industrial 157,53,53,31833.92,31833.92,2024-10-20,2024-10-20,completed
Item SKU Industrial 490,20,20,893.6,893.6,2025-12-13,2025-12-13,completed
Item SKU Industrial 363,39,39,5949.84,5949.84,2024-04-11,2024-04-13,completed_late
Item SKU Industrial 313,33,33,1089.66,1089.66,2026-05-19,2026-05-19,completed
Item SKU Industrial 129,31,31,5092.99,5092.99,2025-05-18,2025-05-18,completed
Item SKU Industrial 124,26,26,8261.5,9500.72,2024-03-21,2024-03-21,completed
Item SKU Industrial 22,13,13,2516.02,2516.02,2025-10-07,2025-10-07,completed
Item SKU Industrial 358,16,16,1502.4,1502.4,2025-06-30,2025-06-30,completed
Item SKU Industrial 33,24,24,171.36,171.36,2025-08-11,2025-08-11,completed
Item SKU Industrial 333,19,19,2546.38,2546.38,2025-10-11,2025-10-13,completed_late
Item SKU Industrial 260,1,1,14.74,14.74,2024-11-08,2024-11-08,completed
Item SKU Industrial 79,28,28,6321.0,6321.0,2024-05-09,2024-05-09,completed
Item SKU Industrial 118,44,44,1212.2,1212.2,2025-06-13,2025-06-13,completed
Item SKU Industrial 96,51,51,350.37,350.37,2025-03-09,2025-03-09,completed
Item SKU Industrial 347,27,27,624.24,624.24,2025-03-01,2025-03-01,completed
Item SKU Industrial 459,51,51,927.18,927.18,2024-11-03,2024-11-03,completed
Item SKU Industrial 182,9,9,141.21,162.39,2025-05-18,2025-05-20,completed_late
Item SKU Industrial 214,27,27,443.34,443.34,2025-07-25,2025-07-25,completed
Item SKU Industrial 53,6,6,1107.6,1107.6,2024-02-02,2024-02-10,completed_late
Item SKU Industrial 145,37,37,753.32,753.32,2025-05-28,2025-05-28,completed
Item SKU Industrial 81,24,24,1722.72,1722.72,2024-09-15,2024-09-15,completed
Item SKU Industrial 333,1,1,134.02,134.02,2024-04-29,2024-04-29,completed
Item SKU Industrial 194,5,5,1101.75,1101.75,2025-04-11,2025-04-11,completed
Item SKU Industrial 382,24,24,1867.2,1867.2,2025-08-03,2025-08-05,completed_late
Item SKU Industrial 188,34,34,493.34,493.34,2025-12-28,2025-12-28,completed
Item SKU Industrial 323,16,16,1135.52,1135.52,2025-06-29,2025-06-29,completed
Item SKU Industrial 310,22,22,4456.76,4456.76,2024-10-28,2024-10-28,completed
Item SKU Industrial 80,33,33,442.86,509.29,2024-10-05,2024-10-05,completed
Item SKU Industrial 12,23,23,816.73,816.73,2024-04-20,2024-04-20,completed
Item SKU Industrial 395,38,38,5626.66,5626.66,2026-05-16,2026-05-16,completed
Item SKU Industrial 401,26,26,542.62,542.62,2025-04-25,2025-04-27,completed_late
Item SKU Industrial 43,23,23,1022.35,1022.35,2025-10-27,2025-10-27,completed
Item SKU Industrial 6,53,53,986.33,986.33,2025-09-28,2025-09-28,completed
Item SKU Industrial 64,16,16,1856.48,1856.48,2025-08-17,2025-08-17,completed
Item SKU Industrial 213,18,18,351.0,351.0,2025-08-17,2025-08-17,completed
Item SKU Industrial 272,48,48,4493.28,4493.28,2024-07-18,2024-07-18,completed
Item SKU Industrial 81,52,52,3732.56,3732.56,2026-02-20,2026-02-20,completed
Item SKU Industrial 249,47,47,3081.79,3081.79,2024-04-29,2024-05-01,completed_late
Item SKU Industrial 244,34,34,4836.16,5561.58,2025-06-19,2025-06-19,completed
Item SKU Industrial 346,19,19,3772.45,3772.45,2025-11-15,2025-11-15,completed
Item SKU Industrial 41,16,16,909.28,909.28,2026-01-18,2026-01-18,completed
Item SKU Industrial 97,2,2,694.3,694.3,2025-03-07,2025-03-07,completed
Item SKU Industrial 134,38,38,8353.16,8353.16,2025-04-20,2025-04-20,completed
Item SKU Industrial 486,36,36,4773.6,4773.6,2025-12-27,2025-12-27,completed
Item SKU Industrial 34,17,17,2833.22,2833.22,2024-11-09,2024-11-11,completed_late
Item SKU Industrial 284,8,8,619.68,619.68,2024-06-20,2024-06-20,completed
Item SKU Industrial 419,52,52,5063.24,5063.24,2024-03-12,2024-03-12,completed
Item SKU Industrial 329,13,13,186.42,186.42,2024-10-25,2024-11-02,completed_late
Item SKU Industrial 291,49,49,945.21,945.21,2026-03-12,2026-03-12,completed
Item SKU Industrial 397,14,14,2061.64,2370.89,2025-06-01,2025-06-01,completed
Item SKU Industrial 459,33,33,599.94,599.94,2026-05-18,2026-05-18,completed
Item SKU Industrial 482,11,11,85.69,85.69,2026-02-19,2026-02-21,completed_late
Item SKU Industrial 28,19,19,1145.13,1145.13,2024-07-22,2024-07-22,completed
Item SKU Industrial 248,14,14,622.58,622.58,2025-08-07,2025-08-07,completed
Item SKU Industrial 157,8,8,4805.12,4805.12,2025-09-25,2025-09-25,completed
Item SKU Industrial 469,4,4,963.48,963.48,2026-02-26,2026-02-26,completed
Item SKU Industrial 148,42,42,12633.18,12633.18,2025-08-02,2025-08-02,completed
Item SKU Industrial 306,15,15,2396.4,2396.4,2025-02-25,2025-02-25,completed
Item SKU Industrial 143,51,51,7368.99,7368.99,2025-07-21,2025-07-23,completed_late
Item SKU Industrial 381,37,37,4282.38,4282.38,2024-05-17,2024-05-17,completed
Item SKU Industrial 202,3,3,48.96,56.3,2026-04-13,2026-04-13,completed
Item SKU Industrial 342,38,38,6021.48,6021.48,2024-08-26,2024-08-26,completed
Item SKU Industrial 259,14,14,849.24,849.24,2024-10-24,2024-10-24,completed
Item SKU Industrial 453,11,11,444.73,444.73,2025-10-05,2025-10-05,completed
Item SKU Industrial 57,18,18,2409.66,2409.66,2025-05-29,2025-05-29,completed
Item SKU Industrial 103,5,5,325.8,325.8,2024-08-27,2024-08-29,completed_late
Item SKU Industrial 90,11,11,3129.39,3129.39,2024-08-22,2024-08-22,completed
Item SKU Industrial 157,19,19,11412.16,11412.16,2025-10-30,2025-10-30,completed
Item SKU Industrial 407,33,33,2345.31,2345.31,2025-12-15,2025-12-15,completed
Item SKU Industrial 372,44,44,1981.76,1981.76,2026-02-14,2026-02-14,completed
Item SKU Industrial 410,39,39,869.31,869.31,2025-07-14,2025-07-14,completed
Item SKU Industrial 463,52,52,2371.2,2726.88,2026-02-06,2026-02-06,completed
Item SKU Industrial 487,45,45,2653.2,2653.2,2024-12-16,2024-12-18,completed_late
Item SKU Industrial 401,5,5,104.35,104.35,2025-07-31,2025-07-31,completed
Item SKU Industrial 210,40,40,3029.6,3029.6,2026-01-29,2026-01-29,completed
Item SKU Industrial 188,52,52,754.52,754.52,2025-02-06,2025-02-06,completed
Item SKU Industrial 359,46,46,2877.3,2877.3,2025-01-04,2025-01-12,completed_late
Item SKU Industrial 494,7,7,994.28,994.28,2024-10-30,2024-10-30,completed
Item SKU Industrial 305,40,40,7610.8,7610.8,2026-01-10,2026-01-10,completed
Item SKU Industrial 284,44,44,3408.24,3408.24,2025-01-20,2025-01-22,completed_late
Item SKU Industrial 5,27,27,852.39,852.39,2026-03-12,2026-03-12,completed
Item SKU Industrial 340,20,20,778.4,778.4,2026-03-13,2026-03-13,completed
Item SKU Industrial 322,28,28,818.16,940.88,2024-08-23,2024-08-23,completed
Item SKU Industrial 417,35,35,2395.75,2395.75,2025-03-28,2025-03-28,completed
Item SKU Industrial 308,11,11,224.18,224.18,2025-02-26,2025-02-26,completed
Item SKU Industrial 44,45,45,5106.15,5106.15,2024-03-07,2024-03-07,completed
Item SKU Industrial 38,15,15,4353.0,4353.0,2024-09-13,2024-09-15,completed_late
Item SKU Industrial 179,41,41,2668.69,2668.69,2025-06-30,2025-06-30,completed
Item SKU Industrial 165,17,17,236.98,236.98,2025-12-12,2025-12-12,completed
Item SKU Industrial 142,53,53,2233.95,2233.95,2024-01-13,2024-01-13,completed
Item SKU Industrial 194,44,44,9695.4,9695.4,2025-06-02,2025-06-02,completed
Item SKU Industrial 327,13,13,125.97,125.97,2025-03-06,2025-03-06,completed
Item SKU Industrial 91,15,15,550.2,550.2,2024-01-20,2024-01-20,completed
Item SKU Industrial 328,48,48,2043.36,2349.86,2024-06-29,2024-07-01,completed_late
Item SKU Industrial 346,16,16,3176.8,3176.8,2025-10-31,2025-10-31,completed
Item SKU Industrial 350,45,45,3643.65,3643.65,2025-04-28,2025-04-28,completed
Item SKU Industrial 232,40,40,1013.6,1013.6,2025-07-18,2025-07-18,completed
Item SKU Industrial 73,39,39,4706.91,4706.91,2025-10-30,2025-10-30,completed
Item SKU Industrial 170,19,19,1626.21,1626.21,2025-04-21,2025-04-21,completed
Item SKU Industrial 215,48,48,1050.24,1050.24,2025-11-24,2025-11-24,completed
Item SKU Industrial 116,25,25,1432.0,1432.0,2025-03-08,2025-03-10,completed_late
Item SKU Industrial 397,51,51,7510.26,7510.26,2025-11-29,2025-11-29,completed
Item SKU Industrial 36,18,18,780.3,780.3,2025-02-17,2025-02-17,completed
Item SKU Industrial 318,49,49,3290.84,3290.84,2024-05-11,2024-05-11,completed
Item SKU Industrial 261,35,35,1693.65,1947.7,2024-08-26,2024-08-26,completed
Item SKU Industrial 336,16,16,1804.32,1804.32,2024-04-19,2024-04-27,completed_late
Item SKU Industrial 118,38,38,1046.9,1046.9,2024-06-13,2024-06-13,completed
Item SKU Industrial 488,39,39,2311.53,2311.53,2024-05-13,2024-05-15,completed_late
Item SKU Industrial 96,40,40,274.8,274.8,2025-06-30,2025-06-30,completed
Item SKU Industrial 387,48,48,1527.36,1527.36,2025-09-14,2025-09-14,completed
Item SKU Industrial 359,12,12,750.6,750.6,2025-03-16,2025-03-16,completed
Item SKU Industrial 393,19,19,3197.13,3197.13,2025-05-10,2025-05-10,completed
Item SKU Industrial 63,22,22,3217.06,3217.06,2024-12-13,2024-12-13,completed
Item SKU Industrial 369,47,47,2428.96,2428.96,2026-01-16,2026-01-16,completed
Item SKU Industrial 89,4,4,312.52,312.52,2026-01-23,2026-01-25,completed_late
Item SKU Industrial 324,26,26,520.26,598.3,2025-09-01,2025-09-01,completed
Item SKU Industrial 58,4,4,351.28,351.28,2025-04-21,2025-04-21,completed
Item SKU Industrial 353,5,5,605.0,605.0,2026-04-26,2026-04-26,completed
Item SKU Industrial 490,24,24,1072.32,1072.32,2025-08-09,2025-08-09,completed
Item SKU Industrial 322,22,22,642.84,642.84,2025-11-21,2025-11-21,completed
Item SKU Industrial 232,19,19,481.46,481.46,2024-12-15,2024-12-15,completed
Item SKU Industrial 453,30,30,1212.9,1212.9,2025-06-08,2025-06-10,completed_late
Item SKU Industrial 247,30,30,717.6,717.6,2025-05-09,2025-05-09,completed
Item SKU Industrial 385,24,24,3335.52,3335.52,2025-06-19,2025-06-19,completed
Item SKU Industrial 177,48,48,8498.4,8498.4,2024-03-08,2024-03-08,completed
Item SKU Industrial 473,2,2,1064.98,1064.98,2024-07-19,2024-07-19,completed
Item SKU Industrial 311,5,5,411.9,473.68,2025-11-13,2025-11-13,completed
Item SKU Industrial 98,31,31,261.02,261.02,2025-12-22,2025-12-22,completed
Item SKU Industrial 246,34,34,752.76,752.76,2026-03-08,2026-03-10,completed_late
Item SKU Industrial 72,17,17,6174.4,6174.4,2026-04-17,2026-04-17,completed
Item SKU Industrial 308,22,22,448.36,448.36,2024-11-18,2024-11-18,completed
Item SKU Industrial 244,34,34,4836.16,4836.16,2026-04-30,2026-04-30,completed
Item SKU Industrial 265,14,14,662.62,662.62,2025-09-19,2025-09-19,completed
Item SKU Industrial 20,22,22,828.3,828.3,2024-11-22,2024-11-22,completed
Item SKU Industrial 33,33,33,235.62,235.62,2024-12-09,2024-12-17,completed_late
Item SKU Industrial 409,31,31,1334.86,1334.86,2024-08-03,2024-08-05,completed_late
Item SKU Industrial 256,46,46,5820.38,5820.38,2025-02-06,2025-02-06,completed
Item SKU Industrial 384,5,5,1079.25,1241.14,2024-12-22,2024-12-22,completed
Item SKU Industrial 92,24,24,767.76,767.76,2025-01-24,2025-01-24,completed
Item SKU Industrial 248,18,18,800.46,800.46,2025-08-20,2025-08-20,completed
Item SKU Industrial 141,15,15,120.0,120.0,2024-06-28,2024-06-28,completed
Item SKU Industrial 194,52,52,11458.2,11458.2,2026-03-07,2026-03-07,completed
Item SKU Industrial 377,25,25,6446.25,6446.25,2024-11-09,2024-11-11,completed_late
Item SKU Industrial 82,30,30,187.2,187.2,2024-01-04,2024-01-04,completed
Item SKU Industrial 165,20,20,278.8,278.8,2025-03-21,2025-03-21,completed
Item SKU Industrial 43,22,22,977.9,977.9,2025-05-17,2025-05-17,completed
Item SKU Industrial 63,9,9,1316.07,1316.07,2025-05-05,2025-05-05,completed
Item SKU Industrial 165,53,53,738.82,738.82,2025-08-20,2025-08-20,completed
Item SKU Industrial 260,11,11,162.14,186.46,2024-12-12,2024-12-12,completed
Item SKU Industrial 63,3,3,438.69,438.69,2025-09-08,2025-09-10,completed_late
Item SKU Industrial 283,26,26,1080.3,1080.3,2025-07-31,2025-07-31,completed
Item SKU Industrial 300,48,48,2147.04,2147.04,2025-11-30,2025-11-30,completed
Item SKU Industrial 324,22,22,440.22,440.22,2026-04-26,2026-04-26,completed
Item SKU Industrial 172,24,24,375.12,375.12,2024-09-26,2024-09-26,completed
Item SKU Industrial 378,15,15,1432.65,1432.65,2025-04-01,2025-04-01,completed
Item SKU Industrial 163,53,53,1522.69,1522.69,2025-07-03,2025-07-03,completed
Item SKU Industrial 238,39,39,3952.65,3952.65,2025-11-18,2025-11-20,completed_late
Item SKU Industrial 114,5,5,1222.9,1222.9,2025-08-30,2025-08-30,completed
Item SKU Industrial 458,36,36,571.32,571.32,2026-02-13,2026-02-13,completed
Item SKU Industrial 95,11,11,3383.6,3891.14,2025-06-29,2025-06-29,completed
Item SKU Industrial 141,13,13,104.0,104.0,2026-02-27,2026-02-27,completed
Item SKU Industrial 316,7,7,238.42,238.42,2025-05-24,2025-05-24,completed
Item SKU Industrial 9,3,3,586.2,586.2,2026-01-22,2026-01-22,completed
Item SKU Industrial 411,38,38,8324.66,8324.66,2025-07-14,2025-07-22,completed_late
Item SKU Industrial 212,27,27,355.32,355.32,2025-08-15,2025-08-15,completed
Item SKU Industrial 150,36,36,4659.84,4659.84,2025-01-20,2025-01-20,completed
Item SKU Industrial 33,5,5,35.7,35.7,2026-04-24,2026-04-24,completed
Item SKU Industrial 362,17,17,925.48,925.48,2025-05-17,2025-05-17,completed
Item SKU Industrial 282,6,6,228.3,228.3,2025-09-12,2025-09-12,completed
Item SKU Industrial 394,53,53,1920.72,1920.72,2026-05-15,2026-05-15,completed
Item SKU Industrial 398,17,17,330.65,380.25,2024-09-16,2024-09-18,completed_late
Item SKU Industrial 14,15,15,1569.15,1569.15,2024-12-19,2024-12-19,completed
Item SKU Industrial 22,42,42,8128.68,8128.68,2025-04-03,2025-04-03,completed
Item SKU Industrial 236,19,19,167.39,167.39,2025-08-09,2025-08-09,completed
Item SKU Industrial 444,15,15,171.6,171.6,2024-08-02,2024-08-02,completed
Item SKU Industrial 424,44,44,4262.28,4262.28,2025-11-07,2025-11-07,completed
Item SKU Industrial 265,33,33,1561.89,1561.89,2024-01-18,2024-01-18,completed
Item SKU Industrial 170,38,38,3252.42,3252.42,2025-05-29,2025-05-31,completed_late
Item SKU Industrial 149,23,23,3681.84,3681.84,2024-12-08,2024-12-08,completed
Item SKU Industrial 189,52,52,316.68,316.68,2025-02-01,2025-02-01,completed
Item SKU Industrial 31,18,18,3077.64,3077.64,2025-12-06,2025-12-06,completed
Item SKU Industrial 203,34,34,7799.6,8969.54,2024-06-14,2024-06-14,completed
Item SKU Industrial 117,19,19,1717.6,1717.6,2024-11-06,2024-11-06,completed
Item SKU Industrial 183,24,24,221.76,221.76,2024-02-29,2024-02-29,completed
Item SKU Industrial 101,36,36,14734.08,14734.08,2026-02-14,2026-02-16,completed_late
Item SKU Industrial 135,1,1,110.16,110.16,2025-04-11,2025-04-11,completed
Item SKU Industrial 90,25,25,7112.25,7112.25,2025-06-20,2025-06-20,completed
Item SKU Industrial 239,7,7,98.84,98.84,2026-01-24,2026-01-24,completed
Item SKU Industrial 385,22,22,3057.56,3057.56,2026-02-11,2026-02-11,completed
Item SKU Industrial 410,50,50,1114.5,1114.5,2024-04-19,2024-04-19,completed
Item SKU Industrial 99,14,14,2503.34,2503.34,2025-11-01,2025-11-01,completed
Item SKU Industrial 6,11,11,204.71,204.71,2025-03-10,2025-03-12,completed_late
Item SKU Industrial 252,14,14,887.18,1020.26,2026-05-25,2026-06-02,completed_late
Item SKU Industrial 266,31,31,256.99,256.99,2024-02-10,2024-02-10,completed
Item SKU Industrial 295,15,15,438.9,438.9,2025-06-25,2025-06-25,completed
Item SKU Industrial 166,50,50,12146.0,12146.0,2025-02-28,2025-02-28,completed
Item SKU Industrial 236,18,18,158.58,158.58,2026-03-19,2026-03-19,completed
Item SKU Industrial 228,51,51,1138.83,1138.83,2025-07-13,2025-07-13,completed
Item SKU Industrial 259,16,16,970.56,970.56,2026-05-03,2026-05-05,completed_late
Item SKU Industrial 132,51,51,10260.69,10260.69,2026-05-07,2026-05-07,completed
Item SKU Industrial 371,46,46,10545.96,10545.96,2026-01-16,2026-01-16,completed
Item SKU Industrial 288,11,11,777.59,777.59,2024-11-24,2024-11-24,completed
Item SKU Industrial 413,33,33,1411.08,1411.08,2026-01-09,2026-01-09,completed
Item SKU Industrial 54,20,20,685.6,788.44,2024-07-14,2024-07-14,completed
Item SKU Industrial 255,53,53,1319.7,1319.7,2025-04-03,2025-04-03,completed
Item SKU Industrial 55,35,35,484.75,484.75,2025-08-03,2025-08-05,completed_late
Item SKU Industrial 488,31,31,1837.37,1837.37,2025-09-20,2025-09-20,completed
Item SKU Industrial 205,33,33,1127.28,1127.28,2025-12-09,2025-12-09,completed
Item SKU Industrial 424,34,34,3293.58,3293.58,2026-03-30,2026-03-30,completed
Item SKU Industrial 126,34,34,3413.6,3413.6,2026-04-20,2026-04-20,completed
Item SKU Industrial 466,47,47,279.18,279.18,2025-03-11,2025-03-11,completed
Item SKU Industrial 73,8,8,965.52,965.52,2026-02-08,2026-02-08,completed
Item SKU Industrial 80,50,50,671.0,671.0,2025-12-15,2025-12-17,completed_late
Item SKU Industrial 44,15,15,1702.05,1702.05,2026-05-21,2026-05-21,completed
Item SKU Industrial 486,9,9,1193.4,1372.41,2024-08-18,2024-08-18,completed
Item SKU Industrial 269,2,2,65.06,65.06,2026-03-12,2026-03-12,completed
Item SKU Industrial 132,6,6,1207.14,1207.14,2026-01-13,2026-01-13,completed
Item SKU Industrial 362,11,11,598.84,598.84,2024-06-29,2024-06-29,completed
Item SKU Industrial 165,41,41,571.54,571.54,2025-12-25,2025-12-25,completed
Item SKU Industrial 136,47,47,4069.73,4069.73,2025-11-08,2025-11-10,completed_late
Item SKU Industrial 212,12,12,157.92,157.92,2026-04-30,2026-04-30,completed
Item SKU Industrial 357,38,38,6481.28,6481.28,2024-10-15,2024-10-23,completed_late
Item SKU Industrial 322,45,45,1314.9,1314.9,2024-10-17,2024-10-17,completed
Item SKU Industrial 169,39,39,3458.52,3458.52,2024-10-21,2024-10-21,completed
Item SKU Industrial 46,52,52,7736.56,7736.56,2025-12-22,2025-12-22,completed
Item SKU Industrial 334,40,40,1365.2,1569.98,2025-05-18,2025-05-18,completed
Item SKU Industrial 437,30,30,3968.4,3968.4,2024-03-24,2024-03-26,completed_late
Item SKU Industrial 267,27,27,1026.27,1026.27,2025-03-20,2025-03-20,completed
Item SKU Industrial 281,26,26,385.84,385.84,2025-11-08,2025-11-08,completed
Item SKU Industrial 106,5,5,453.15,453.15,2025-08-11,2025-08-11,completed
Item SKU Industrial 466,5,5,29.7,29.7,2025-06-09,2025-06-09,completed
Item SKU Industrial 51,28,28,2066.96,2066.96,2026-04-10,2026-04-10,completed
Item SKU Industrial 403,30,30,3416.4,3416.4,2024-04-29,2024-04-29,completed
Item SKU Industrial 500,39,39,271.83,271.83,2025-02-14,2025-02-16,completed_late
Item SKU Industrial 202,46,46,750.72,750.72,2025-04-05,2025-04-05,completed
Item SKU Industrial 492,45,45,914.85,914.85,2026-02-02,2026-02-02,completed
Item SKU Industrial 444,41,41,469.04,539.4,2026-01-04,2026-01-04,completed
Item SKU Industrial 358,1,1,93.9,93.9,2025-07-18,2025-07-18,completed
Item SKU Industrial 9,20,20,3908.0,3908.0,2026-01-29,2026-01-29,completed
Item SKU Industrial 204,41,41,2350.94,2350.94,2025-12-24,2025-12-24,completed
Item SKU Industrial 42,18,18,569.34,569.34,2025-09-24,2025-09-26,completed_late
Item SKU Industrial 413,28,28,1197.28,1197.28,2024-02-23,2024-02-23,completed
Item SKU Industrial 315,33,33,694.32,694.32,2024-06-22,2024-06-22,completed
Item SKU Industrial 34,31,31,5166.46,5166.46,2024-08-06,2024-08-06,completed
Item SKU Industrial 469,6,6,1445.22,1445.22,2026-02-19,2026-02-19,completed
Item SKU Industrial 204,51,51,2924.34,2924.34,2026-04-05,2026-04-05,completed
Item SKU Industrial 189,7,7,42.63,42.63,2025-08-10,2025-08-10,completed
Item SKU Industrial 130,38,38,3747.18,4309.26,2026-03-05,2026-03-07,completed_late
Item SKU Industrial 343,48,48,13259.04,13259.04,2025-09-05,2025-09-05,completed
Item SKU Industrial 241,37,37,8853.36,8853.36,2024-05-20,2024-05-20,completed
Item SKU Industrial 262,39,39,2338.83,2338.83,2025-02-15,2025-02-23,completed_late
Item SKU Industrial 114,5,5,1222.9,1222.9,2025-07-25,2025-07-25,completed
Item SKU Industrial 93,11,11,1975.71,1975.71,2024-06-29,2024-06-29,completed
Item SKU Industrial 352,6,6,105.84,105.84,2024-03-14,2024-03-14,completed
Item SKU Industrial 28,5,5,301.35,301.35,2026-05-20,2026-05-22,completed_late
Item SKU Industrial 364,29,29,1686.06,1686.06,2024-08-24,2024-08-24,completed
Item SKU Industrial 253,45,45,5221.8,5221.8,2026-02-16,2026-02-16,completed
Item SKU Industrial 70,52,52,7891.0,7891.0,2026-05-18,2026-05-18,completed
Item SKU Industrial 357,35,35,5969.6,6865.04,2025-09-21,2025-09-21,completed
Item SKU Industrial 109,37,37,3233.06,3233.06,2025-05-12,2025-05-12,completed
Item SKU Industrial 488,1,1,59.27,59.27,2026-01-24,2026-01-24,completed
Item SKU Industrial 30,7,7,306.6,306.6,2026-04-13,2026-04-15,completed_late
Item SKU Industrial 227,1,1,33.01,33.01,2025-03-02,2025-03-02,completed
Item SKU Industrial 223,41,41,906.1,906.1,2026-03-07,2026-03-07,completed
Item SKU Industrial 263,33,33,977.46,977.46,2024-04-12,2024-04-12,completed
Item SKU Industrial 348,50,50,512.5,512.5,2025-12-11,2025-12-11,completed
Item SKU Industrial 157,33,33,19821.12,19821.12,2024-11-20,2024-11-20,completed
Item SKU Industrial 320,27,27,440.37,440.37,2024-04-06,2024-04-06,completed
Item SKU Industrial 16,48,48,19188.0,19188.0,2026-01-10,2026-01-12,completed_late
Item SKU Industrial 236,4,4,35.24,40.53,2024-12-30,2024-12-30,completed
Item SKU Industrial 470,49,49,972.16,972.16,2025-12-15,2025-12-15,completed
Item SKU Industrial 263,5,5,148.1,148.1,2025-04-21,2025-04-21,completed
Item SKU Industrial 338,12,12,721.8,721.8,2025-11-20,2025-11-20,completed
Item SKU Industrial 250,5,5,458.0,458.0,2026-04-23,2026-04-23,completed
Item SKU Industrial 214,44,44,722.48,722.48,2025-04-21,2025-04-21,completed
Item SKU Industrial 214,24,24,394.08,394.08,2025-07-07,2025-07-09,completed_late
Item SKU Industrial 124,4,4,1271.0,1271.0,2024-02-16,2024-02-16,completed
Item SKU Industrial 193,50,50,2275.5,2275.5,2024-02-10,2024-02-10,completed
Item SKU Industrial 109,50,50,4369.0,4369.0,2026-04-09,2026-04-09,completed
Item SKU Industrial 4,13,13,2001.35,2001.35,2025-07-01,2025-07-09,completed_late
Item SKU Industrial 235,7,7,783.09,900.55,2024-08-18,2024-08-18,completed
Item SKU Industrial 425,26,26,5846.36,5846.36,2024-10-13,2024-10-13,completed
Item SKU Industrial 464,33,33,2656.5,2656.5,2025-05-08,2025-05-10,completed_late
Item SKU Industrial 231,24,24,1115.76,1115.76,2025-01-05,2025-01-05,completed
Item SKU Industrial 150,37,37,4789.28,4789.28,2026-03-01,2026-03-01,completed
Item SKU Industrial 174,17,17,973.76,973.76,2025-11-24,2025-11-24,completed
Item SKU Industrial 208,4,4,209.28,209.28,2025-07-11,2025-07-11,completed
Item SKU Industrial 217,31,31,2604.0,2604.0,2026-02-28,2026-02-28,completed
Item SKU Industrial 63,48,48,7019.04,7019.04,2026-05-03,2026-05-03,completed
Item SKU Industrial 198,27,27,1424.79,1424.79,2025-09-21,2025-09-23,completed_late
Item SKU Industrial 140,14,14,124.74,124.74,2024-04-25,2024-04-25,completed
Item SKU Industrial 17,16,16,651.84,749.62,2024-11-16,2024-11-16,completed
Item SKU Industrial 349,27,27,3265.38,3265.38,2026-05-18,2026-05-18,completed
Item SKU Industrial 367,33,33,1125.3,1125.3,2025-10-29,2025-10-29,completed
Item SKU Industrial 196,30,30,2022.3,2022.3,2025-06-14,2025-06-14,completed
Item SKU Industrial 406,51,51,5065.32,5065.32,2026-05-24,2026-05-24,completed
Item SKU Industrial 416,16,16,254.4,254.4,2024-11-30,2024-12-02,completed_late
Item SKU Industrial 216,53,53,1074.84,1074.84,2025-06-13,2025-06-13,completed
Item SKU Industrial 418,8,8,458.08,458.08,2026-01-16,2026-01-16,completed
Item SKU Industrial 41,16,16,909.28,909.28,2024-04-08,2024-04-08,completed
Item SKU Industrial 8,15,15,1384.05,1384.05,2025-04-15,2025-04-15,completed
Item SKU Industrial 68,4,4,155.0,155.0,2026-05-25,2026-05-25,completed
Item SKU Industrial 165,7,7,97.58,112.22,2025-12-12,2025-12-12,completed
Item SKU Industrial 122,2,2,175.84,175.84,2026-02-09,2026-02-11,completed_late
Item SKU Industrial 234,4,4,266.12,266.12,2024-08-31,2024-08-31,completed
Item SKU Industrial 396,30,30,509.1,509.1,2026-03-30,2026-03-30,completed
Item SKU Industrial 189,20,20,121.8,121.8,2025-11-07,2025-11-07,completed
Item SKU Industrial 48,19,19,253.08,253.08,2025-06-07,2025-06-07,completed
Item SKU Industrial 114,12,12,2934.96,2934.96,2024-08-01,2024-08-09,completed_late
Item SKU Industrial 471,50,50,2798.5,2798.5,2025-07-18,2025-07-18,completed
Item SKU Industrial 379,18,18,638.82,638.82,2025-08-09,2025-08-11,completed_late
Item SKU Industrial 397,17,17,2503.42,2503.42,2024-06-20,2024-06-20,completed
Item SKU Industrial 340,11,11,428.12,428.12,2025-06-18,2025-06-18,completed
Item SKU Industrial 283,25,25,1038.75,1194.56,2025-01-12,2025-01-12,completed
Item SKU Industrial 28,3,3,180.81,180.81,2025-03-31,2025-03-31,completed
Item SKU Industrial 312,50,50,3734.5,3734.5,2024-09-19,2024-09-19,completed
Item SKU Industrial 318,23,23,1544.68,1544.68,2026-04-18,2026-04-18,completed
Item SKU Industrial 307,13,13,341.51,341.51,2025-10-25,2025-10-27,completed_late
Item SKU Industrial 448,29,29,1074.74,1074.74,2025-12-11,2025-12-11,completed
Item SKU Industrial 164,6,6,351.66,351.66,2025-05-05,2025-05-05,completed
Item SKU Industrial 464,8,8,644.0,644.0,2024-09-15,2024-09-15,completed
Item SKU Industrial 287,34,34,12384.16,12384.16,2025-06-06,2025-06-06,completed
Item SKU Industrial 126,28,28,2811.2,2811.2,2025-12-25,2025-12-25,completed
Item SKU Industrial 289,29,29,661.49,661.49,2025-01-26,2025-01-26,completed
Item SKU Industrial 158,41,41,16572.61,19058.5,2026-05-08,2026-05-10,completed_late
Item SKU Industrial 86,31,31,537.85,537.85,2024-09-28,2024-09-28,completed
Item SKU Industrial 10,37,37,4958.74,4958.74,2025-12-19,2025-12-19,completed
Item SKU Industrial 188,46,46,667.46,667.46,2024-03-16,2024-03-16,completed
Item SKU Industrial 6,6,6,111.66,111.66,2025-11-22,2025-11-22,completed
Item SKU Industrial 51,44,44,3248.08,3248.08,2025-10-19,2025-10-19,completed
Item SKU Industrial 76,14,14,1626.94,1626.94,2024-03-16,2024-03-16,completed
Item SKU Industrial 30,40,40,1752.0,1752.0,2024-04-05,2024-04-07,completed_late
Item SKU Industrial 405,20,20,1801.8,1801.8,2025-04-12,2025-04-12,completed
Item SKU Industrial 428,1,1,85.49,85.49,2025-05-06,2025-05-06,completed
Item SKU Industrial 188,27,27,391.77,391.77,2025-01-17,2025-01-17,completed
Item SKU Industrial 473,17,17,9052.33,10410.18,2025-11-28,2025-11-28,completed
Item SKU Industrial 32,44,44,2174.48,2174.48,2025-07-17,2025-07-17,completed
Item SKU Industrial 255,23,23,572.7,572.7,2024-10-20,2024-10-28,completed_late
Item SKU Industrial 47,30,30,4187.4,4187.4,2026-03-30,2026-04-01,completed_late
Item SKU Industrial 352,52,52,917.28,917.28,2026-04-14,2026-04-14,completed
Item SKU Industrial 253,50,50,5802.0,5802.0,2025-01-23,2025-01-23,completed
Item SKU Industrial 495,9,9,1849.32,1849.32,2026-01-10,2026-01-10,completed
Item SKU Industrial 295,33,33,965.58,965.58,2026-01-18,2026-01-18,completed
Item SKU Industrial 381,53,53,6134.22,6134.22,2026-01-03,2026-01-03,completed
Item SKU Industrial 172,51,51,797.13,797.13,2025-03-28,2025-03-28,completed
Item SKU Industrial 358,22,22,2065.8,2065.8,2025-06-05,2025-06-07,completed_late
Item SKU Industrial 356,25,25,482.25,554.59,2025-12-16,2025-12-16,completed
Item SKU Industrial 185,3,3,271.23,271.23,2026-04-26,2026-04-26,completed
Item SKU Industrial 249,19,19,1245.83,1245.83,2024-05-12,2024-05-12,completed
Item SKU Industrial 247,17,17,406.64,406.64,2026-04-16,2026-04-16,completed
Item SKU Industrial 320,26,26,424.06,424.06,2025-11-16,2025-11-16,completed
Item SKU Industrial 293,47,47,1037.76,1037.76,2025-10-10,2025-10-10,completed
Item SKU Industrial 466,35,35,207.9,207.9,2025-02-24,2025-02-26,completed_late
Item SKU Industrial 76,24,24,2789.04,2789.04,2024-09-26,2024-09-26,completed
Item SKU Industrial 196,18,18,1213.38,1213.38,2024-06-06,2024-06-06,completed
