id_op,id_produto,quantidade_planejada,quantidade_produzida,data_inicio,status
OP000001,P0343,11,11,2025-01-25,Finalizada
OP000002,P0216,26,26,2025-04-23,Finalizada
OP000003,P0029,3,3,2025-03-11,Finalizada
OP000004,P0368,23,23,2025-05-05,Finalizada
OP000005,P0060,8,8,2024-08-21,Finalizada
OP000006,P0398,25,25,2026-01-05,Finalizada
OP000007,P0407,35,35,2024-12-02,Finalizada
OP000008,P0446,49,49,2026-01-11,Finalizada
OP000009,P0090,7,7,2024-05-13,Finalizada
OP000010,P0214,25,25,2026-05-07,Finalizada
OP000011,P0160,13,13,2025-05-19,Finalizada
OP000012,P0330,45,45,2025-06-18,Finalizada
OP000013,P0364,19,19,2025-05-15,Finalizada
OP000014,P0339,52,52,2024-09-09,Finalizada
OP000015,P0470,49,49,2025-06-04,Finalizada
OP000016,P0242,16,16,2024-05-31,Finalizada
OP000017,P0279,49,49,2025-05-27,Finalizada
OP000018,P0420,16,16,2026-05-22,Finalizada
OP000019,P0354,36,36,2025-02-12,Finalizada
OP000020,P0206,51,51,2024-11-13,Finalizada
OP000021,P0352,35,35,2024-11-08,Finalizada
OP000022,P0105,38,38,2025-01-15,Finalizada
OP000023,P0356,47,47,2024-01-08,Finalizada
OP000024,P0022,25,25,2024-02-09,Finalizada
OP000025,P0329,9,9,2025-12-03,Finalizada
OP000026,P0187,14,14,2025-01-24,Finalizada
OP000027,P0416,47,47,2025-11-22,Finalizada
OP000028,P0092,23,23,2025-04-16,Finalizada
OP000029,P0478,31,31,2024-07-26,Finalizada
OP000030,P0464,6,6,2026-05-05,Finalizada
OP000031,P0220,44,44,2024-11-14,Finalizada
OP000032,P0044,38,38,2024-07-22,Finalizada
OP000033,P0191,25,25,2025-08-27,Finalizada
OP000034,P0446,46,46,2024-04-19,Finalizada
OP000035,P0082,46,46,2025-07-11,Finalizada
OP000036,P0370,16,16,2025-03-14,Finalizada
OP000037,P0245,15,15,2025-12-22,Finalizada
OP000038,P0197,51,51,2024-02-26,Finalizada
OP000039,P0186,14,14,2025-10-28,Finalizada
OP000040,P0225,52,52,2025-01-27,Finalizada
OP000041,P0036,2,2,2025-01-08,Finalizada
OP000042,P0234,34,34,2025-03-10,Finalizada
OP000043,P0006,20,20,2024-07-14,Finalizada
OP000044,P0498,31,31,2025-06-16,Finalizada
OP000045,P0476,12,12,2026-03-06,Finalizada
OP000046,P0223,49,49,2024-06-28,Finalizada
OP000047,P0151,40,40,2024-12-20,Finalizada
OP000048,P0102,51,51,2025-07-07,Finalizada
OP000049,P0013,38,38,2024-10-14,Finalizada
OP000050,P0490,24,24,2025-01-20,Finalizada
OP000051,P0150,35,35,2025-11-23,Finalizada
OP000052,P0130,26,26,2026-04-08,Finalizada
OP000053,P0434,41,41,2025-02-12,Finalizada
OP000054,P0146,44,44,2024-03-30,Finalizada
OP000055,P0342,18,18,2025-03-13,Finalizada
OP000056,P0167,52,52,2025-01-25,Finalizada
OP000057,P0363,50,50,2025-11-12,Finalizada
OP000058,P0183,45,45,2025-03-21,Finalizada
OP000059,P0106,18,18,2026-05-12,Finalizada
OP000060,P0182,40,40,2024-06-05,Finalizada
OP000061,P0158,14,14,2025-02-11,Finalizada
OP000062,P0288,23,23,2024-01-03,Finalizada
OP000063,P0350,1,1,2025-05-20,Finalizada
OP000064,P0416,8,8,2024-01-02,Finalizada
OP000065,P0459,30,30,2026-04-08,Finalizada
OP000066,P0263,1,1,2025-05-09,Finalizada
OP000067,P0491,17,17,2026-04-13,Finalizada
OP000068,P0090,26,26,2024-11-20,Finalizada
OP000069,P0191,36,36,2026-02-26,Finalizada
OP000070,P0458,35,35,2025-10-03,Finalizada
OP000071,P0214,12,12,2025-12-17,Finalizada
OP000072,P0122,14,14,2024-07-11,Finalizada
OP000073,P0136,27,27,2025-11-13,Finalizada
OP000074,P0104,2,2,2025-01-16,Finalizada
OP000075,P0053,25,25,2025-12-14,Finalizada
OP000076,P0056,47,47,2024-09-11,Finalizada
OP000077,P0069,49,49,2026-04-16,Finalizada
OP000078,P0339,51,51,2025-06-30,Finalizada
OP000079,P0232,8,8,2025-01-06,Finalizada
OP000080,P0105,45,45,2026-01-29,Finalizada
OP000081,P0279,11,11,2024-05-23,Finalizada
OP000082,P0143,45,45,2025-01-17,Finalizada
OP000083,P0227,11,11,2025-02-21,Finalizada
OP000084,P0446,37,37,2025-02-20,Finalizada
OP000085,P0315,6,6,2024-03-13,Finalizada
OP000086,P0282,50,50,2024-03-06,Finalizada
OP000087,P0118,25,25,2026-04-10,Finalizada
OP000088,P0281,34,34,2024-10-13,Finalizada
OP000089,P0337,13,13,2026-03-18,Finalizada
OP000090,P0280,42,42,2025-04-14,Finalizada
OP000091,P0254,45,45,2025-12-05,Finalizada
OP000092,P0426,41,41,2025-10-10,Finalizada
OP000093,P0287,27,27,2025-01-13,Finalizada
OP000094,P0327,51,51,2026-02-26,Finalizada
OP000095,P0134,15,15,2026-01-24,Finalizada
OP000096,P0100,37,37,2026-04-28,Finalizada
OP000097,P0108,38,38,2025-04-08,Finalizada
OP000098,P0221,40,40,2025-06-07,Finalizada
OP000099,P0482,49,49,2024-08-09,Finalizada
OP000100,P0271,25,25,2026-01-28,Finalizada
OP000101,P0181,7,7,2024-02-29,Finalizada
OP000102,P0383,12,12,2025-08-14,Finalizada
OP000103,P0495,2,2,2025-08-26,Finalizada
OP000104,P0451,6,6,2025-08-19,Finalizada
OP000105,P0090,24,24,2024-05-09,Finalizada
OP000106,P0171,27,27,2026-04-15,Finalizada
OP000107,P0134,7,7,2025-11-27,Finalizada
OP000108,P0079,1,1,2024-10-11,Finalizada
OP000109,P0070,24,24,2025-09-25,Finalizada
OP000110,P0004,6,6,2025-11-28,Finalizada
OP000111,P0043,52,52,2026-05-19,Finalizada
OP000112,P0372,41,41,2024-06-12,Finalizada
OP000113,P0451,17,17,2024-04-16,Finalizada
OP000114,P0034,4,4,2026-03-10,Finalizada
OP000115,P0286,6,6,2025-08-01,Finalizada
OP000116,P0290,15,15,2025-03-09,Finalizada
OP000117,P0489,39,39,2026-05-17,Finalizada
OP000118,P0090,23,23,2026-02-02,Finalizada
OP000119,P0268,26,26,2025-01-28,Finalizada
OP000120,P0092,51,51,2026-05-13,Finalizada
OP000121,P0138,4,4,2026-04-14,Finalizada
OP000122,P0002,22,22,2026-03-11,Finalizada
OP000123,P0304,51,51,2025-03-03,Finalizada
OP000124,P0433,19,19,2025-06-09,Finalizada
OP000125,P0108,11,11,2024-01-22,Finalizada
OP000126,P0436,36,36,2024-12-20,Finalizada
OP000127,P0077,1,1,2024-10-15,Finalizada
OP000128,P0106,19,19,2026-04-27,Finalizada
OP000129,P0484,8,8,2025-02-03,Finalizada
OP000130,P0330,12,12,2025-11-06,Finalizada
OP000131,P0425,6,6,2024-02-13,Finalizada
OP000132,P0044,27,27,2025-10-20,Finalizada
OP000133,P0036,17,17,2024-11-18,Finalizada
OP000134,P0200,45,45,2024-06-29,Finalizada
OP000135,P0081,22,22,2024-08-05,Finalizada
OP000136,P0160,15,15,2025-10-08,Finalizada
OP000137,P0211,36,36,2025-05-23,Finalizada
OP000138,P0385,23,23,2025-12-16,Finalizada
OP000139,P0246,2,2,2025-03-12,Finalizada
OP000140,P0215,49,49,2025-07-11,Finalizada
OP000141,P0354,48,48,2026-04-28,Finalizada
OP000142,P0141,49,49,2026-04-09,Finalizada
OP000143,P0284,20,20,2025-01-15,Finalizada
OP000144,P0253,47,47,2025-03-18,Finalizada
OP000145,P0259,44,44,2024-12-16,Finalizada
OP000146,P0023,34,34,2025-02-24,Finalizada
OP000147,P0384,1,1,2025-04-17,Finalizada
OP000148,P0216,11,11,2025-10-22,Finalizada
OP000149,P0339,31,31,2025-11-05,Finalizada
OP000150,P0459,47,47,2024-11-07,Finalizada
OP000151,P0399,46,46,2025-10-15,Finalizada
OP000152,P0070,39,39,2024-01-09,Finalizada
OP000153,P0191,46,46,2025-02-04,Finalizada
OP000154,P0231,49,49,2026-05-18,Finalizada
OP000155,P0402,6,6,2024-02-11,Finalizada
OP000156,P0304,31,31,2025-08-25,Finalizada
OP000157,P0499,50,50,2026-01-21,Finalizada
OP000158,P0226,52,52,2024-02-29,Finalizada
OP000159,P0397,51,51,2026-03-04,Finalizada
OP000160,P0327,33,33,2026-03-01,Finalizada
OP000161,P0318,44,44,2025-12-10,Finalizada
OP000162,P0171,34,34,2025-01-29,Finalizada
OP000163,P0037,36,36,2025-11-16,Finalizada
OP000164,P0432,26,26,2025-11-11,Finalizada
OP000165,P0366,40,40,2025-01-30,Finalizada
OP000166,P0485,36,36,2025-01-27,Finalizada
OP000167,P0471,4,4,2024-07-22,Finalizada
OP000168,P0486,11,11,2024-01-08,Finalizada
OP000169,P0460,20,20,2026-03-19,Finalizada
OP000170,P0364,14,14,2025-04-29,Finalizada
OP000171,P0245,2,2,2024-03-15,Finalizada
OP000172,P0480,19,19,2026-01-09,Finalizada
OP000173,P0164,6,6,2025-09-27,Finalizada
OP000174,P0362,40,40,2025-11-14,Finalizada
OP000175,P0184,38,38,2024-02-29,Finalizada
OP000176,P0023,31,31,2026-05-07,Finalizada
OP000177,P0249,31,31,2025-08-14,Finalizada
OP000178,P0119,51,51,2025-04-01,Finalizada
OP000179,P0250,7,7,2025-11-20,Finalizada
OP000180,P0340,4,4,2026-01-10,Finalizada
OP000181,P0113,15,15,2026-03-31,Finalizada
OP000182,P0141,28,28,2024-06-04,Finalizada
OP000183,P0147,13,13,2025-06-18,Finalizada
OP000184,P0284,42,42,2025-02-21,Finalizada
OP000185,P0274,28,28,2024-11-14,Finalizada
OP000186,P0255,45,45,2026-03-13,Finalizada
OP000187,P0164,28,28,2025-01-06,Finalizada
OP000188,P0458,49,49,2025-05-06,Finalizada
OP000189,P0291,42,42,2025-08-05,Finalizada
OP000190,P0035,16,16,2025-06-02,Finalizada
OP000191,P0337,12,12,2025-03-21,Finalizada
OP000192,P0023,34,34,2025-11-03,Finalizada
OP000193,P0395,37,37,2024-05-27,Finalizada
OP000194,P0367,35,35,2025-11-11,Finalizada
OP000195,P0002,31,31,2024-02-13,Finalizada
OP000196,P0434,34,34,2025-01-14,Finalizada
OP000197,P0083,53,53,2025-11-26,Finalizada
OP000198,P0010,6,6,2026-03-19,Finalizada
OP000199,P0022,11,11,2024-07-20,Finalizada
OP000200,P0311,52,52,2025-02-11,Finalizada
OP000201,P0373,2,2,2025-08-18,Finalizada
OP000202,P0426,24,24,2024-06-13,Finalizada
OP000203,P0282,24,24,2026-05-16,Finalizada
OP000204,P0219,24,24,2025-06-12,Finalizada
OP000205,P0150,42,42,2025-09-01,Finalizada
OP000206,P0086,11,11,2026-03-13,Finalizada
OP000207,P0013,28,28,2025-06-25,Finalizada
OP000208,P0296,4,4,2024-11-27,Finalizada
OP000209,P0275,50,50,2024-12-06,Finalizada
OP000210,P0339,2,2,2024-03-15,Finalizada
OP000211,P0418,4,4,2025-04-23,Finalizada
OP000212,P0001,48,48,2026-01-29,Finalizada
OP000213,P0268,36,36,2024-03-25,Finalizada
OP000214,P0332,46,46,2025-07-07,Finalizada
OP000215,P0457,37,37,2026-04-17,Finalizada
OP000216,P0107,12,12,2025-05-16,Finalizada
OP000217,P0232,45,45,2025-02-21,Finalizada
OP000218,P0293,5,5,2024-05-06,Finalizada
OP000219,P0256,41,41,2025-08-11,Finalizada
OP000220,P0173,9,9,2026-03-06,Finalizada
OP000221,P0203,53,53,2024-05-07,Finalizada
OP000222,P0384,27,27,2025-04-15,Finalizada
OP000223,P0046,11,11,2026-01-16,Finalizada
OP000224,P0016,19,19,2026-04-17,Finalizada
OP000225,P0059,23,23,2024-08-28,Finalizada
OP000226,P0361,2,2,2024-11-29,Finalizada
OP000227,P0129,53,53,2024-12-11,Finalizada
OP000228,P0214,29,29,2026-03-31,Finalizada
OP000229,P0219,46,46,2025-09-10,Finalizada
OP000230,P0194,24,24,2025-06-13,Finalizada
OP000231,P0014,42,42,2025-12-30,Finalizada
OP000232,P0144,23,23,2024-03-26,Finalizada
OP000233,P0359,41,41,2026-04-16,Finalizada
OP000234,P0024,7,7,2026-02-26,Finalizada
OP000235,P0476,46,46,2025-11-01,Finalizada
OP000236,P0320,47,47,2024-02-20,Finalizada
OP000237,P0395,41,41,2026-02-12,Finalizada
OP000238,P0467,28,28,2026-02-22,Finalizada
OP000239,P0291,15,15,2024-11-13,Finalizada
OP000240,P0163,24,24,2024-02-24,Finalizada
OP000241,P0493,26,26,2025-08-23,Finalizada
OP000242,P0280,39,39,2025-12-24,Finalizada
OP000243,P0074,41,41,2026-05-11,Finalizada
OP000244,P0309,12,12,2026-05-21,Finalizada
OP000245,P0430,4,4,2024-02-21,Finalizada
OP000246,P0431,51,51,2025-01-21,Finalizada
OP000247,P0413,28,28,2024-12-17,Finalizada
OP000248,P0383,15,15,2024-09-16,Finalizada
OP000249,P0029,16,16,2026-05-02,Finalizada
OP000250,P0477,38,38,2025-06-04,Finalizada
OP000251,P0482,44,44,2024-11-01,Finalizada
OP000252,P0051,2,2,2025-08-10,Finalizada
OP000253,P0252,17,17,2026-04-28,Finalizada
OP000254,P0385,19,19,2026-03-18,Finalizada
OP000255,P0247,11,11,2026-03-10,Finalizada
OP000256,P0066,2,2,2025-11-14,Finalizada
OP000257,P0139,23,23,2025-12-27,Finalizada
OP000258,P0167,46,46,2024-10-21,Finalizada
OP000259,P0264,33,33,2025-09-03,Finalizada
OP000260,P0327,44,44,2025-09-12,Finalizada
OP000261,P0140,13,13,2026-05-20,Finalizada
OP000262,P0196,45,45,2024-01-15,Finalizada
OP000263,P0485,39,39,2024-11-28,Finalizada
OP000264,P0131,4,4,2025-01-01,Finalizada
OP000265,P0298,40,40,2026-02-16,Finalizada
OP000266,P0276,2,2,2025-07-29,Finalizada
OP000267,P0408,30,30,2025-12-24,Finalizada
OP000268,P0101,28,28,2024-07-24,Finalizada
OP000269,P0343,2,2,2024-01-22,Finalizada
OP000270,P0126,49,49,2025-10-09,Finalizada
OP000271,P0123,2,2,2025-09-11,Finalizada
OP000272,P0036,1,1,2024-04-04,Finalizada
OP000273,P0069,28,28,2026-03-09,Finalizada
OP000274,P0434,4,4,2024-01-24,Finalizada
OP000275,P0471,22,22,2025-10-09,Finalizada
OP000276,P0374,48,48,2026-01-09,Finalizada
OP000277,P0158,30,30,2025-06-27,Finalizada
OP000278,P0352,53,53,2025-05-30,Finalizada
OP000279,P0040,45,45,2026-03-06,Finalizada
OP000280,P0032,34,34,2025-11-19,Finalizada
OP000281,P0257,22,22,2026-05-11,Finalizada
OP000282,P0365,19,19,2024-05-22,Finalizada
OP000283,P0394,25,25,2026-05-01,Finalizada
OP000284,P0365,2,2,2025-06-05,Finalizada
OP000285,P0240,51,51,2024-02-12,Finalizada
OP000286,P0340,40,40,2025-07-25,Finalizada
OP000287,P0282,9,9,2024-02-20,Finalizada
OP000288,P0481,30,30,2026-04-30,Finalizada
OP000289,P0363,53,53,2024-08-30,Finalizada
OP000290,P0403,44,44,2026-03-23,Finalizada
OP000291,P0166,31,31,2024-12-20,Finalizada
OP000292,P0127,3,3,2026-03-20,Finalizada
OP000293,P0260,14,14,2024-01-19,Finalizada
OP000294,P0290,28,28,2026-01-21,Finalizada
OP000295,P0159,18,18,2024-07-22,Finalizada
OP000296,P0497,37,37,2025-12-16,Finalizada
OP000297,P0234,7,7,2026-02-09,Finalizada
OP000298,P0133,24,24,2024-01-15,Finalizada
OP000299,P0130,29,29,2025-03-10,Finalizada
OP000300,P0120,18,18,2025-04-02,Finalizada
OP000301,P0062,26,26,2024-01-23,Finalizada
OP000302,P0027,49,49,2026-01-03,Finalizada
OP000303,P0130,7,7,2025-12-01,Finalizada
OP000304,P0069,37,37,2024-10-29,Finalizada
OP000305,P0437,31,31,2025-07-22,Finalizada
OP000306,P0301,37,37,2026-03-20,Finalizada
OP000307,P0304,29,29,2026-04-08,Finalizada
OP000308,P0048,26,26,2025-10-20,Finalizada
OP000309,P0436,19,19,2025-03-05,Finalizada
OP000310,P0356,20,20,2025-05-09,Finalizada
OP000311,P0488,40,40,2025-08-12,Finalizada
OP000312,P0157,44,44,2024-01-19,Finalizada
OP000313,P0401,38,38,2024-02-01,Finalizada
OP000314,P0449,53,53,2025-05-15,Finalizada
OP000315,P0355,36,36,2025-07-14,Finalizada
OP000316,P0358,27,27,2024-06-03,Finalizada
OP000317,P0329,12,12,2025-12-22,Finalizada
OP000318,P0338,18,18,2025-12-08,Finalizada
OP000319,P0046,13,13,2025-03-27,Finalizada
OP000320,P0144,47,47,2025-09-18,Finalizada
OP000321,P0238,1,1,2025-05-05,Finalizada
OP000322,P0297,29,29,2025-12-30,Finalizada
OP000323,P0371,7,7,2025-06-11,Finalizada
OP000324,P0242,33,33,2024-07-16,Finalizada
OP000325,P0056,14,14,2024-07-19,Finalizada
OP000326,P0380,1,1,2025-11-20,Finalizada
OP000327,P0475,34,34,2026-01-16,Finalizada
OP000328,P0405,19,19,2026-01-15,Finalizada
OP000329,P0096,3,3,2025-04-11,Finalizada
OP000330,P0263,20,20,2026-04-15,Finalizada
OP000331,P0475,2,2,2024-06-10,Finalizada
OP000332,P0077,3,3,2025-06-19,Finalizada
OP000333,P0093,22,22,2024-11-29,Finalizada
OP000334,P0329,52,52,2024-11-26,Finalizada
OP000335,P0308,46,46,2026-03-17,Finalizada
OP000336,P0489,33,33,2024-10-22,Finalizada
OP000337,P0368,22,22,2024-10-30,Finalizada
OP000338,P0218,42,42,2026-04-22,Finalizada
OP000339,P0274,36,36,2025-12-11,Finalizada
OP000340,P0472,35,35,2025-09-27,Finalizada
OP000341,P0483,14,14,2024-09-30,Finalizada
OP000342,P0013,17,17,2025-12-16,Finalizada
OP000343,P0087,46,46,2025-11-04,Finalizada
OP000344,P0169,15,15,2025-06-13,Finalizada
OP000345,P0164,29,29,2025-12-16,Finalizada
OP000346,P0348,48,48,2026-04-09,Finalizada
OP000347,P0045,7,7,2025-05-01,Finalizada
OP000348,P0165,47,47,2026-01-08,Finalizada
OP000349,P0487,6,6,2024-10-18,Finalizada
OP000350,P0396,26,26,2026-01-14,Finalizada
OP000351,P0267,51,51,2025-10-16,Finalizada
OP000352,P0274,19,19,2025-04-28,Finalizada
OP000353,P0280,19,19,2025-04-14,Finalizada
OP000354,P0495,25,25,2025-12-23,Finalizada
OP000355,P0186,6,6,2026-02-27,Finalizada
OP000356,P0001,8,8,2024-03-04,Finalizada
OP000357,P0034,39,39,2025-03-14,Finalizada
OP000358,P0452,45,45,2025-12-19,Finalizada
OP000359,P0139,45,45,2025-01-17,Finalizada
OP000360,P0364,46,46,2026-05-13,Finalizada
OP000361,P0421,38,38,2024-08-27,Finalizada
OP000362,P0295,23,23,2024-01-09,Finalizada
OP000363,P0203,20,20,2025-10-22,Finalizada
OP000364,P0132,13,13,2024-04-25,Finalizada
OP000365,P0019,51,51,2025-09-28,Finalizada
OP000366,P0055,13,13,2025-09-26,Finalizada
OP000367,P0081,39,39,2025-06-18,Finalizada
OP000368,P0008,49,49,2024-11-05,Finalizada
OP000369,P0054,29,29,2025-08-24,Finalizada
OP000370,P0155,19,19,2025-07-08,Finalizada
OP000371,P0343,25,25,2026-04-17,Finalizada
OP000372,P0485,19,19,2026-03-04,Finalizada
OP000373,P0188,45,45,2024-09-06,Finalizada
OP000374,P0475,37,37,2024-10-15,Finalizada
OP000375,P0114,27,27,2024-06-18,Finalizada
OP000376,P0466,49,49,2025-02-07,Finalizada
OP000377,P0193,26,26,2026-04-02,Finalizada
OP000378,P0355,36,36,2025-02-13,Finalizada
OP000379,P0045,4,4,2024-03-14,Finalizada
OP000380,P0032,33,33,2025-03-07,Finalizada
OP000381,P0203,44,44,2024-12-02,Finalizada
OP000382,P0480,36,36,2026-01-13,Finalizada
OP000383,P0077,30,30,2025-08-25,Finalizada
OP000384,P0051,50,50,2024-07-25,Finalizada
OP000385,P0431,35,35,2024-06-19,Finalizada
OP000386,P0050,18,18,2025-12-11,Finalizada
OP000387,P0257,5,5,2024-11-25,Finalizada
OP000388,P0020,12,12,2025-11-19,Finalizada
OP000389,P0084,37,37,2025-03-25,Finalizada
OP000390,P0455,17,17,2026-02-23,Finalizada
OP000391,P0061,36,36,2025-02-10,Finalizada
OP000392,P0273,49,49,2024-12-20,Finalizada
OP000393,P0230,11,11,2025-11-01,Finalizada
OP000394,P0258,33,33,2026-02-10,Finalizada
OP000395,P0422,8,8,2025-01-17,Finalizada
OP000396,P0284,18,18,2024-02-14,Finalizada
OP000397,P0293,34,34,2026-02-10,Finalizada
OP000398,P0256,41,41,2024-02-01,Finalizada
OP000399,P0223,30,30,2024-01-23,Finalizada
OP000400,P0186,4,4,2024-04-21,Finalizada
OP000401,P0241,9,9,2025-12-16,Finalizada
OP000402,P0416,19,19,2024-06-13,Finalizada
OP000403,P0179,31,31,2026-05-14,Finalizada
OP000404,P0094,8,8,2025-06-23,Finalizada
OP000405,P0289,22,22,2024-05-23,Finalizada
OP000406,P0418,11,11,2025-04-03,Finalizada
OP000407,P0298,5,5,2025-12-09,Finalizada
OP000408,P0092,13,13,2025-05-08,Finalizada
OP000409,P0232,45,45,2026-03-26,Finalizada
OP000410,P0060,23,23,2026-04-22,Finalizada
OP000411,P0404,27,27,2024-03-06,Finalizada
OP000412,P0115,53,53,2025-08-06,Finalizada
OP000413,P0287,50,50,2025-07-25,Finalizada
OP000414,P0303,50,50,2024-02-01,Finalizada
OP000415,P0476,25,25,2026-03-25,Finalizada
OP000416,P0441,2,2,2025-06-25,Finalizada
OP000417,P0282,12,12,2025-03-28,Finalizada
OP000418,P0155,13,13,2026-03-13,Finalizada
OP000419,P0024,7,7,2024-05-10,Finalizada
OP000420,P0141,18,18,2025-06-12,Finalizada
OP000421,P0368,29,29,2024-11-27,Finalizada
OP000422,P0287,34,34,2025-04-16,Finalizada
OP000423,P0456,19,19,2025-06-30,Finalizada
OP000424,P0498,8,8,2025-10-09,Finalizada
OP000425,P0124,53,53,2025-07-07,Finalizada
OP000426,P0327,30,30,2026-05-04,Finalizada
OP000427,P0249,17,17,2024-03-29,Finalizada
OP000428,P0422,5,5,2026-05-15,Finalizada
OP000429,P0230,11,11,2025-12-03,Finalizada
OP000430,P0431,8,8,2025-11-05,Finalizada
OP000431,P0126,6,6,2025-02-12,Finalizada
OP000432,P0273,17,17,2026-02-04,Finalizada
OP000433,P0302,29,29,2024-03-15,Finalizada
OP000434,P0348,40,40,2025-07-05,Finalizada
OP000435,P0299,4,4,2025-02-07,Finalizada
OP000436,P0122,45,45,2025-09-24,Finalizada
OP000437,P0493,36,36,2026-01-14,Finalizada
OP000438,P0246,25,25,2024-03-11,Finalizada
OP000439,P0230,40,40,2025-01-14,Finalizada
OP000440,P0344,39,39,2026-03-13,Finalizada
OP000441,P0422,19,19,2024-04-08,Finalizada
OP000442,P0458,2,2,2024-05-10,Finalizada
OP000443,P0207,22,22,2026-02-05,Finalizada
OP000444,P0337,25,25,2024-06-14,Finalizada
OP000445,P0033,27,27,2025-12-23,Finalizada
OP000446,P0256,6,6,2024-10-22,Finalizada
OP000447,P0163,29,29,2025-07-24,Finalizada
OP000448,P0041,53,53,2026-01-05,Finalizada
OP000449,P0244,29,29,2025-12-30,Finalizada
OP000450,P0083,40,40,2024-09-10,Finalizada
OP000451,P0186,44,44,2025-04-11,Finalizada
OP000452,P0198,36,36,2024-07-10,Finalizada
OP000453,P0323,51,51,2024-08-07,Finalizada
OP000454,P0145,15,15,2025-06-27,Finalizada
OP000455,P0299,23,23,2025-06-25,Finalizada
OP000456,P0464,52,52,2026-05-06,Finalizada
OP000457,P0019,5,5,2024-04-26,Finalizada
OP000458,P0085,22,22,2024-04-07,Finalizada
OP000459,P0315,31,31,2024-02-26,Finalizada
OP000460,P0069,11,11,2024-01-09,Finalizada
OP000461,P0136,31,31,2025-03-05,Finalizada
OP000462,P0389,42,42,2026-03-16,Finalizada
OP000463,P0059,13,13,2026-02-02,Finalizada
OP000464,P0148,5,5,2026-03-19,Finalizada
OP000465,P0305,48,48,2024-02-20,Finalizada
OP000466,P0148,5,5,2024-11-04,Finalizada
OP000467,P0055,46,46,2026-02-02,Finalizada
OP000468,P0389,29,29,2024-06-10,Finalizada
OP000469,P0322,5,5,2025-06-02,Finalizada
OP000470,P0080,53,53,2025-09-05,Finalizada
OP000471,P0305,28,28,2025-12-17,Finalizada
OP000472,P0235,16,16,2025-03-24,Finalizada
OP000473,P0010,25,25,2025-01-16,Finalizada
OP000474,P0432,23,23,2025-04-04,Finalizada
OP000475,P0434,27,27,2025-11-10,Finalizada
OP000476,P0411,15,15,2024-09-25,Finalizada
OP000477,P0280,38,38,2026-01-23,Finalizada
OP000478,P0492,15,15,2025-11-11,Finalizada
OP000479,P0388,12,12,2025-06-02,Finalizada
OP000480,P0453,16,16,2025-11-08,Finalizada
OP000481,P0120,47,47,2026-05-13,Finalizada
OP000482,P0033,38,38,2025-09-16,Finalizada
OP000483,P0077,22,22,2024-07-17,Finalizada
OP000484,P0060,27,27,2026-04-23,Finalizada
OP000485,P0114,16,16,2026-03-05,Finalizada
OP000486,P0168,1,1,2024-06-25,Finalizada
OP000487,P0426,35,35,2024-12-13,Finalizada
OP000488,P0137,51,51,2024-11-05,Finalizada
OP000489,P0464,49,49,2026-02-25,Finalizada
OP000490,P0121,20,20,2025-08-02,Finalizada
OP000491,P0147,31,31,2024-02-21,Finalizada
OP000492,P0039,4,4,2024-05-22,Finalizada
OP000493,P0352,30,30,2026-04-03,Finalizada
OP000494,P0408,5,5,2024-01-30,Finalizada
OP000495,P0041,45,45,2025-05-08,Finalizada
OP000496,P0362,5,5,2024-10-30,Finalizada
OP000497,P0275,7,7,2024-11-28,Finalizada
OP000498,P0493,50,50,2025-08-23,Finalizada
OP000499,P0358,19,19,2025-02-11,Finalizada
OP000500,P0289,47,47,2025-06-20,Finalizada
OP000501,P0030,3,3,2026-04-21,Finalizada
OP000502,P0030,34,34,2025-03-03,Finalizada
OP000503,P0325,9,9,2024-08-22,Finalizada
OP000504,P0134,42,42,2025-04-04,Finalizada
OP000505,P0499,33,33,2025-11-05,Finalizada
OP000506,P0468,1,1,2024-10-14,Finalizada
OP000507,P0125,22,22,2026-04-15,Finalizada
OP000508,P0039,3,3,2024-02-06,Finalizada
OP000509,P0154,47,47,2025-09-10,Finalizada
OP000510,P0077,1,1,2025-08-05,Finalizada
OP000511,P0453,26,26,2025-07-06,Finalizada
OP000512,P0184,16,16,2026-04-10,Finalizada
OP000513,P0021,42,42,2024-05-21,Finalizada
OP000514,P0159,6,6,2025-12-23,Finalizada
OP000515,P0445,9,9,2025-07-18,Finalizada
OP000516,P0287,1,1,2025-07-22,Finalizada
OP000517,P0189,15,15,2026-02-17,Finalizada
OP000518,P0014,26,26,2026-05-18,Finalizada
OP000519,P0199,29,29,2024-05-31,Finalizada
OP000520,P0113,18,18,2024-06-24,Finalizada
OP000521,P0169,36,36,2025-12-17,Finalizada
OP000522,P0196,5,5,2024-05-02,Finalizada
OP000523,P0018,39,39,2026-05-03,Finalizada
OP000524,P0429,23,23,2026-02-17,Finalizada
OP000525,P0276,40,40,2026-05-18,Finalizada
OP000526,P0382,23,23,2024-11-11,Finalizada
OP000527,P0346,7,7,2026-04-28,Finalizada
OP000528,P0469,52,52,2024-09-04,Finalizada
OP000529,P0303,50,50,2025-06-18,Finalizada
OP000530,P0127,26,26,2025-04-23,Finalizada
OP000531,P0378,12,12,2025-06-01,Finalizada
OP000532,P0032,4,4,2024-02-11,Finalizada
OP000533,P0500,24,24,2025-07-01,Finalizada
OP000534,P0294,36,36,2025-10-13,Finalizada
OP000535,P0062,44,44,2026-02-04,Finalizada
OP000536,P0314,9,9,2024-08-13,Finalizada
OP000537,P0190,28,28,2024-03-08,Finalizada
OP000538,P0254,7,7,2026-01-07,Finalizada
OP000539,P0394,5,5,2026-04-20,Finalizada
OP000540,P0189,46,46,2024-03-15,Finalizada
OP000541,P0190,17,17,2026-03-09,Finalizada
OP000542,P0117,39,39,2024-06-18,Finalizada
OP000543,P0234,34,34,2026-02-10,Finalizada
OP000544,P0221,12,12,2026-01-27,Finalizada
OP000545,P0389,4,4,2025-01-21,Finalizada
OP000546,P0365,8,8,2025-06-11,Finalizada
OP000547,P0438,5,5,2025-02-19,Finalizada
OP000548,P0134,18,18,2026-03-05,Finalizada
OP000549,P0136,42,42,2025-11-25,Finalizada
OP000550,P0192,25,25,2024-07-29,Finalizada
OP000551,P0391,11,11,2024-04-11,Finalizada
OP000552,P0451,44,44,2025-08-12,Finalizada
OP000553,P0168,3,3,2024-06-19,Finalizada
OP000554,P0432,38,38,2026-02-10,Finalizada
OP000555,P0017,33,33,2025-09-24,Finalizada
OP000556,P0032,24,24,2024-11-04,Finalizada
OP000557,P0308,37,37,2026-03-03,Finalizada
OP000558,P0101,39,39,2025-07-05,Finalizada
OP000559,P0167,33,33,2024-11-20,Finalizada
OP000560,P0359,34,34,2025-04-21,Finalizada
OP000561,P0039,26,26,2025-03-21,Finalizada
OP000562,P0396,16,16,2025-01-10,Finalizada
OP000563,P0417,29,29,2025-11-19,Finalizada
OP000564,P0016,52,52,2025-08-18,Finalizada
OP000565,P0275,14,14,2024-09-07,Finalizada
OP000566,P0490,13,13,2024-12-11,Finalizada
OP000567,P0467,5,5,2025-12-05,Finalizada
OP000568,P0452,25,25,2026-01-16,Finalizada
OP000569,P0221,4,4,2024-03-14,Finalizada
OP000570,P0426,47,47,2026-04-16,Finalizada
OP000571,P0039,13,13,2026-03-27,Finalizada
OP000572,P0128,35,35,2026-03-26,Finalizada
OP000573,P0185,19,19,2024-12-09,Finalizada
OP000574,P0204,17,17,2026-02-25,Finalizada
OP000575,P0195,6,6,2026-04-24,Finalizada
OP000576,P0227,14,14,2025-01-17,Finalizada
OP000577,P0175,25,25,2025-06-14,Finalizada
OP000578,P0015,50,50,2026-05-05,Finalizada
OP000579,P0242,38,38,2024-02-06,Finalizada
OP000580,P0075,8,8,2025-08-07,Finalizada
OP000581,P0402,18,18,2025-05-21,Finalizada
OP000582,P0492,4,4,2025-05-06,Finalizada
OP000583,P0081,37,37,2025-03-24,Finalizada
OP000584,P0169,19,19,2025-11-27,Finalizada
OP000585,P0105,50,50,2024-06-12,Finalizada
OP000586,P0228,25,25,2025-03-12,Finalizada
OP000587,P0089,3,3,2025-04-02,Finalizada
OP000588,P0390,5,5,2026-05-05,Finalizada
OP000589,P0042,26,26,2025-12-12,Finalizada
OP000590,P0375,8,8,2025-11-11,Finalizada
OP000591,P0168,41,41,2025-11-09,Finalizada
OP000592,P0145,40,40,2025-03-06,Finalizada
OP000593,P0405,33,33,2026-01-14,Finalizada
OP000594,P0459,44,44,2025-12-11,Finalizada
OP000595,P0128,53,53,2026-01-14,Finalizada
OP000596,P0341,25,25,2025-04-11,Finalizada
OP000597,P0396,11,11,2025-09-01,Finalizada
OP000598,P0038,1,1,2025-01-22,Finalizada
OP000599,P0131,16,16,2025-09-06,Finalizada
OP000600,P0396,4,4,2024-06-07,Finalizada
OP000601,P0336,18,18,2025-09-04,Finalizada
OP000602,P0402,2,2,2024-06-12,Finalizada
OP000603,P0293,22,22,2025-04-15,Finalizada
OP000604,P0419,36,36,2024-01-09,Finalizada
OP000605,P0178,28,28,2025-07-20,Finalizada
OP000606,P0074,42,42,2025-10-28,Finalizada
OP000607,P0130,42,42,2026-04-16,Finalizada
OP000608,P0174,18,18,2025-04-28,Finalizada
OP000609,P0053,6,6,2024-09-23,Finalizada
OP000610,P0266,4,4,2024-07-30,Finalizada
OP000611,P0106,44,44,2025-12-23,Finalizada
OP000612,P0330,12,12,2025-10-23,Finalizada
OP000613,P0425,4,4,2026-05-11,Finalizada
OP000614,P0108,18,18,2024-05-02,Finalizada
OP000615,P0248,20,20,2026-03-24,Finalizada
OP000616,P0063,16,16,2025-04-03,Finalizada
OP000617,P0045,5,5,2026-01-29,Finalizada
OP000618,P0442,6,6,2026-04-09,Finalizada
OP000619,P0092,2,2,2024-10-25,Finalizada
OP000620,P0384,22,22,2025-08-25,Finalizada
OP000621,P0005,38,38,2025-09-03,Finalizada
OP000622,P0169,29,29,2025-07-18,Finalizada
OP000623,P0407,5,5,2024-11-06,Finalizada
OP000624,P0286,38,38,2026-02-17,Finalizada
OP000625,P0283,14,14,2026-03-11,Finalizada
OP000626,P0378,3,3,2024-06-19,Finalizada
OP000627,P0260,34,34,2026-04-02,Finalizada
OP000628,P0091,33,33,2025-11-18,Finalizada
OP000629,P0221,38,38,2026-01-16,Finalizada
OP000630,P0051,34,34,2024-12-19,Finalizada
OP000631,P0034,53,53,2025-01-16,Finalizada
OP000632,P0457,47,47,2024-10-11,Finalizada
OP000633,P0284,44,44,2024-05-30,Finalizada
OP000634,P0092,40,40,2025-04-07,Finalizada
OP000635,P0043,4,4,2025-06-20,Finalizada
OP000636,P0012,15,15,2026-04-24,Finalizada
OP000637,P0056,5,5,2024-02-28,Finalizada
OP000638,P0050,16,16,2026-04-04,Finalizada
OP000639,P0084,5,5,2026-02-23,Finalizada
OP000640,P0463,24,24,2025-09-25,Finalizada
OP000641,P0145,25,25,2025-12-18,Finalizada
OP000642,P0191,20,20,2025-05-20,Finalizada
OP000643,P0009,49,49,2026-02-09,Finalizada
OP000644,P0129,13,13,2026-03-11,Finalizada
OP000645,P0437,37,37,2025-07-01,Finalizada
OP000646,P0175,14,14,2024-06-20,Finalizada
OP000647,P0345,30,30,2026-02-09,Finalizada
OP000648,P0271,48,48,2024-06-28,Finalizada
OP000649,P0247,27,27,2024-11-12,Finalizada
OP000650,P0187,45,45,2025-11-17,Finalizada
OP000651,P0244,34,34,2024-12-24,Finalizada
OP000652,P0413,28,28,2025-01-21,Finalizada
OP000653,P0089,16,16,2025-01-03,Finalizada
OP000654,P0327,23,23,2025-10-27,Finalizada
OP000655,P0222,48,48,2025-10-27,Finalizada
OP000656,P0095,41,41,2025-04-30,Finalizada
OP000657,P0126,7,7,2024-04-04,Finalizada
OP000658,P0142,46,46,2024-12-19,Finalizada
OP000659,P0351,53,53,2024-05-19,Finalizada
OP000660,P0460,35,35,2025-11-12,Finalizada
OP000661,P0326,24,24,2024-05-28,Finalizada
OP000662,P0409,13,13,2024-02-22,Finalizada
OP000663,P0148,42,42,2025-11-13,Finalizada
OP000664,P0491,24,24,2024-12-09,Finalizada
OP000665,P0463,20,20,2024-02-29,Finalizada
OP000666,P0381,29,29,2026-05-01,Finalizada
OP000667,P0008,29,29,2025-11-05,Finalizada
OP000668,P0469,22,22,2026-04-03,Finalizada
OP000669,P0162,1,1,2025-12-05,Finalizada
OP000670,P0030,30,30,2024-01-30,Finalizada
OP000671,P0175,28,28,2025-07-30,Finalizada
OP000672,P0409,46,46,2026-01-26,Finalizada
OP000673,P0068,48,48,2024-05-15,Finalizada
OP000674,P0076,46,46,2025-12-12,Finalizada
OP000675,P0144,13,13,2025-11-21,Finalizada
OP000676,P0116,5,5,2025-08-22,Finalizada
OP000677,P0340,22,22,2025-03-05,Finalizada
OP000678,P0061,44,44,2024-09-25,Finalizada
OP000679,P0018,31,31,2024-11-01,Finalizada
OP000680,P0366,41,41,2025-06-12,Finalizada
OP000681,P0305,9,9,2025-07-17,Finalizada
OP000682,P0143,2,2,2025-12-24,Finalizada
OP000683,P0088,1,1,2025-08-12,Finalizada
OP000684,P0138,2,2,2025-12-25,Finalizada
OP000685,P0424,29,29,2025-10-13,Finalizada
OP000686,P0017,44,44,2025-09-01,Finalizada
OP000687,P0044,7,7,2025-07-10,Finalizada
OP000688,P0366,33,33,2025-02-11,Finalizada
OP000689,P0315,38,38,2026-01-14,Finalizada
OP000690,P0211,2,2,2024-07-26,Finalizada
OP000691,P0336,27,27,2026-02-03,Finalizada
OP000692,P0092,36,36,2024-12-11,Finalizada
OP000693,P0022,29,29,2026-03-19,Finalizada
OP000694,P0254,34,34,2024-08-22,Finalizada
OP000695,P0067,28,28,2024-09-19,Finalizada
OP000696,P0452,33,33,2026-02-17,Finalizada
OP000697,P0177,52,52,2024-12-06,Finalizada
OP000698,P0174,12,12,2024-09-05,Finalizada
OP000699,P0142,33,33,2024-10-21,Finalizada
OP000700,P0359,37,37,2024-05-21,Finalizada
OP000701,P0201,45,45,2024-06-18,Finalizada
OP000702,P0489,11,11,2024-02-01,Finalizada
OP000703,P0062,22,22,2025-09-09,Finalizada
OP000704,P0208,24,24,2025-12-13,Finalizada
OP000705,P0023,3,3,2025-11-28,Finalizada
OP000706,P0321,3,3,2024-11-06,Finalizada
OP000707,P0251,22,22,2025-02-10,Finalizada
OP000708,P0247,13,13,2024-03-12,Finalizada
OP000709,P0365,47,47,2024-10-01,Finalizada
OP000710,P0166,9,9,2025-12-18,Finalizada
OP000711,P0483,2,2,2024-11-01,Finalizada
OP000712,P0354,35,35,2025-07-03,Finalizada
OP000713,P0490,34,34,2024-12-17,Finalizada
OP000714,P0295,4,4,2025-12-08,Finalizada
OP000715,P0018,8,8,2024-12-04,Finalizada
OP000716,P0288,17,17,2025-07-11,Finalizada
OP000717,P0445,5,5,2024-03-19,Finalizada
OP000718,P0145,25,25,2025-01-09,Finalizada
OP000719,P0318,34,34,2025-06-06,Finalizada
OP000720,P0319,40,40,2025-01-30,Finalizada
OP000721,P0051,44,44,2025-12-11,Finalizada
OP000722,P0153,26,26,2025-12-23,Finalizada
OP000723,P0194,47,47,2024-07-23,Finalizada
OP000724,P0486,8,8,2026-03-02,Finalizada
OP000725,P0346,41,41,2024-10-16,Finalizada
OP000726,P0418,48,48,2025-08-22,Finalizada
OP000727,P0397,46,46,2026-01-29,Finalizada
OP000728,P0361,26,26,2025-07-31,Finalizada
OP000729,P0160,33,33,2025-02-28,Finalizada
OP000730,P0058,45,45,2025-12-25,Finalizada
OP000731,P0354,46,46,2024-06-17,Finalizada
OP000732,P0471,29,29,2026-02-04,Finalizada
OP000733,P0160,51,51,2024-01-03,Finalizada
OP000734,P0323,45,45,2026-04-08,Finalizada
OP000735,P0022,13,13,2025-12-22,Finalizada
OP000736,P0026,12,12,2025-08-20,Finalizada
OP000737,P0436,14,14,2026-04-28,Finalizada
OP000738,P0265,19,19,2024-02-29,Finalizada
OP000739,P0031,22,22,2024-08-20,Finalizada
OP000740,P0480,11,11,2024-04-17,Finalizada
OP000741,P0114,13,13,2025-11-26,Finalizada
OP000742,P0068,3,3,2025-05-07,Finalizada
OP000743,P0407,35,35,2025-02-14,Finalizada
OP000744,P0316,12,12,2025-08-20,Finalizada
OP000745,P0117,4,4,2026-03-17,Finalizada
OP000746,P0334,17,17,2025-11-21,Finalizada
OP000747,P0086,36,36,2024-06-10,Finalizada
OP000748,P0368,1,1,2025-07-30,Finalizada
OP000749,P0326,51,51,2025-08-29,Finalizada
OP000750,P0181,52,52,2025-06-06,Finalizada
OP000751,P0375,26,26,2025-05-23,Finalizada
OP000752,P0485,50,50,2024-06-10,Finalizada
OP000753,P0336,19,19,2024-01-07,Finalizada
OP000754,P0448,51,51,2026-04-28,Finalizada
OP000755,P0093,28,28,2024-05-23,Finalizada
OP000756,P0499,17,17,2026-01-01,Finalizada
OP000757,P0462,2,2,2026-03-09,Finalizada
OP000758,P0197,18,18,2025-06-17,Finalizada
OP000759,P0143,7,7,2025-01-22,Finalizada
OP000760,P0155,1,1,2025-05-23,Finalizada
OP000761,P0210,13,13,2024-09-30,Finalizada
OP000762,P0447,39,39,2025-06-20,Finalizada
OP000763,P0399,53,53,2026-04-12,Finalizada
OP000764,P0210,17,17,2026-05-12,Finalizada
OP000765,P0092,34,34,2024-12-23,Finalizada
OP000766,P0017,52,52,2025-03-12,Finalizada
OP000767,P0372,18,18,2024-09-10,Finalizada
OP000768,P0283,6,6,2026-01-13,Finalizada
OP000769,P0090,34,34,2025-07-01,Finalizada
OP000770,P0339,37,37,2024-08-19,Finalizada
OP000771,P0038,8,8,2026-01-29,Finalizada
OP000772,P0497,3,3,2024-07-10,Finalizada
OP000773,P0474,26,26,2025-04-09,Finalizada
OP000774,P0194,2,2,2025-04-25,Finalizada
OP000775,P0471,20,20,2025-07-21,Finalizada
OP000776,P0499,51,51,2024-02-19,Finalizada
OP000777,P0149,3,3,2026-05-05,Finalizada
OP000778,P0462,12,12,2026-04-10,Finalizada
OP000779,P0367,48,48,2026-03-04,Finalizada
OP000780,P0315,50,50,2025-09-17,Finalizada
OP000781,P0199,8,8,2024-09-02,Finalizada
OP000782,P0239,4,4,2024-11-12,Finalizada
OP000783,P0395,25,25,2024-05-08,Finalizada
OP000784,P0180,37,37,2025-04-21,Finalizada
OP000785,P0202,40,40,2024-07-28,Finalizada
OP000786,P0386,22,22,2024-04-25,Finalizada
OP000787,P0215,29,29,2025-10-22,Finalizada
OP000788,P0272,4,4,2025-07-23,Finalizada
OP000789,P0343,36,36,2026-03-09,Finalizada
OP000790,P0026,23,23,2024-01-12,Finalizada
OP000791,P0241,16,16,2025-11-16,Finalizada
OP000792,P0419,34,34,2025-09-05,Finalizada
OP000793,P0301,46,46,2024-02-14,Finalizada
OP000794,P0105,38,38,2024-03-06,Finalizada
OP000795,P0095,18,18,2025-10-07,Finalizada
OP000796,P0123,34,34,2024-05-06,Finalizada
OP000797,P0098,51,51,2025-11-24,Finalizada
OP000798,P0421,33,33,2025-02-27,Finalizada
OP000799,P0014,11,11,2026-03-10,Finalizada
OP000800,P0476,41,41,2024-03-21,Finalizada
OP000801,P0264,7,7,2026-04-22,Finalizada
OP000802,P0316,42,42,2024-11-22,Finalizada
OP000803,P0201,17,17,2025-08-05,Finalizada
OP000804,P0408,47,47,2025-01-22,Finalizada
OP000805,P0425,23,23,2025-01-06,Finalizada
OP000806,P0138,23,23,2024-07-16,Finalizada
OP000807,P0006,19,19,2024-07-01,Finalizada
OP000808,P0072,14,14,2024-03-01,Finalizada
OP000809,P0233,9,9,2025-10-03,Finalizada
OP000810,P0063,14,14,2024-11-27,Finalizada
OP000811,P0283,3,3,2025-05-13,Finalizada
OP000812,P0430,12,12,2025-08-05,Finalizada
OP000813,P0357,22,22,2026-01-26,Finalizada
OP000814,P0165,37,37,2024-01-10,Finalizada
OP000815,P0291,17,17,2025-11-20,Finalizada
OP000816,P0260,9,9,2024-12-26,Finalizada
OP000817,P0074,20,20,2024-02-13,Finalizada
OP000818,P0348,28,28,2025-11-04,Finalizada
OP000819,P0418,15,15,2025-01-18,Finalizada
OP000820,P0280,48,48,2025-08-14,Finalizada
OP000821,P0176,7,7,2025-10-16,Finalizada
OP000822,P0434,22,22,2025-09-18,Finalizada
OP000823,P0464,11,11,2024-09-25,Finalizada
OP000824,P0445,35,35,2025-03-07,Finalizada
OP000825,P0022,30,30,2024-02-21,Finalizada
OP000826,P0492,25,25,2025-08-22,Finalizada
OP000827,P0147,31,31,2025-07-31,Finalizada
OP000828,P0453,48,48,2025-04-23,Finalizada
OP000829,P0343,49,49,2024-02-07,Finalizada
OP000830,P0248,12,12,2024-02-05,Finalizada
OP000831,P0483,23,23,2024-12-03,Finalizada
OP000832,P0437,37,37,2025-05-22,Finalizada
OP000833,P0059,4,4,2025-07-11,Finalizada
OP000834,P0431,13,13,2024-10-25,Finalizada
OP000835,P0122,35,35,2024-11-01,Finalizada
OP000836,P0097,8,8,2024-10-17,Finalizada
OP000837,P0264,52,52,2026-04-16,Finalizada
OP000838,P0295,17,17,2024-02-20,Finalizada
OP000839,P0458,22,22,2026-01-13,Finalizada
OP000840,P0140,42,42,2024-11-14,Finalizada
OP000841,P0082,12,12,2025-03-19,Finalizada
OP000842,P0212,39,39,2024-04-16,Finalizada
OP000843,P0119,26,26,2024-05-02,Finalizada
OP000844,P0328,29,29,2024-06-14,Finalizada
OP000845,P0376,18,18,2026-04-28,Finalizada
OP000846,P0320,44,44,2025-11-26,Finalizada
OP000847,P0292,8,8,2026-05-04,Finalizada
OP000848,P0040,51,51,2025-09-30,Finalizada
OP000849,P0065,14,14,2024-09-20,Finalizada
OP000850,P0161,15,15,2025-01-14,Finalizada
OP000851,P0184,23,23,2025-01-31,Finalizada
OP000852,P0068,23,23,2026-04-15,Finalizada
OP000853,P0238,44,44,2025-04-22,Finalizada
OP000854,P0237,52,52,2024-07-05,Finalizada
OP000855,P0159,13,13,2025-11-26,Finalizada
OP000856,P0444,20,20,2025-08-12,Finalizada
OP000857,P0074,42,42,2025-03-28,Finalizada
OP000858,P0383,20,20,2024-01-25,Finalizada
OP000859,P0008,29,29,2024-02-06,Finalizada
OP000860,P0024,3,3,2025-07-18,Finalizada
OP000861,P0180,52,52,2025-02-05,Finalizada
OP000862,P0239,47,47,2024-06-27,Finalizada
OP000863,P0085,35,35,2025-11-20,Finalizada
OP000864,P0274,38,38,2025-04-11,Finalizada
OP000865,P0486,29,29,2024-09-09,Finalizada
OP000866,P0104,30,30,2024-02-03,Finalizada
OP000867,P0315,15,15,2025-10-02,Finalizada
OP000868,P0188,19,19,2025-03-25,Finalizada
OP000869,P0201,12,12,2024-02-22,Finalizada
OP000870,P0333,45,45,2025-12-01,Finalizada
OP000871,P0394,25,25,2025-10-28,Finalizada
OP000872,P0363,29,29,2024-12-20,Finalizada
OP000873,P0438,30,30,2025-12-22,Finalizada
OP000874,P0431,38,38,2024-04-28,Finalizada
OP000875,P0041,41,41,2025-05-16,Finalizada
OP000876,P0479,5,5,2026-04-30,Finalizada
OP000877,P0175,40,40,2025-04-17,Finalizada
OP000878,P0102,47,47,2026-04-13,Finalizada
OP000879,P0267,31,31,2026-02-26,Finalizada
OP000880,P0087,45,45,2025-05-30,Finalizada
OP000881,P0136,49,49,2026-05-06,Finalizada
OP000882,P0435,41,41,2024-08-09,Finalizada
OP000883,P0092,7,7,2024-10-04,Finalizada
OP000884,P0193,51,51,2025-02-24,Finalizada
OP000885,P0471,49,49,2026-02-09,Finalizada
OP000886,P0218,11,11,2025-08-26,Finalizada
OP000887,P0165,2,2,2024-02-18,Finalizada
OP000888,P0377,52,52,2024-12-25,Finalizada
OP000889,P0313,52,52,2026-01-19,Finalizada
OP000890,P0020,44,44,2025-12-20,Finalizada
OP000891,P0469,16,16,2025-02-10,Finalizada
OP000892,P0021,26,26,2024-09-17,Finalizada
OP000893,P0441,9,9,2025-09-23,Finalizada
OP000894,P0366,3,3,2025-11-23,Finalizada
OP000895,P0424,4,4,2024-01-17,Finalizada
OP000896,P0110,28,28,2025-09-30,Finalizada
OP000897,P0181,44,44,2024-02-21,Finalizada
OP000898,P0386,37,37,2026-01-14,Finalizada
OP000899,P0181,45,45,2024-01-03,Finalizada
OP000900,P0093,20,20,2026-03-20,Finalizada
OP000901,P0212,48,48,2024-12-21,Finalizada
OP000902,P0265,7,7,2026-03-28,Finalizada
OP000903,P0105,49,49,2024-03-05,Finalizada
OP000904,P0157,48,48,2026-01-09,Finalizada
OP000905,P0157,8,8,2025-04-21,Finalizada
OP000906,P0386,15,15,2024-11-15,Finalizada
OP000907,P0491,17,17,2024-12-05,Finalizada
OP000908,P0343,18,18,2025-07-28,Finalizada
OP000909,P0157,42,42,2025-10-28,Finalizada
OP000910,P0106,18,18,2025-07-29,Finalizada
OP000911,P0051,7,7,2025-06-02,Finalizada
OP000912,P0039,11,11,2024-03-18,Finalizada
OP000913,P0444,12,12,2025-07-21,Finalizada
OP000914,P0113,29,29,2024-03-06,Finalizada
OP000915,P0011,6,6,2025-07-14,Finalizada
OP000916,P0285,51,51,2025-12-18,Finalizada
OP000917,P0012,52,52,2026-01-26,Finalizada
OP000918,P0475,15,15,2024-07-01,Finalizada
OP000919,P0436,33,33,2025-04-03,Finalizada
OP000920,P0046,17,17,2025-02-26,Finalizada
OP000921,P0227,29,29,2025-09-01,Finalizada
OP000922,P0344,38,38,2024-10-10,Finalizada
OP000923,P0480,8,8,2025-10-15,Finalizada
OP000924,P0292,24,24,2025-03-11,Finalizada
OP000925,P0158,37,37,2026-04-08,Finalizada
OP000926,P0150,42,42,2024-09-20,Finalizada
OP000927,P0032,16,16,2025-05-26,Finalizada
OP000928,P0141,34,34,2026-01-29,Finalizada
OP000929,P0295,40,40,2025-05-21,Finalizada
OP000930,P0079,40,40,2025-05-16,Finalizada
OP000931,P0077,25,25,2026-04-09,Finalizada
OP000932,P0209,9,9,2024-11-19,Finalizada
OP000933,P0089,13,13,2024-03-20,Finalizada
OP000934,P0474,31,31,2025-11-30,Finalizada
OP000935,P0143,6,6,2025-08-04,Finalizada
OP000936,P0294,26,26,2024-07-11,Finalizada
OP000937,P0414,24,24,2025-03-17,Finalizada
OP000938,P0279,4,4,2026-01-09,Finalizada
OP000939,P0390,52,52,2025-12-02,Finalizada
OP000940,P0109,41,41,2024-10-18,Finalizada
OP000941,P0189,8,8,2024-11-11,Finalizada
OP000942,P0307,45,45,2025-11-07,Finalizada
OP000943,P0001,13,13,2025-04-14,Finalizada
OP000944,P0411,22,22,2026-02-16,Finalizada
OP000945,P0102,42,42,2024-11-22,Finalizada
OP000946,P0437,35,35,2025-03-17,Finalizada
OP000947,P0336,6,6,2026-04-29,Finalizada
OP000948,P0288,48,48,2024-11-25,Finalizada
OP000949,P0188,47,47,2025-05-14,Finalizada
OP000950,P0138,45,45,2025-01-23,Finalizada
OP000951,P0076,23,23,2026-02-06,Finalizada
OP000952,P0276,44,44,2024-09-24,Finalizada
OP000953,P0064,51,51,2025-05-09,Finalizada
OP000954,P0377,41,41,2026-04-14,Finalizada
OP000955,P0491,17,17,2025-10-20,Finalizada
OP000956,P0371,50,50,2026-04-17,Finalizada
OP000957,P0029,35,35,2025-11-18,Finalizada
OP000958,P0025,41,41,2025-09-30,Finalizada
OP000959,P0079,13,13,2025-01-09,Finalizada
OP000960,P0447,19,19,2025-10-14,Finalizada
OP000961,P0494,17,17,2025-06-23,Finalizada
OP000962,P0168,33,33,2025-09-01,Finalizada
OP000963,P0046,33,33,2026-03-19,Finalizada
OP000964,P0250,37,37,2025-03-30,Finalizada
OP000965,P0357,18,18,2025-10-17,Finalizada
OP000966,P0370,41,41,2024-01-30,Finalizada
OP000967,P0474,34,34,2025-05-14,Finalizada
OP000968,P0013,52,52,2024-08-22,Finalizada
OP000969,P0490,13,13,2026-03-14,Finalizada
OP000970,P0087,13,13,2024-04-29,Finalizada
OP000971,P0471,33,33,2025-12-08,Finalizada
OP000972,P0374,39,39,2026-03-31,Finalizada
OP000973,P0139,30,30,2025-10-08,Finalizada
OP000974,P0088,18,18,2025-01-21,Finalizada
OP000975,P0093,16,16,2024-06-03,Finalizada
OP000976,P0077,13,13,2025-04-29,Finalizada
OP000977,P0166,16,16,2026-02-24,Finalizada
OP000978,P0042,1,1,2025-03-12,Finalizada
OP000979,P0215,13,13,2025-09-09,Finalizada
OP000980,P0338,39,39,2025-09-19,Finalizada
OP000981,P0373,48,48,2024-11-22,Finalizada
OP000982,P0392,36,36,2026-04-23,Finalizada
OP000983,P0332,38,38,2025-04-08,Finalizada
OP000984,P0492,23,23,2025-07-23,Finalizada
OP000985,P0302,29,29,2026-03-04,Finalizada
OP000986,P0403,27,27,2024-07-19,Finalizada
OP000987,P0491,11,11,2026-01-20,Finalizada
OP000988,P0383,30,30,2026-05-05,Finalizada
OP000989,P0183,9,9,2026-05-16,Finalizada
OP000990,P0208,26,26,2024-03-04,Finalizada
OP000991,P0457,37,37,2025-11-28,Finalizada
OP000992,P0025,4,4,2025-03-25,Finalizada
OP000993,P0240,23,23,2025-07-11,Finalizada
OP000994,P0228,35,35,2024-05-24,Finalizada
OP000995,P0472,2,2,2025-11-13,Finalizada
OP000996,P0235,52,52,2026-01-22,Finalizada
OP000997,P0397,51,51,2024-02-01,Finalizada
OP000998,P0033,2,2,2025-07-04,Finalizada
OP000999,P0444,12,12,2025-07-07,Finalizada
OP001000,P0146,2,2,2025-01-21,Finalizada
OP001001,P0304,49,49,2025-11-07,Finalizada
OP001002,P0079,24,24,2024-12-31,Finalizada
OP001003,P0463,18,18,2026-04-10,Finalizada
OP001004,P0077,52,52,2025-09-29,Finalizada
OP001005,P0132,30,30,2025-12-19,Finalizada
OP001006,P0023,42,42,2024-01-29,Finalizada
OP001007,P0201,42,42,2025-12-18,Finalizada
OP001008,P0223,27,27,2025-10-09,Finalizada
OP001009,P0164,5,5,2025-11-10,Finalizada
OP001010,P0382,51,51,2025-12-01,Finalizada
OP001011,P0013,37,37,2026-02-10,Finalizada
OP001012,P0141,2,2,2024-01-29,Finalizada
OP001013,P0373,6,6,2026-05-05,Finalizada
OP001014,P0039,52,52,2025-03-04,Finalizada
OP001015,P0447,42,42,2024-07-29,Finalizada
OP001016,P0109,27,27,2024-01-02,Finalizada
OP001017,P0497,48,48,2025-05-01,Finalizada
OP001018,P0088,49,49,2025-08-10,Finalizada
OP001019,P0168,15,15,2025-05-06,Finalizada
OP001020,P0478,46,46,2025-09-03,Finalizada
OP001021,P0071,38,38,2026-01-09,Finalizada
OP001022,P0288,28,28,2025-07-14,Finalizada
OP001023,P0278,6,6,2026-03-24,Finalizada
OP001024,P0244,50,50,2026-02-08,Finalizada
OP001025,P0150,11,11,2024-02-27,Finalizada
OP001026,P0373,40,40,2026-05-15,Finalizada
OP001027,P0442,4,4,2026-02-05,Finalizada
OP001028,P0434,3,3,2026-04-10,Finalizada
OP001029,P0279,5,5,2025-04-19,Finalizada
OP001030,P0448,1,1,2024-04-01,Finalizada
OP001031,P0033,4,4,2025-10-22,Finalizada
OP001032,P0441,18,18,2024-03-04,Finalizada
OP001033,P0441,53,53,2026-03-04,Finalizada
OP001034,P0285,20,20,2025-02-26,Finalizada
OP001035,P0164,8,8,2026-03-11,Finalizada
OP001036,P0261,9,9,2024-01-09,Finalizada
OP001037,P0447,34,34,2025-01-18,Finalizada
OP001038,P0077,44,44,2024-12-06,Finalizada
OP001039,P0232,33,33,2026-03-25,Finalizada
OP001040,P0016,25,25,2025-11-18,Finalizada
OP001041,P0376,2,2,2026-05-02,Finalizada
OP001042,P0022,35,35,2025-12-18,Finalizada
OP001043,P0130,37,37,2025-01-13,Finalizada
OP001044,P0138,35,35,2024-05-06,Finalizada
OP001045,P0111,15,15,2025-09-24,Finalizada
OP001046,P0155,5,5,2024-05-03,Finalizada
OP001047,P0290,5,5,2026-04-24,Finalizada
OP001048,P0063,24,24,2026-04-13,Finalizada
OP001049,P0363,31,31,2025-06-27,Finalizada
OP001050,P0275,52,52,2025-05-12,Finalizada
OP001051,P0226,12,12,2025-09-29,Finalizada
OP001052,P0486,51,51,2024-01-24,Finalizada
OP001053,P0186,11,11,2026-02-20,Finalizada
OP001054,P0066,44,44,2026-05-11,Finalizada
OP001055,P0064,30,30,2026-02-19,Finalizada
OP001056,P0154,40,40,2024-06-12,Finalizada
OP001057,P0324,48,48,2024-04-25,Finalizada
OP001058,P0446,15,15,2026-01-05,Finalizada
OP001059,P0294,17,17,2025-10-09,Finalizada
OP001060,P0488,30,30,2024-10-22,Finalizada
OP001061,P0416,37,37,2024-05-28,Finalizada
OP001062,P0211,53,53,2025-08-12,Finalizada
OP001063,P0263,25,25,2026-04-13,Finalizada
OP001064,P0306,30,30,2026-03-30,Finalizada
OP001065,P0359,3,3,2025-07-15,Finalizada
OP001066,P0297,47,47,2024-09-20,Finalizada
OP001067,P0400,31,31,2025-04-01,Finalizada
OP001068,P0425,50,50,2024-03-27,Finalizada
OP001069,P0476,30,30,2025-02-12,Finalizada
OP001070,P0206,28,28,2026-04-26,Finalizada
OP001071,P0455,1,1,2026-04-22,Finalizada
OP001072,P0112,1,1,2024-11-13,Finalizada
OP001073,P0148,20,20,2024-08-17,Finalizada
OP001074,P0309,16,16,2024-04-22,Finalizada
OP001075,P0082,12,12,2025-06-16,Finalizada
OP001076,P0099,53,53,2024-03-08,Finalizada
OP001077,P0461,45,45,2025-10-20,Finalizada
OP001078,P0181,25,25,2025-08-18,Finalizada
OP001079,P0297,6,6,2026-03-04,Finalizada
OP001080,P0096,2,2,2025-04-07,Finalizada
OP001081,P0354,6,6,2026-04-03,Finalizada
OP001082,P0100,47,47,2025-12-23,Finalizada
OP001083,P0365,25,25,2025-11-28,Finalizada
OP001084,P0066,39,39,2024-10-16,Finalizada
OP001085,P0267,53,53,2024-02-04,Finalizada
OP001086,P0418,20,20,2025-08-31,Finalizada
OP001087,P0388,1,1,2026-02-17,Finalizada
OP001088,P0243,7,7,2025-01-07,Finalizada
OP001089,P0027,47,47,2026-03-23,Finalizada
OP001090,P0358,23,23,2026-05-08,Finalizada
OP001091,P0128,20,20,2026-02-12,Finalizada
OP001092,P0388,19,19,2025-09-05,Finalizada
OP001093,P0402,11,11,2026-04-30,Finalizada
OP001094,P0300,49,49,2025-05-02,Finalizada
OP001095,P0021,46,46,2025-07-31,Finalizada
OP001096,P0390,39,39,2026-04-10,Finalizada
OP001097,P0444,53,53,2025-05-15,Finalizada
OP001098,P0479,25,25,2025-01-20,Finalizada
OP001099,P0449,47,47,2024-02-14,Finalizada
OP001100,P0036,18,18,2025-03-25,Finalizada
OP001101,P0387,20,20,2024-07-12,Finalizada
OP001102,P0246,44,44,2025-12-31,Finalizada
OP001103,P0416,11,11,2024-02-19,Finalizada
OP001104,P0467,18,18,2025-05-28,Finalizada
OP001105,P0044,35,35,2024-12-25,Finalizada
OP001106,P0186,22,22,2025-09-03,Finalizada
OP001107,P0438,40,40,2026-04-07,Finalizada
OP001108,P0259,42,42,2025-10-02,Finalizada
OP001109,P0465,3,3,2025-10-08,Finalizada
OP001110,P0224,12,12,2024-06-21,Finalizada
OP001111,P0472,49,49,2026-03-11,Finalizada
OP001112,P0040,9,9,2025-09-24,Finalizada
OP001113,P0361,37,37,2026-01-12,Finalizada
OP001114,P0450,44,44,2025-09-16,Finalizada
OP001115,P0458,40,40,2026-01-22,Finalizada
OP001116,P0473,28,28,2024-07-12,Finalizada
OP001117,P0082,53,53,2025-01-02,Finalizada
OP001118,P0353,6,6,2026-04-28,Finalizada
OP001119,P0485,52,52,2024-06-10,Finalizada
OP001120,P0012,9,9,2026-01-28,Finalizada
OP001121,P0264,36,36,2024-09-17,Finalizada
OP001122,P0028,44,44,2025-01-06,Finalizada
OP001123,P0152,40,40,2024-04-14,Finalizada
OP001124,P0373,51,51,2026-05-22,Finalizada
OP001125,P0107,50,50,2024-04-15,Finalizada
OP001126,P0422,34,34,2025-09-23,Finalizada
OP001127,P0199,48,48,2025-05-12,Finalizada
OP001128,P0476,52,52,2024-05-09,Finalizada
OP001129,P0342,5,5,2025-08-07,Finalizada
OP001130,P0044,27,27,2026-01-03,Finalizada
OP001131,P0397,36,36,2025-05-27,Finalizada
OP001132,P0472,40,40,2025-01-21,Finalizada
OP001133,P0201,42,42,2024-01-29,Finalizada
OP001134,P0475,26,26,2025-04-10,Finalizada
OP001135,P0062,17,17,2026-02-02,Finalizada
OP001136,P0390,12,12,2024-07-04,Finalizada
OP001137,P0014,48,48,2024-10-06,Finalizada
OP001138,P0482,16,16,2025-04-16,Finalizada
OP001139,P0015,52,52,2025-04-13,Finalizada
OP001140,P0152,13,13,2026-03-08,Finalizada
OP001141,P0417,16,16,2024-05-17,Finalizada
OP001142,P0486,45,45,2024-07-29,Finalizada
OP001143,P0349,11,11,2024-12-02,Finalizada
OP001144,P0153,30,30,2025-07-08,Finalizada
OP001145,P0099,8,8,2026-02-19,Finalizada
OP001146,P0006,34,34,2026-03-26,Finalizada
OP001147,P0086,35,35,2025-09-19,Finalizada
OP001148,P0038,26,26,2025-12-10,Finalizada
OP001149,P0090,22,22,2024-04-16,Finalizada
OP001150,P0251,14,14,2024-04-25,Finalizada
OP001151,P0314,13,13,2024-02-22,Finalizada
OP001152,P0266,22,22,2025-04-07,Finalizada
OP001153,P0217,7,7,2026-02-19,Finalizada
OP001154,P0232,19,19,2025-05-05,Finalizada
OP001155,P0406,31,31,2024-07-24,Finalizada
OP001156,P0070,48,48,2025-10-01,Finalizada
OP001157,P0325,51,51,2025-01-28,Finalizada
OP001158,P0131,53,53,2025-10-29,Finalizada
OP001159,P0444,40,40,2026-05-05,Finalizada
OP001160,P0090,47,47,2024-01-09,Finalizada
OP001161,P0107,35,35,2024-07-24,Finalizada
OP001162,P0017,36,36,2025-05-07,Finalizada
OP001163,P0325,36,36,2024-01-15,Finalizada
OP001164,P0141,1,1,2025-02-04,Finalizada
OP001165,P0460,4,4,2025-05-08,Finalizada
OP001166,P0341,5,5,2025-07-23,Finalizada
OP001167,P0437,8,8,2024-10-11,Finalizada
OP001168,P0239,14,14,2024-08-28,Finalizada
OP001169,P0341,44,44,2025-07-18,Finalizada
OP001170,P0394,36,36,2024-05-30,Finalizada
OP001171,P0008,23,23,2024-10-11,Finalizada
OP001172,P0354,18,18,2026-02-27,Finalizada
OP001173,P0032,12,12,2026-03-06,Finalizada
OP001174,P0405,37,37,2025-01-30,Finalizada
OP001175,P0052,39,39,2024-11-20,Finalizada
OP001176,P0493,22,22,2026-03-31,Finalizada
OP001177,P0073,12,12,2025-03-12,Finalizada
OP001178,P0090,29,29,2025-02-18,Finalizada
OP001179,P0286,31,31,2024-04-09,Finalizada
OP001180,P0493,45,45,2026-01-24,Finalizada
OP001181,P0495,9,9,2025-02-24,Finalizada
OP001182,P0359,36,36,2024-05-16,Finalizada
OP001183,P0458,15,15,2024-02-12,Finalizada
OP001184,P0210,1,1,2024-04-30,Finalizada
OP001185,P0455,24,24,2025-04-04,Finalizada
OP001186,P0094,24,24,2024-09-16,Finalizada
OP001187,P0113,18,18,2024-08-30,Finalizada
OP001188,P0183,53,53,2024-10-15,Finalizada
OP001189,P0230,37,37,2025-10-17,Finalizada
OP001190,P0090,31,31,2025-09-28,Finalizada
OP001191,P0357,36,36,2025-09-05,Finalizada
OP001192,P0022,27,27,2024-02-13,Finalizada
OP001193,P0219,35,35,2026-01-06,Finalizada
OP001194,P0217,7,7,2024-05-08,Finalizada
OP001195,P0098,33,33,2026-05-15,Finalizada
OP001196,P0346,20,20,2025-01-03,Finalizada
OP001197,P0428,46,46,2025-10-07,Finalizada
OP001198,P0491,46,46,2025-01-11,Finalizada
OP001199,P0179,23,23,2026-02-03,Finalizada
OP001200,P0099,2,2,2026-05-01,Finalizada
OP001201,P0016,51,51,2024-01-18,Finalizada
OP001202,P0048,15,15,2024-04-05,Finalizada
OP001203,P0112,11,11,2024-12-13,Finalizada
OP001204,P0128,16,16,2024-11-08,Finalizada
OP001205,P0281,47,47,2025-11-18,Finalizada
OP001206,P0231,14,14,2024-10-07,Finalizada
OP001207,P0177,45,45,2025-06-02,Finalizada
OP001208,P0345,19,19,2026-05-10,Finalizada
OP001209,P0331,51,51,2024-04-05,Finalizada
OP001210,P0374,44,44,2024-08-24,Finalizada
OP001211,P0303,50,50,2024-12-19,Finalizada
OP001212,P0401,50,50,2025-03-07,Finalizada
OP001213,P0189,20,20,2026-04-02,Finalizada
OP001214,P0421,24,24,2025-03-14,Finalizada
OP001215,P0420,30,30,2026-03-26,Finalizada
OP001216,P0104,47,47,2024-07-08,Finalizada
OP001217,P0451,17,17,2025-09-23,Finalizada
OP001218,P0142,40,40,2025-02-05,Finalizada
OP001219,P0426,27,27,2025-02-19,Finalizada
OP001220,P0228,15,15,2025-03-20,Finalizada
OP001221,P0093,12,12,2024-06-07,Finalizada
OP001222,P0133,23,23,2025-05-06,Finalizada
OP001223,P0495,33,33,2024-11-05,Finalizada
OP001224,P0344,46,46,2025-03-20,Finalizada
OP001225,P0101,2,2,2025-12-02,Finalizada
OP001226,P0100,14,14,2025-11-07,Finalizada
OP001227,P0403,51,51,2026-05-22,Finalizada
OP001228,P0304,1,1,2025-11-19,Finalizada
OP001229,P0184,26,26,2024-07-09,Finalizada
OP001230,P0444,44,44,2025-04-09,Finalizada
OP001231,P0490,30,30,2024-02-08,Finalizada
OP001232,P0373,28,28,2026-01-13,Finalizada
OP001233,P0488,5,5,2024-07-17,Finalizada
OP001234,P0473,18,18,2025-06-24,Finalizada
OP001235,P0008,30,30,2025-02-25,Finalizada
OP001236,P0349,44,44,2025-07-11,Finalizada
OP001237,P0093,3,3,2024-04-28,Finalizada
OP001238,P0355,39,39,2026-03-26,Finalizada
OP001239,P0374,24,24,2024-03-14,Finalizada
OP001240,P0490,48,48,2026-05-05,Finalizada
OP001241,P0220,18,18,2024-09-18,Finalizada
OP001242,P0392,25,25,2024-08-27,Finalizada
OP001243,P0412,20,20,2024-11-11,Finalizada
OP001244,P0022,31,31,2025-04-19,Finalizada
OP001245,P0154,27,27,2025-09-30,Finalizada
OP001246,P0456,44,44,2025-05-06,Finalizada
OP001247,P0393,5,5,2025-01-31,Finalizada
OP001248,P0301,22,22,2024-01-22,Finalizada
OP001249,P0481,7,7,2025-10-21,Finalizada
OP001250,P0361,33,33,2024-11-13,Finalizada
OP001251,P0068,40,40,2025-05-29,Finalizada
OP001252,P0402,38,38,2025-02-14,Finalizada
OP001253,P0099,25,25,2025-05-05,Finalizada
OP001254,P0071,26,26,2024-06-12,Finalizada
OP001255,P0010,34,34,2024-01-30,Finalizada
OP001256,P0054,13,13,2025-12-05,Finalizada
OP001257,P0401,9,9,2025-08-15,Finalizada
OP001258,P0411,34,34,2025-06-02,Finalizada
OP001259,P0247,50,50,2026-05-19,Finalizada
OP001260,P0178,25,25,2024-01-30,Finalizada
OP001261,P0093,44,44,2024-08-06,Finalizada
OP001262,P0166,4,4,2025-04-27,Finalizada
OP001263,P0385,14,14,2024-11-10,Finalizada
OP001264,P0365,16,16,2025-01-21,Finalizada
OP001265,P0463,29,29,2026-03-06,Finalizada
OP001266,P0108,39,39,2024-04-15,Finalizada
OP001267,P0363,28,28,2026-03-26,Finalizada
OP001268,P0349,4,4,2026-02-08,Finalizada
OP001269,P0304,22,22,2026-04-02,Finalizada
OP001270,P0489,8,8,2024-05-03,Finalizada
OP001271,P0203,31,31,2025-12-22,Finalizada
OP001272,P0063,41,41,2024-01-14,Finalizada
OP001273,P0329,33,33,2024-09-19,Finalizada
OP001274,P0338,42,42,2024-06-24,Finalizada
OP001275,P0476,19,19,2025-05-06,Finalizada
OP001276,P0200,20,20,2026-01-27,Finalizada
OP001277,P0160,26,26,2025-09-18,Finalizada
OP001278,P0260,34,34,2026-03-20,Finalizada
OP001279,P0156,48,48,2024-11-11,Finalizada
OP001280,P0158,14,14,2026-01-09,Finalizada
OP001281,P0359,19,19,2025-11-14,Finalizada
OP001282,P0189,2,2,2025-04-11,Finalizada
OP001283,P0378,19,19,2024-02-23,Finalizada
OP001284,P0108,27,27,2025-11-28,Finalizada
OP001285,P0305,26,26,2026-04-20,Finalizada
OP001286,P0005,2,2,2025-11-24,Finalizada
OP001287,P0145,13,13,2024-11-23,Finalizada
OP001288,P0100,9,9,2025-07-02,Finalizada
OP001289,P0285,33,33,2025-04-23,Finalizada
OP001290,P0416,42,42,2025-09-16,Finalizada
OP001291,P0379,44,44,2025-03-20,Finalizada
OP001292,P0154,11,11,2026-04-03,Finalizada
OP001293,P0028,9,9,2025-04-29,Finalizada
OP001294,P0295,26,26,2026-02-04,Finalizada
OP001295,P0153,44,44,2025-06-12,Finalizada
OP001296,P0429,41,41,2026-03-06,Finalizada
OP001297,P0335,47,47,2024-07-30,Finalizada
OP001298,P0148,40,40,2026-05-08,Finalizada
OP001299,P0278,46,46,2024-04-08,Finalizada
OP001300,P0435,1,1,2025-03-19,Finalizada
OP001301,P0368,42,42,2025-12-16,Finalizada
OP001302,P0424,37,37,2025-03-11,Finalizada
OP001303,P0439,20,20,2026-05-13,Finalizada
OP001304,P0075,2,2,2024-05-27,Finalizada
OP001305,P0294,44,44,2025-05-02,Finalizada
OP001306,P0109,3,3,2026-03-18,Finalizada
OP001307,P0292,49,49,2025-05-15,Finalizada
OP001308,P0139,1,1,2025-01-07,Finalizada
OP001309,P0447,51,51,2025-05-23,Finalizada
OP001310,P0423,41,41,2026-01-16,Finalizada
OP001311,P0273,12,12,2024-05-03,Finalizada
OP001312,P0155,22,22,2024-10-14,Finalizada
OP001313,P0149,53,53,2024-01-03,Finalizada
OP001314,P0491,23,23,2024-05-23,Finalizada
OP001315,P0253,37,37,2024-09-02,Finalizada
OP001316,P0355,47,47,2025-02-17,Finalizada
OP001317,P0468,15,15,2025-11-14,Finalizada
OP001318,P0067,50,50,2025-11-21,Finalizada
OP001319,P0430,5,5,2024-05-22,Finalizada
OP001320,P0159,46,46,2026-03-25,Finalizada
OP001321,P0314,50,50,2025-03-14,Finalizada
OP001322,P0248,53,53,2025-12-30,Finalizada
OP001323,P0400,35,35,2024-03-19,Finalizada
OP001324,P0167,40,40,2026-01-08,Finalizada
OP001325,P0182,7,7,2025-01-24,Finalizada
OP001326,P0176,29,29,2025-11-27,Finalizada
OP001327,P0229,20,20,2026-05-11,Finalizada
OP001328,P0488,48,48,2024-11-27,Finalizada
OP001329,P0369,24,24,2024-09-23,Finalizada
OP001330,P0301,3,3,2026-02-12,Finalizada
OP001331,P0483,26,26,2026-01-18,Finalizada
OP001332,P0171,16,16,2025-05-08,Finalizada
OP001333,P0018,17,17,2024-03-13,Finalizada
OP001334,P0047,40,40,2024-10-01,Finalizada
OP001335,P0091,28,28,2024-05-07,Finalizada
OP001336,P0446,45,45,2025-05-14,Finalizada
OP001337,P0167,36,36,2025-01-24,Finalizada
OP001338,P0213,40,40,2025-04-24,Finalizada
OP001339,P0151,38,38,2025-06-06,Finalizada
OP001340,P0272,20,20,2026-03-10,Finalizada
OP001341,P0094,6,6,2024-12-29,Finalizada
OP001342,P0490,11,11,2025-05-29,Finalizada
OP001343,P0481,51,51,2025-02-03,Finalizada
OP001344,P0300,48,48,2025-07-08,Finalizada
OP001345,P0061,16,16,2024-08-14,Finalizada
OP001346,P0316,34,34,2024-11-15,Finalizada
OP001347,P0383,30,30,2024-11-11,Finalizada
OP001348,P0156,18,18,2024-08-20,Finalizada
OP001349,P0046,46,46,2024-05-17,Finalizada
OP001350,P0044,34,34,2025-10-22,Finalizada
OP001351,P0334,7,7,2025-08-07,Finalizada
OP001352,P0070,33,33,2026-01-09,Finalizada
OP001353,P0195,18,18,2024-03-19,Finalizada
OP001354,P0234,41,41,2026-05-18,Finalizada
OP001355,P0089,22,22,2026-02-06,Finalizada
OP001356,P0445,15,15,2024-12-19,Finalizada
OP001357,P0046,22,22,2026-01-06,Finalizada
OP001358,P0174,7,7,2026-04-28,Finalizada
OP001359,P0359,12,12,2025-05-13,Finalizada
OP001360,P0199,38,38,2025-06-05,Finalizada
OP001361,P0174,33,33,2025-02-26,Finalizada
OP001362,P0008,48,48,2026-01-03,Finalizada
OP001363,P0001,23,23,2026-01-05,Finalizada
OP001364,P0168,52,52,2025-04-02,Finalizada
OP001365,P0274,29,29,2024-07-31,Finalizada
OP001366,P0380,11,11,2025-04-22,Finalizada
OP001367,P0443,11,11,2025-02-10,Finalizada
OP001368,P0499,48,48,2025-02-01,Finalizada
OP001369,P0194,8,8,2025-04-18,Finalizada
OP001370,P0474,45,45,2026-05-11,Finalizada
OP001371,P0410,15,15,2026-03-27,Finalizada
OP001372,P0413,16,16,2025-06-09,Finalizada
OP001373,P0142,51,51,2025-06-09,Finalizada
OP001374,P0104,22,22,2024-01-05,Finalizada
OP001375,P0021,50,50,2024-07-28,Finalizada
OP001376,P0480,33,33,2024-02-22,Finalizada
OP001377,P0273,18,18,2025-10-01,Finalizada
OP001378,P0272,36,36,2025-04-24,Finalizada
OP001379,P0216,49,49,2026-03-11,Finalizada
OP001380,P0193,49,49,2024-03-12,Finalizada
OP001381,P0325,23,23,2025-12-23,Finalizada
OP001382,P0248,5,5,2026-04-07,Finalizada
OP001383,P0174,24,24,2024-05-08,Finalizada
OP001384,P0134,3,3,2024-05-17,Finalizada
OP001385,P0241,41,41,2026-03-01,Finalizada
OP001386,P0423,36,36,2025-06-06,Finalizada
OP001387,P0193,39,39,2024-06-19,Finalizada
OP001388,P0059,52,52,2025-04-08,Finalizada
OP001389,P0228,41,41,2024-09-11,Finalizada
OP001390,P0289,47,47,2026-03-18,Finalizada
OP001391,P0453,14,14,2024-03-19,Finalizada
OP001392,P0197,7,7,2024-04-03,Finalizada
OP001393,P0324,27,27,2024-11-15,Finalizada
OP001394,P0299,44,44,2026-03-18,Finalizada
OP001395,P0187,13,13,2025-04-28,Finalizada
OP001396,P0014,22,22,2024-11-29,Finalizada
OP001397,P0392,31,31,2026-01-12,Finalizada
OP001398,P0051,38,38,2025-07-31,Finalizada
OP001399,P0382,13,13,2024-06-19,Finalizada
OP001400,P0406,23,23,2025-05-05,Finalizada
OP001401,P0248,8,8,2024-12-18,Finalizada
OP001402,P0070,53,53,2024-09-12,Finalizada
OP001403,P0454,19,19,2024-10-01,Finalizada
OP001404,P0275,41,41,2026-03-19,Finalizada
OP001405,P0338,36,36,2026-02-08,Finalizada
OP001406,P0351,41,41,2024-02-24,Finalizada
OP001407,P0205,18,18,2024-10-03,Finalizada
OP001408,P0052,14,14,2024-10-24,Finalizada
OP001409,P0106,19,19,2024-11-26,Finalizada
OP001410,P0340,35,35,2024-10-30,Finalizada
OP001411,P0043,35,35,2026-02-25,Finalizada
OP001412,P0425,9,9,2025-11-28,Finalizada
OP001413,P0278,48,48,2025-08-11,Finalizada
OP001414,P0250,29,29,2024-07-26,Finalizada
OP001415,P0362,20,20,2024-10-14,Finalizada
OP001416,P0011,20,20,2024-07-08,Finalizada
OP001417,P0459,38,38,2026-01-23,Finalizada
OP001418,P0365,50,50,2024-03-19,Finalizada
OP001419,P0030,38,38,2024-01-17,Finalizada
OP001420,P0430,23,23,2026-05-11,Finalizada
OP001421,P0335,50,50,2025-02-18,Finalizada
OP001422,P0446,41,41,2026-04-13,Finalizada
OP001423,P0124,40,40,2025-04-23,Finalizada
OP001424,P0180,12,12,2024-04-17,Finalizada
OP001425,P0028,28,28,2026-02-24,Finalizada
OP001426,P0064,28,28,2025-12-12,Finalizada
OP001427,P0436,13,13,2024-05-16,Finalizada
OP001428,P0204,27,27,2025-06-18,Finalizada
OP001429,P0130,11,11,2026-03-23,Finalizada
OP001430,P0496,40,40,2025-12-27,Finalizada
OP001431,P0374,46,46,2024-11-20,Finalizada
OP001432,P0425,6,6,2025-05-12,Finalizada
OP001433,P0296,18,18,2025-11-14,Finalizada
OP001434,P0045,50,50,2025-04-17,Finalizada
OP001435,P0425,18,18,2025-05-23,Finalizada
OP001436,P0032,2,2,2026-02-27,Finalizada
OP001437,P0065,26,26,2026-04-24,Finalizada
OP001438,P0137,14,14,2024-08-30,Finalizada
OP001439,P0491,39,39,2025-08-26,Finalizada
OP001440,P0110,22,22,2026-05-01,Finalizada
OP001441,P0113,8,8,2024-06-06,Finalizada
OP001442,P0271,16,16,2025-07-02,Finalizada
OP001443,P0038,35,35,2025-01-06,Finalizada
OP001444,P0482,50,50,2026-05-20,Finalizada
OP001445,P0334,8,8,2024-11-09,Finalizada
OP001446,P0204,35,35,2025-12-23,Finalizada
OP001447,P0352,1,1,2024-02-06,Finalizada
OP001448,P0019,26,26,2024-12-10,Finalizada
OP001449,P0373,15,15,2026-03-11,Finalizada
OP001450,P0323,37,37,2025-11-27,Finalizada
OP001451,P0141,53,53,2024-12-31,Finalizada
OP001452,P0190,52,52,2025-04-23,Finalizada
OP001453,P0383,6,6,2026-01-30,Finalizada
OP001454,P0480,53,53,2025-06-04,Finalizada
OP001455,P0406,36,36,2025-12-15,Finalizada
OP001456,P0264,3,3,2025-11-13,Finalizada
OP001457,P0111,23,23,2024-06-24,Finalizada
OP001458,P0283,42,42,2025-10-10,Finalizada
OP001459,P0045,15,15,2025-01-03,Finalizada
OP001460,P0447,53,53,2024-11-13,Finalizada
OP001461,P0026,26,26,2026-05-13,Finalizada
OP001462,P0256,20,20,2025-04-03,Finalizada
OP001463,P0064,48,48,2025-09-14,Finalizada
OP001464,P0061,7,7,2024-04-10,Finalizada
OP001465,P0497,19,19,2025-04-02,Finalizada
OP001466,P0049,9,9,2026-04-23,Finalizada
OP001467,P0490,50,50,2026-05-01,Finalizada
OP001468,P0054,24,24,2026-05-15,Finalizada
OP001469,P0196,24,24,2026-05-07,Finalizada
OP001470,P0117,17,17,2024-05-08,Finalizada
OP001471,P0158,28,28,2024-12-13,Finalizada
OP001472,P0380,8,8,2025-10-30,Finalizada
OP001473,P0192,53,53,2025-11-14,Finalizada
OP001474,P0302,19,19,2025-12-02,Finalizada
OP001475,P0096,8,8,2024-12-09,Finalizada
OP001476,P0218,19,19,2024-12-09,Finalizada
OP001477,P0097,27,27,2025-08-07,Finalizada
OP001478,P0375,51,51,2026-04-01,Finalizada
OP001479,P0305,34,34,2025-12-15,Finalizada
OP001480,P0047,16,16,2024-10-04,Finalizada
OP001481,P0045,33,33,2026-03-28,Finalizada
OP001482,P0106,38,38,2025-10-16,Finalizada
OP001483,P0478,46,46,2024-04-23,Finalizada
OP001484,P0175,28,28,2025-12-03,Finalizada
OP001485,P0267,15,15,2024-10-15,Finalizada
OP001486,P0210,5,5,2026-01-28,Finalizada
OP001487,P0437,13,13,2026-04-06,Finalizada
OP001488,P0089,46,46,2025-04-10,Finalizada
OP001489,P0173,22,22,2026-02-25,Finalizada
OP001490,P0366,38,38,2025-06-19,Finalizada
OP001491,P0194,50,50,2025-03-12,Finalizada
OP001492,P0287,4,4,2024-03-11,Finalizada
OP001493,P0138,48,48,2024-09-05,Finalizada
OP001494,P0031,42,42,2024-05-20,Finalizada
OP001495,P0014,18,18,2024-01-30,Finalizada
OP001496,P0378,38,38,2024-11-27,Finalizada
OP001497,P0058,26,26,2024-11-14,Finalizada
OP001498,P0442,39,39,2025-10-09,Finalizada
OP001499,P0249,7,7,2025-11-12,Finalizada
OP001500,P0135,40,40,2026-01-02,Finalizada
OP001501,P0456,2,2,2025-12-09,Finalizada
OP001502,P0405,37,37,2024-01-10,Finalizada
OP001503,P0102,35,35,2025-11-05,Finalizada
OP001504,P0242,47,47,2026-04-14,Finalizada
OP001505,P0009,42,42,2025-10-06,Finalizada
OP001506,P0256,30,30,2025-01-31,Finalizada
OP001507,P0497,7,7,2025-11-14,Finalizada
OP001508,P0098,31,31,2026-05-14,Finalizada
OP001509,P0376,13,13,2026-04-02,Finalizada
OP001510,P0288,44,44,2024-05-24,Finalizada
OP001511,P0027,16,16,2024-06-29,Finalizada
OP001512,P0240,33,33,2026-04-03,Finalizada
OP001513,P0121,15,15,2024-10-05,Finalizada
OP001514,P0111,48,48,2025-02-15,Finalizada
OP001515,P0463,40,40,2026-05-21,Finalizada
OP001516,P0474,2,2,2026-02-02,Finalizada
OP001517,P0131,11,11,2026-02-26,Finalizada
OP001518,P0402,37,37,2026-01-22,Finalizada
OP001519,P0057,36,36,2024-09-19,Finalizada
OP001520,P0094,24,24,2025-04-06,Finalizada
OP001521,P0357,33,33,2025-07-04,Finalizada
OP001522,P0038,9,9,2026-04-29,Finalizada
OP001523,P0031,40,40,2024-12-19,Finalizada
OP001524,P0165,11,11,2025-04-17,Finalizada
OP001525,P0404,31,31,2024-08-15,Finalizada
OP001526,P0349,37,37,2025-06-24,Finalizada
OP001527,P0237,16,16,2026-04-15,Finalizada
OP001528,P0153,27,27,2024-05-24,Finalizada
OP001529,P0406,50,50,2024-03-01,Finalizada
OP001530,P0043,51,51,2025-02-26,Finalizada
OP001531,P0018,34,34,2024-03-19,Finalizada
OP001532,P0274,35,35,2025-04-15,Finalizada
OP001533,P0287,34,34,2025-07-09,Finalizada
OP001534,P0389,36,36,2025-10-21,Finalizada
OP001535,P0281,51,51,2024-11-19,Finalizada
OP001536,P0362,6,6,2024-01-05,Finalizada
OP001537,P0087,42,42,2026-01-18,Finalizada
OP001538,P0240,11,11,2025-05-22,Finalizada
OP001539,P0212,3,3,2025-06-23,Finalizada
OP001540,P0251,37,37,2026-03-31,Finalizada
OP001541,P0370,48,48,2025-12-22,Finalizada
OP001542,P0304,8,8,2024-11-25,Finalizada
OP001543,P0389,3,3,2026-03-05,Finalizada
OP001544,P0151,51,51,2024-12-31,Finalizada
OP001545,P0441,30,30,2025-11-19,Finalizada
OP001546,P0001,47,47,2024-03-27,Finalizada
OP001547,P0306,15,15,2026-03-20,Finalizada
OP001548,P0347,31,31,2024-06-04,Finalizada
OP001549,P0049,13,13,2026-03-23,Finalizada
OP001550,P0442,8,8,2026-01-06,Finalizada
OP001551,P0477,20,20,2025-10-09,Finalizada
OP001552,P0271,30,30,2025-01-14,Finalizada
OP001553,P0218,48,48,2025-03-19,Finalizada
OP001554,P0052,19,19,2024-01-30,Finalizada
OP001555,P0382,47,47,2025-11-11,Finalizada
OP001556,P0353,3,3,2025-12-26,Finalizada
OP001557,P0435,8,8,2025-08-28,Finalizada
OP001558,P0381,53,53,2024-12-25,Finalizada
OP001559,P0276,23,23,2024-03-18,Finalizada
OP001560,P0337,46,46,2025-06-12,Finalizada
OP001561,P0260,1,1,2026-05-11,Finalizada
OP001562,P0440,31,31,2024-08-13,Finalizada
OP001563,P0132,34,34,2025-09-23,Finalizada
OP001564,P0438,25,25,2026-05-22,Finalizada
OP001565,P0120,45,45,2026-04-12,Finalizada
OP001566,P0075,1,1,2025-09-24,Finalizada
OP001567,P0225,40,40,2025-04-02,Finalizada
OP001568,P0016,37,37,2025-02-14,Finalizada
OP001569,P0289,34,34,2024-09-19,Finalizada
OP001570,P0498,15,15,2026-05-21,Finalizada
OP001571,P0182,37,37,2026-01-29,Finalizada
OP001572,P0445,51,51,2025-03-11,Finalizada
OP001573,P0371,13,13,2025-11-16,Finalizada
OP001574,P0344,39,39,2024-08-05,Finalizada
OP001575,P0486,6,6,2025-01-08,Finalizada
OP001576,P0030,30,30,2025-03-22,Finalizada
OP001577,P0367,38,38,2026-05-01,Finalizada
OP001578,P0366,11,11,2024-06-10,Finalizada
OP001579,P0018,6,6,2024-09-25,Finalizada
OP001580,P0008,12,12,2024-06-18,Finalizada
OP001581,P0449,6,6,2025-03-05,Finalizada
OP001582,P0074,3,3,2025-06-10,Finalizada
OP001583,P0196,8,8,2024-08-10,Finalizada
OP001584,P0103,39,39,2025-11-17,Finalizada
OP001585,P0197,13,13,2025-11-14,Finalizada
OP001586,P0277,20,20,2025-07-07,Finalizada
OP001587,P0185,14,14,2024-08-13,Finalizada
OP001588,P0492,15,15,2024-04-10,Finalizada
OP001589,P0212,5,5,2025-11-17,Finalizada
OP001590,P0112,16,16,2024-07-10,Finalizada
OP001591,P0401,15,15,2024-06-21,Finalizada
OP001592,P0109,19,19,2025-10-24,Finalizada
OP001593,P0398,14,14,2026-03-25,Finalizada
OP001594,P0387,39,39,2025-10-28,Finalizada
OP001595,P0335,36,36,2025-03-27,Finalizada
OP001596,P0084,37,37,2024-07-12,Finalizada
OP001597,P0139,1,1,2024-06-09,Finalizada
OP001598,P0268,50,50,2025-02-25,Finalizada
OP001599,P0366,14,14,2026-03-19,Finalizada
OP001600,P0242,13,13,2025-02-03,Finalizada
OP001601,P0377,30,30,2025-04-28,Finalizada
OP001602,P0462,9,9,2025-09-09,Finalizada
OP001603,P0170,1,1,2025-05-09,Finalizada
OP001604,P0396,28,28,2025-03-14,Finalizada
OP001605,P0076,53,53,2024-01-19,Finalizada
OP001606,P0350,41,41,2026-04-27,Finalizada
OP001607,P0029,9,9,2026-02-13,Finalizada
OP001608,P0496,23,23,2025-11-17,Finalizada
OP001609,P0149,31,31,2025-05-05,Finalizada
OP001610,P0206,15,15,2025-06-25,Finalizada
OP001611,P0393,12,12,2026-02-16,Finalizada
OP001612,P0118,49,49,2025-09-30,Finalizada
OP001613,P0113,35,35,2025-10-17,Finalizada
OP001614,P0486,2,2,2026-02-06,Finalizada
OP001615,P0083,7,7,2025-07-09,Finalizada
OP001616,P0366,52,52,2025-06-24,Finalizada
OP001617,P0055,45,45,2025-03-11,Finalizada
OP001618,P0093,46,46,2025-07-26,Finalizada
OP001619,P0456,51,51,2024-03-21,Finalizada
OP001620,P0186,35,35,2025-05-06,Finalizada
OP001621,P0055,16,16,2024-11-11,Finalizada
OP001622,P0110,25,25,2024-12-21,Finalizada
OP001623,P0494,50,50,2026-02-03,Finalizada
OP001624,P0065,41,41,2025-11-07,Finalizada
OP001625,P0479,49,49,2025-06-05,Finalizada
OP001626,P0382,4,4,2024-06-28,Finalizada
OP001627,P0154,34,34,2025-04-04,Finalizada
OP001628,P0456,20,20,2025-05-07,Finalizada
OP001629,P0470,18,18,2024-04-09,Finalizada
OP001630,P0210,51,51,2025-04-03,Finalizada
OP001631,P0062,11,11,2025-06-30,Finalizada
OP001632,P0023,38,38,2025-11-13,Finalizada
OP001633,P0464,50,50,2026-05-21,Finalizada
OP001634,P0206,29,29,2024-05-30,Finalizada
OP001635,P0490,25,25,2025-09-26,Finalizada
OP001636,P0122,6,6,2024-05-02,Finalizada
OP001637,P0448,1,1,2026-03-19,Finalizada
OP001638,P0496,18,18,2025-02-28,Finalizada
OP001639,P0496,16,16,2025-10-29,Finalizada
OP001640,P0148,1,1,2025-02-27,Finalizada
OP001641,P0277,13,13,2025-06-06,Finalizada
OP001642,P0131,47,47,2025-08-27,Finalizada
OP001643,P0238,5,5,2025-12-11,Finalizada
OP001644,P0216,25,25,2025-09-22,Finalizada
OP001645,P0331,38,38,2024-03-04,Finalizada
OP001646,P0468,8,8,2024-11-14,Finalizada
OP001647,P0397,29,29,2025-02-03,Finalizada
OP001648,P0324,46,46,2026-01-27,Finalizada
OP001649,P0330,18,18,2026-01-21,Finalizada
OP001650,P0123,52,52,2025-05-17,Finalizada
OP001651,P0364,24,24,2026-02-26,Finalizada
OP001652,P0499,14,14,2024-05-02,Finalizada
OP001653,P0235,39,39,2024-07-15,Finalizada
OP001654,P0428,42,42,2025-07-26,Finalizada
OP001655,P0143,50,50,2024-12-09,Finalizada
OP001656,P0251,14,14,2024-04-22,Finalizada
OP001657,P0447,47,47,2024-12-02,Finalizada
OP001658,P0173,42,42,2024-07-11,Finalizada
OP001659,P0253,1,1,2026-01-07,Finalizada
OP001660,P0105,16,16,2024-11-06,Finalizada
OP001661,P0310,45,45,2024-06-04,Finalizada
OP001662,P0271,45,45,2024-10-17,Finalizada
OP001663,P0381,5,5,2025-03-10,Finalizada
OP001664,P0377,50,50,2026-04-24,Finalizada
OP001665,P0350,26,26,2026-04-27,Finalizada
OP001666,P0232,47,47,2024-02-21,Finalizada
OP001667,P0108,44,44,2026-04-03,Finalizada
OP001668,P0125,44,44,2026-05-12,Finalizada
OP001669,P0345,37,37,2025-04-19,Finalizada
OP001670,P0040,35,35,2024-12-02,Finalizada
OP001671,P0273,26,26,2025-07-18,Finalizada
OP001672,P0112,26,26,2025-01-29,Finalizada
OP001673,P0176,49,49,2026-02-17,Finalizada
OP001674,P0327,40,40,2025-08-13,Finalizada
OP001675,P0058,51,51,2024-03-05,Finalizada
OP001676,P0321,12,12,2024-05-20,Finalizada
OP001677,P0027,4,4,2024-07-18,Finalizada
OP001678,P0232,2,2,2024-08-23,Finalizada
OP001679,P0342,33,33,2025-09-05,Finalizada
OP001680,P0060,36,36,2026-02-26,Finalizada
OP001681,P0346,50,50,2026-02-13,Finalizada
OP001682,P0479,35,35,2025-01-30,Finalizada
OP001683,P0292,48,48,2025-03-13,Finalizada
OP001684,P0395,35,35,2025-04-10,Finalizada
OP001685,P0435,42,42,2025-12-24,Finalizada
OP001686,P0225,52,52,2026-03-06,Finalizada
OP001687,P0031,9,9,2025-03-26,Finalizada
OP001688,P0385,49,49,2025-04-17,Finalizada
OP001689,P0072,50,50,2025-03-12,Finalizada
OP001690,P0228,24,24,2025-04-09,Finalizada
OP001691,P0352,34,34,2025-12-01,Finalizada
OP001692,P0056,39,39,2025-05-23,Finalizada
OP001693,P0067,47,47,2025-02-12,Finalizada
OP001694,P0084,3,3,2025-05-02,Finalizada
OP001695,P0203,3,3,2025-06-06,Finalizada
OP001696,P0148,4,4,2025-10-10,Finalizada
OP001697,P0357,8,8,2024-11-13,Finalizada
OP001698,P0198,22,22,2024-12-18,Finalizada
OP001699,P0298,49,49,2025-06-23,Finalizada
OP001700,P0314,46,46,2026-03-30,Finalizada
OP001701,P0320,11,11,2025-12-22,Finalizada
OP001702,P0082,12,12,2025-03-24,Finalizada
OP001703,P0169,35,35,2025-03-20,Finalizada
OP001704,P0247,19,19,2025-10-14,Finalizada
OP001705,P0314,22,22,2024-04-09,Finalizada
OP001706,P0056,9,9,2025-06-18,Finalizada
OP001707,P0030,16,16,2025-11-29,Finalizada
OP001708,P0011,44,44,2024-01-03,Finalizada
OP001709,P0031,22,22,2025-01-17,Finalizada
OP001710,P0214,36,36,2025-02-03,Finalizada
OP001711,P0126,26,26,2025-07-25,Finalizada
OP001712,P0283,3,3,2025-10-24,Finalizada
OP001713,P0146,42,42,2026-02-26,Finalizada
OP001714,P0188,27,27,2026-03-02,Finalizada
OP001715,P0211,22,22,2024-01-15,Finalizada
OP001716,P0176,35,35,2024-07-08,Finalizada
OP001717,P0356,31,31,2025-07-28,Finalizada
OP001718,P0356,53,53,2024-04-26,Finalizada
OP001719,P0153,33,33,2025-12-26,Finalizada
OP001720,P0452,11,11,2025-01-18,Finalizada
OP001721,P0259,33,33,2025-11-10,Finalizada
OP001722,P0163,29,29,2024-11-14,Finalizada
OP001723,P0299,6,6,2026-01-02,Finalizada
OP001724,P0273,35,35,2024-11-11,Finalizada
OP001725,P0454,19,19,2026-05-06,Finalizada
OP001726,P0150,22,22,2026-04-05,Finalizada
OP001727,P0203,16,16,2026-03-03,Finalizada
OP001728,P0402,38,38,2024-10-23,Finalizada
OP001729,P0447,46,46,2026-01-04,Finalizada
OP001730,P0050,24,24,2024-01-18,Finalizada
OP001731,P0453,41,41,2024-01-22,Finalizada
OP001732,P0451,34,34,2025-03-19,Finalizada
OP001733,P0171,22,22,2025-07-21,Finalizada
OP001734,P0357,38,38,2024-12-10,Finalizada
OP001735,P0465,27,27,2025-03-22,Finalizada
OP001736,P0057,53,53,2026-02-10,Finalizada
OP001737,P0229,51,51,2026-01-07,Finalizada
OP001738,P0281,14,14,2024-03-01,Finalizada
OP001739,P0123,42,42,2025-02-06,Finalizada
OP001740,P0412,46,46,2024-09-05,Finalizada
OP001741,P0328,9,9,2025-02-24,Finalizada
OP001742,P0191,52,52,2025-08-21,Finalizada
OP001743,P0029,46,46,2025-11-17,Finalizada
OP001744,P0099,14,14,2025-12-29,Finalizada
OP001745,P0317,3,3,2026-03-16,Finalizada
OP001746,P0481,35,35,2024-07-12,Finalizada
OP001747,P0239,29,29,2025-01-24,Finalizada
OP001748,P0363,17,17,2026-01-20,Finalizada
OP001749,P0162,52,52,2026-01-09,Finalizada
OP001750,P0031,52,52,2024-03-24,Finalizada
OP001751,P0274,8,8,2025-02-24,Finalizada
OP001752,P0211,29,29,2024-07-21,Finalizada
OP001753,P0307,37,37,2025-11-19,Finalizada
OP001754,P0226,9,9,2026-02-19,Finalizada
OP001755,P0029,19,19,2025-09-11,Finalizada
OP001756,P0436,5,5,2024-04-29,Finalizada
OP001757,P0106,34,34,2024-04-09,Finalizada
OP001758,P0068,15,15,2024-04-09,Finalizada
OP001759,P0310,8,8,2025-04-28,Finalizada
OP001760,P0403,31,31,2025-02-17,Finalizada
OP001761,P0352,42,42,2025-04-23,Finalizada
OP001762,P0484,31,31,2025-04-24,Finalizada
OP001763,P0061,14,14,2026-01-30,Finalizada
OP001764,P0317,8,8,2025-04-03,Finalizada
OP001765,P0265,44,44,2025-06-25,Finalizada
OP001766,P0301,40,40,2025-08-12,Finalizada
OP001767,P0017,7,7,2025-01-05,Finalizada
OP001768,P0150,27,27,2026-04-20,Finalizada
OP001769,P0360,5,5,2025-07-11,Finalizada
OP001770,P0093,36,36,2025-05-09,Finalizada
OP001771,P0440,29,29,2024-03-19,Finalizada
OP001772,P0414,38,38,2024-06-18,Finalizada
OP001773,P0125,44,44,2025-01-02,Finalizada
OP001774,P0410,30,30,2024-01-09,Finalizada
OP001775,P0004,27,27,2026-04-13,Finalizada
OP001776,P0107,47,47,2024-12-02,Finalizada
OP001777,P0470,6,6,2026-03-10,Finalizada
OP001778,P0208,12,12,2024-04-22,Finalizada
OP001779,P0051,13,13,2025-07-31,Finalizada
OP001780,P0094,38,38,2024-10-07,Finalizada
OP001781,P0279,51,51,2026-02-14,Finalizada
OP001782,P0486,5,5,2024-12-03,Finalizada
OP001783,P0420,50,50,2024-09-30,Finalizada
OP001784,P0178,15,15,2024-08-30,Finalizada
OP001785,P0273,3,3,2024-03-15,Finalizada
OP001786,P0439,25,25,2025-08-04,Finalizada
OP001787,P0079,16,16,2026-05-14,Finalizada
OP001788,P0273,13,13,2024-05-13,Finalizada
OP001789,P0426,30,30,2025-11-19,Finalizada
OP001790,P0126,39,39,2025-10-30,Finalizada
OP001791,P0424,24,24,2025-02-12,Finalizada
OP001792,P0469,28,28,2026-01-26,Finalizada
OP001793,P0494,34,34,2026-04-17,Finalizada
OP001794,P0030,31,31,2026-04-13,Finalizada
OP001795,P0038,51,51,2025-10-21,Finalizada
OP001796,P0063,29,29,2026-02-12,Finalizada
OP001797,P0390,42,42,2025-03-19,Finalizada
OP001798,P0042,12,12,2026-04-07,Finalizada
OP001799,P0121,39,39,2025-05-25,Finalizada
OP001800,P0094,52,52,2024-10-11,Finalizada
OP001801,P0208,11,11,2025-02-01,Finalizada
OP001802,P0082,38,38,2025-07-29,Finalizada
OP001803,P0221,20,20,2024-09-23,Finalizada
OP001804,P0043,44,44,2025-11-20,Finalizada
OP001805,P0446,44,44,2025-04-25,Finalizada
OP001806,P0422,51,51,2026-04-02,Finalizada
OP001807,P0191,6,6,2024-05-27,Finalizada
OP001808,P0144,26,26,2025-12-15,Finalizada
OP001809,P0439,13,13,2026-03-09,Finalizada
OP001810,P0416,13,13,2026-05-05,Finalizada
OP001811,P0006,41,41,2025-07-04,Finalizada
OP001812,P0188,2,2,2025-02-26,Finalizada
OP001813,P0121,38,38,2026-04-23,Finalizada
OP001814,P0489,3,3,2025-07-10,Finalizada
OP001815,P0014,49,49,2024-03-29,Finalizada
OP001816,P0144,8,8,2024-11-29,Finalizada
OP001817,P0478,9,9,2025-05-23,Finalizada
OP001818,P0215,37,37,2026-01-13,Finalizada
OP001819,P0294,38,38,2025-09-10,Finalizada
OP001820,P0304,5,5,2024-12-27,Finalizada
OP001821,P0058,52,52,2026-01-16,Finalizada
OP001822,P0052,28,28,2026-02-20,Finalizada
OP001823,P0227,4,4,2024-11-23,Finalizada
OP001824,P0365,13,13,2025-12-26,Finalizada
OP001825,P0071,36,36,2024-02-13,Finalizada
OP001826,P0443,4,4,2025-09-19,Finalizada
OP001827,P0229,9,9,2024-11-15,Finalizada
OP001828,P0449,34,34,2025-02-03,Finalizada
OP001829,P0186,15,15,2024-07-30,Finalizada
OP001830,P0097,2,2,2024-11-04,Finalizada
OP001831,P0033,28,28,2026-01-12,Finalizada
OP001832,P0322,47,47,2025-10-17,Finalizada
OP001833,P0268,51,51,2025-08-05,Finalizada
OP001834,P0437,19,19,2024-05-24,Finalizada
OP001835,P0009,8,8,2026-03-03,Finalizada
OP001836,P0456,41,41,2025-01-27,Finalizada
OP001837,P0218,35,35,2025-12-26,Finalizada
OP001838,P0300,9,9,2026-05-07,Finalizada
OP001839,P0404,3,3,2025-10-30,Finalizada
OP001840,P0114,25,25,2025-08-06,Finalizada
OP001841,P0394,45,45,2026-04-14,Finalizada
OP001842,P0091,41,41,2025-04-15,Finalizada
OP001843,P0164,47,47,2024-03-19,Finalizada
OP001844,P0302,30,30,2026-03-02,Finalizada
OP001845,P0377,18,18,2025-04-04,Finalizada
OP001846,P0226,19,19,2026-05-12,Finalizada
OP001847,P0498,36,36,2025-02-21,Finalizada
OP001848,P0065,38,38,2026-03-27,Finalizada
OP001849,P0057,26,26,2025-03-18,Finalizada
OP001850,P0460,25,25,2025-11-04,Finalizada
OP001851,P0463,5,5,2025-08-30,Finalizada
OP001852,P0397,27,27,2025-12-28,Finalizada
OP001853,P0026,37,37,2024-07-29,Finalizada
OP001854,P0346,37,37,2025-12-22,Finalizada
OP001855,P0195,15,15,2026-02-08,Finalizada
OP001856,P0370,50,50,2024-04-09,Finalizada
OP001857,P0199,8,8,2024-07-26,Finalizada
OP001858,P0259,7,7,2025-05-09,Finalizada
OP001859,P0252,20,20,2024-05-02,Finalizada
OP001860,P0353,50,50,2025-05-27,Finalizada
OP001861,P0496,30,30,2025-05-06,Finalizada
OP001862,P0220,4,4,2025-05-20,Finalizada
OP001863,P0085,53,53,2026-04-12,Finalizada
OP001864,P0009,31,31,2024-12-24,Finalizada
OP001865,P0309,46,46,2026-05-20,Finalizada
OP001866,P0277,35,35,2025-10-01,Finalizada
OP001867,P0342,40,40,2025-11-10,Finalizada
OP001868,P0327,27,27,2026-04-01,Finalizada
OP001869,P0262,25,25,2025-12-19,Finalizada
OP001870,P0078,4,4,2025-05-28,Finalizada
OP001871,P0125,23,23,2025-08-15,Finalizada
OP001872,P0063,18,18,2024-12-23,Finalizada
OP001873,P0112,37,37,2026-05-01,Finalizada
OP001874,P0406,41,41,2024-01-19,Finalizada
OP001875,P0169,6,6,2024-12-10,Finalizada
OP001876,P0333,38,38,2024-08-19,Finalizada
OP001877,P0166,13,13,2024-05-20,Finalizada
OP001878,P0138,50,50,2025-02-21,Finalizada
OP001879,P0087,44,44,2024-11-08,Finalizada
OP001880,P0208,29,29,2025-12-01,Finalizada
OP001881,P0329,31,31,2026-03-13,Finalizada
OP001882,P0098,48,48,2025-04-25,Finalizada
OP001883,P0419,2,2,2026-02-25,Finalizada
OP001884,P0354,50,50,2024-05-29,Finalizada
OP001885,P0046,5,5,2025-11-05,Finalizada
OP001886,P0157,18,18,2025-05-12,Finalizada
OP001887,P0189,33,33,2026-02-27,Finalizada
OP001888,P0274,40,40,2024-05-27,Finalizada
OP001889,P0326,1,1,2025-12-30,Finalizada
OP001890,P0439,33,33,2025-12-09,Finalizada
OP001891,P0011,18,18,2025-04-09,Finalizada
OP001892,P0082,34,34,2024-06-14,Finalizada
OP001893,P0109,38,38,2026-04-01,Finalizada
OP001894,P0320,40,40,2024-08-22,Finalizada
OP001895,P0471,42,42,2025-03-27,Finalizada
OP001896,P0130,13,13,2026-04-23,Finalizada
OP001897,P0081,37,37,2026-02-09,Finalizada
OP001898,P0349,7,7,2025-11-20,Finalizada
OP001899,P0092,35,35,2026-02-09,Finalizada
OP001900,P0167,24,24,2025-11-03,Finalizada
OP001901,P0302,44,44,2025-11-13,Finalizada
OP001902,P0474,27,27,2024-03-13,Finalizada
OP001903,P0016,14,14,2025-10-30,Finalizada
OP001904,P0116,47,47,2025-10-23,Finalizada
OP001905,P0151,38,38,2025-11-06,Finalizada
OP001906,P0097,29,29,2025-10-27,Finalizada
OP001907,P0499,25,25,2026-01-20,Finalizada
OP001908,P0049,26,26,2024-02-28,Finalizada
OP001909,P0072,41,41,2026-02-20,Finalizada
OP001910,P0414,16,16,2024-04-22,Finalizada
OP001911,P0250,27,27,2026-03-17,Finalizada
OP001912,P0447,14,14,2025-03-17,Finalizada
OP001913,P0118,42,42,2026-02-13,Finalizada
OP001914,P0317,7,7,2025-11-25,Finalizada
OP001915,P0224,11,11,2025-08-13,Finalizada
OP001916,P0418,11,11,2024-12-26,Finalizada
OP001917,P0425,26,26,2024-12-11,Finalizada
OP001918,P0306,45,45,2026-03-24,Finalizada
OP001919,P0289,24,24,2024-07-11,Finalizada
OP001920,P0424,46,46,2024-04-23,Finalizada
OP001921,P0311,22,22,2025-03-19,Finalizada
OP001922,P0154,30,30,2024-07-06,Finalizada
OP001923,P0222,53,53,2024-08-21,Finalizada
OP001924,P0004,37,37,2024-12-19,Finalizada
OP001925,P0395,51,51,2025-01-13,Finalizada
OP001926,P0481,8,8,2024-11-06,Finalizada
OP001927,P0358,40,40,2024-09-16,Finalizada
OP001928,P0471,49,49,2026-03-23,Finalizada
OP001929,P0235,25,25,2026-01-27,Finalizada
OP001930,P0028,24,24,2024-02-26,Finalizada
OP001931,P0359,1,1,2026-05-21,Finalizada
OP001932,P0367,52,52,2025-12-26,Finalizada
OP001933,P0220,17,17,2024-12-12,Finalizada
OP001934,P0378,8,8,2025-02-27,Finalizada
OP001935,P0118,33,33,2026-04-03,Finalizada
OP001936,P0475,12,12,2026-01-26,Finalizada
OP001937,P0140,11,11,2026-02-23,Finalizada
OP001938,P0369,41,41,2025-05-26,Finalizada
OP001939,P0068,7,7,2025-05-14,Finalizada
OP001940,P0111,11,11,2024-06-26,Finalizada
OP001941,P0349,41,41,2025-10-16,Finalizada
OP001942,P0475,48,48,2026-01-22,Finalizada
OP001943,P0418,20,20,2025-03-04,Finalizada
OP001944,P0046,44,44,2024-11-27,Finalizada
OP001945,P0472,48,48,2024-08-12,Finalizada
OP001946,P0190,36,36,2025-05-12,Finalizada
OP001947,P0460,14,14,2024-02-29,Finalizada
OP001948,P0484,24,24,2024-10-09,Finalizada
OP001949,P0101,16,16,2026-05-06,Finalizada
OP001950,P0425,26,26,2024-11-22,Finalizada
OP001951,P0341,40,40,2024-01-25,Finalizada
OP001952,P0492,29,29,2024-01-25,Finalizada
OP001953,P0283,25,25,2024-03-06,Finalizada
OP001954,P0125,26,26,2025-08-12,Finalizada
OP001955,P0451,48,48,2025-06-11,Finalizada
OP001956,P0213,14,14,2025-10-15,Finalizada
OP001957,P0431,39,39,2024-03-13,Finalizada
OP001958,P0416,2,2,2024-09-21,Finalizada
OP001959,P0420,26,26,2025-07-01,Finalizada
OP001960,P0189,5,5,2025-10-28,Finalizada
OP001961,P0347,26,26,2025-11-07,Finalizada
OP001962,P0108,23,23,2024-04-27,Finalizada
OP001963,P0471,5,5,2026-02-25,Finalizada
OP001964,P0308,48,48,2025-12-29,Finalizada
OP001965,P0220,26,26,2024-11-04,Finalizada
OP001966,P0329,33,33,2026-04-28,Finalizada
OP001967,P0240,2,2,2025-10-03,Finalizada
OP001968,P0496,40,40,2024-08-30,Finalizada
OP001969,P0482,29,29,2025-02-26,Finalizada
OP001970,P0017,52,52,2025-03-24,Finalizada
OP001971,P0286,35,35,2024-05-30,Finalizada
OP001972,P0415,39,39,2026-02-10,Finalizada
OP001973,P0377,23,23,2025-06-19,Finalizada
OP001974,P0492,27,27,2024-08-14,Finalizada
OP001975,P0138,47,47,2024-11-21,Finalizada
OP001976,P0483,3,3,2024-07-24,Finalizada
OP001977,P0094,13,13,2025-09-28,Finalizada
OP001978,P0319,40,40,2024-03-29,Finalizada
OP001979,P0117,17,17,2025-07-19,Finalizada
OP001980,P0196,19,19,2024-09-09,Finalizada
OP001981,P0102,48,48,2026-03-14,Finalizada
OP001982,P0473,49,49,2025-09-11,Finalizada
OP001983,P0111,3,3,2024-09-04,Finalizada
OP001984,P0494,29,29,2025-05-15,Finalizada
OP001985,P0390,13,13,2024-09-26,Finalizada
OP001986,P0385,26,26,2025-10-22,Finalizada
OP001987,P0169,28,28,2025-11-10,Finalizada
OP001988,P0409,51,51,2025-08-20,Finalizada
OP001989,P0110,30,30,2026-01-02,Finalizada
OP001990,P0435,22,22,2026-04-27,Finalizada
OP001991,P0076,28,28,2024-03-29,Finalizada
OP001992,P0242,44,44,2025-11-13,Finalizada
OP001993,P0323,41,41,2025-06-09,Finalizada
OP001994,P0461,44,44,2024-05-03,Finalizada
OP001995,P0382,45,45,2025-01-07,Finalizada
OP001996,P0005,51,51,2025-08-11,Finalizada
OP001997,P0428,7,7,2024-05-28,Finalizada
OP001998,P0466,15,15,2026-01-06,Finalizada
OP001999,P0287,33,33,2024-04-02,Finalizada
OP002000,P0120,2,2,2025-06-09,Finalizada
OP002001,P0163,33,33,2025-10-28,Finalizada
OP002002,P0497,31,31,2025-10-21,Finalizada
OP002003,P0174,46,46,2024-07-21,Finalizada
OP002004,P0445,1,1,2026-05-16,Finalizada
OP002005,P0454,18,18,2024-01-16,Finalizada
OP002006,P0329,17,17,2025-07-31,Finalizada
OP002007,P0279,1,1,2024-02-23,Finalizada
OP002008,P0492,45,45,2024-01-10,Finalizada
OP002009,P0381,28,28,2024-11-09,Finalizada
OP002010,P0146,19,19,2025-07-04,Finalizada
OP002011,P0066,36,36,2025-06-24,Finalizada
OP002012,P0371,20,20,2024-08-18,Finalizada
OP002013,P0431,1,1,2025-02-25,Finalizada
OP002014,P0446,51,51,2025-10-29,Finalizada
OP002015,P0292,37,37,2025-07-31,Finalizada
OP002016,P0048,17,17,2025-03-26,Finalizada
OP002017,P0470,35,35,2026-03-19,Finalizada
OP002018,P0243,13,13,2025-09-02,Finalizada
OP002019,P0247,14,14,2026-01-06,Finalizada
OP002020,P0172,50,50,2025-09-30,Finalizada
OP002021,P0164,23,23,2024-05-07,Finalizada
OP002022,P0438,7,7,2025-12-26,Finalizada
OP002023,P0262,9,9,2025-05-23,Finalizada
OP002024,P0095,36,36,2026-05-06,Finalizada
OP002025,P0018,15,15,2025-07-25,Finalizada
OP002026,P0421,24,24,2024-06-19,Finalizada
OP002027,P0043,17,17,2026-04-24,Finalizada
OP002028,P0347,25,25,2024-10-29,Finalizada
OP002029,P0242,11,11,2025-05-13,Finalizada
OP002030,P0310,52,52,2025-01-28,Finalizada
OP002031,P0041,50,50,2025-02-13,Finalizada
OP002032,P0250,35,35,2026-03-10,Finalizada
OP002033,P0131,17,17,2025-06-10,Finalizada
OP002034,P0104,39,39,2024-08-26,Finalizada
OP002035,P0420,23,23,2024-08-22,Finalizada
OP002036,P0313,9,9,2024-07-01,Finalizada
OP002037,P0351,35,35,2024-11-20,Finalizada
OP002038,P0266,12,12,2026-03-30,Finalizada
OP002039,P0465,20,20,2024-10-09,Finalizada
OP002040,P0124,38,38,2026-02-24,Finalizada
OP002041,P0483,26,26,2024-11-02,Finalizada
OP002042,P0409,25,25,2025-04-15,Finalizada
OP002043,P0212,6,6,2024-06-06,Finalizada
OP002044,P0339,45,45,2026-04-24,Finalizada
OP002045,P0089,15,15,2024-06-10,Finalizada
OP002046,P0137,27,27,2025-11-27,Finalizada
OP002047,P0427,9,9,2024-07-13,Finalizada
OP002048,P0218,9,9,2025-01-01,Finalizada
OP002049,P0018,9,9,2025-04-08,Finalizada
OP002050,P0122,9,9,2025-09-08,Finalizada
OP002051,P0089,14,14,2024-08-29,Finalizada
OP002052,P0480,4,4,2025-10-03,Finalizada
OP002053,P0315,26,26,2026-05-15,Finalizada
OP002054,P0132,15,15,2024-06-14,Finalizada
OP002055,P0073,53,53,2025-11-07,Finalizada
OP002056,P0413,26,26,2025-08-12,Finalizada
OP002057,P0484,27,27,2025-04-22,Finalizada
OP002058,P0050,13,13,2025-02-22,Finalizada
OP002059,P0055,11,11,2025-03-26,Finalizada
OP002060,P0450,52,52,2024-12-11,Finalizada
OP002061,P0042,44,44,2026-02-26,Finalizada
OP002062,P0253,26,26,2024-02-24,Finalizada
OP002063,P0219,38,38,2024-01-05,Finalizada
OP002064,P0233,27,27,2024-11-22,Finalizada
OP002065,P0108,40,40,2026-05-07,Finalizada
OP002066,P0280,25,25,2025-07-15,Finalizada
OP002067,P0031,16,16,2025-08-12,Finalizada
OP002068,P0312,33,33,2026-03-04,Finalizada
OP002069,P0128,42,42,2025-06-27,Finalizada
OP002070,P0128,44,44,2025-05-14,Finalizada
OP002071,P0408,6,6,2026-01-16,Finalizada
OP002072,P0327,51,51,2025-12-12,Finalizada
OP002073,P0337,22,22,2026-04-13,Finalizada
OP002074,P0249,25,25,2026-05-04,Finalizada
OP002075,P0222,37,37,2026-01-02,Finalizada
OP002076,P0144,5,5,2025-10-10,Finalizada
OP002077,P0287,25,25,2025-05-09,Finalizada
OP002078,P0352,48,48,2025-10-01,Finalizada
OP002079,P0419,34,34,2025-06-16,Finalizada
OP002080,P0201,39,39,2025-05-27,Finalizada
OP002081,P0212,17,17,2024-05-22,Finalizada
OP002082,P0244,3,3,2026-04-03,Finalizada
OP002083,P0194,50,50,2025-02-05,Finalizada
OP002084,P0482,52,52,2025-11-19,Finalizada
OP002085,P0006,49,49,2025-12-12,Finalizada
OP002086,P0258,29,29,2026-03-12,Finalizada
OP002087,P0310,53,53,2025-09-08,Finalizada
OP002088,P0018,4,4,2025-05-18,Finalizada
OP002089,P0459,31,31,2025-09-23,Finalizada
OP002090,P0451,42,42,2025-12-29,Finalizada
OP002091,P0485,16,16,2024-02-22,Finalizada
OP002092,P0347,42,42,2024-01-19,Finalizada
OP002093,P0299,52,52,2024-04-16,Finalizada
OP002094,P0462,47,47,2026-05-08,Finalizada
OP002095,P0070,16,16,2026-02-03,Finalizada
OP002096,P0206,8,8,2025-02-05,Finalizada
OP002097,P0189,5,5,2024-01-15,Finalizada
OP002098,P0129,14,14,2026-03-10,Finalizada
OP002099,P0423,31,31,2026-04-15,Finalizada
OP002100,P0355,15,15,2026-01-31,Finalizada
OP002101,P0033,47,47,2025-04-23,Finalizada
OP002102,P0147,36,36,2026-04-14,Finalizada
OP002103,P0486,51,51,2026-03-31,Finalizada
OP002104,P0255,38,38,2025-11-22,Finalizada
OP002105,P0325,30,30,2025-06-19,Finalizada
OP002106,P0486,22,22,2024-03-01,Finalizada
OP002107,P0292,7,7,2024-04-27,Finalizada
OP002108,P0311,37,37,2025-10-27,Finalizada
OP002109,P0314,29,29,2025-06-26,Finalizada
OP002110,P0279,24,24,2024-07-18,Finalizada
OP002111,P0254,5,5,2026-02-05,Finalizada
OP002112,P0216,37,37,2024-01-07,Finalizada
OP002113,P0268,51,51,2025-11-04,Finalizada
OP002114,P0019,24,24,2025-12-25,Finalizada
OP002115,P0150,1,1,2024-07-06,Finalizada
OP002116,P0300,42,42,2025-08-19,Finalizada
OP002117,P0203,53,53,2026-01-15,Finalizada
OP002118,P0087,26,26,2025-12-04,Finalizada
OP002119,P0127,52,52,2024-12-02,Finalizada
OP002120,P0375,5,5,2026-01-09,Finalizada
OP002121,P0403,53,53,2026-02-11,Finalizada
OP002122,P0273,11,11,2026-01-20,Finalizada
OP002123,P0408,42,42,2026-02-13,Finalizada
OP002124,P0151,42,42,2025-03-25,Finalizada
OP002125,P0083,29,29,2026-04-03,Finalizada
OP002126,P0186,42,42,2024-09-20,Finalizada
OP002127,P0335,45,45,2024-11-27,Finalizada
OP002128,P0224,18,18,2024-09-30,Finalizada
OP002129,P0282,7,7,2025-12-24,Finalizada
OP002130,P0278,52,52,2024-03-27,Finalizada
OP002131,P0309,14,14,2025-11-18,Finalizada
OP002132,P0330,50,50,2024-01-11,Finalizada
OP002133,P0460,16,16,2024-12-25,Finalizada
OP002134,P0212,20,20,2025-10-29,Finalizada
OP002135,P0116,12,12,2026-02-18,Finalizada
OP002136,P0050,19,19,2025-03-10,Finalizada
OP002137,P0327,6,6,2024-06-07,Finalizada
OP002138,P0177,34,34,2025-09-11,Finalizada
OP002139,P0283,2,2,2024-03-13,Finalizada
OP002140,P0216,17,17,2024-07-04,Finalizada
OP002141,P0317,30,30,2025-04-02,Finalizada
OP002142,P0251,16,16,2024-12-19,Finalizada
OP002143,P0390,37,37,2026-03-30,Finalizada
OP002144,P0322,46,46,2025-07-29,Finalizada
OP002145,P0144,5,5,2026-04-28,Finalizada
OP002146,P0209,44,44,2024-02-27,Finalizada
OP002147,P0259,2,2,2026-02-10,Finalizada
OP002148,P0220,47,47,2025-03-12,Finalizada
OP002149,P0058,52,52,2025-09-08,Finalizada
OP002150,P0392,31,31,2025-12-14,Finalizada
OP002151,P0475,29,29,2025-05-21,Finalizada
OP002152,P0082,48,48,2025-01-09,Finalizada
OP002153,P0437,36,36,2026-01-27,Finalizada
OP002154,P0273,48,48,2025-10-01,Finalizada
OP002155,P0242,35,35,2025-10-30,Finalizada
OP002156,P0216,22,22,2025-04-12,Finalizada
OP002157,P0217,24,24,2025-05-30,Finalizada
OP002158,P0198,7,7,2026-01-16,Finalizada
OP002159,P0034,22,22,2024-10-02,Finalizada
OP002160,P0039,40,40,2025-05-02,Finalizada
OP002161,P0427,6,6,2026-04-27,Finalizada
OP002162,P0051,22,22,2024-09-01,Finalizada
OP002163,P0321,33,33,2025-08-28,Finalizada
OP002164,P0376,45,45,2024-01-24,Finalizada
OP002165,P0347,19,19,2025-04-18,Finalizada
OP002166,P0066,9,9,2024-06-14,Finalizada
OP002167,P0404,7,7,2025-02-09,Finalizada
OP002168,P0359,37,37,2025-02-14,Finalizada
OP002169,P0369,30,30,2025-08-16,Finalizada
OP002170,P0173,16,16,2025-08-15,Finalizada
OP002171,P0316,37,37,2025-03-14,Finalizada
OP002172,P0130,5,5,2025-11-13,Finalizada
OP002173,P0248,50,50,2024-01-16,Finalizada
OP002174,P0409,29,29,2024-04-04,Finalizada
OP002175,P0021,50,50,2024-10-07,Finalizada
OP002176,P0383,25,25,2026-05-21,Finalizada
OP002177,P0071,14,14,2024-04-16,Finalizada
OP002178,P0032,39,39,2025-03-31,Finalizada
OP002179,P0090,38,38,2026-03-13,Finalizada
OP002180,P0453,8,8,2026-04-23,Finalizada
OP002181,P0358,30,30,2025-01-31,Finalizada
OP002182,P0445,46,46,2025-08-28,Finalizada
OP002183,P0499,39,39,2025-09-25,Finalizada
OP002184,P0427,11,11,2024-12-11,Finalizada
OP002185,P0339,27,27,2026-04-12,Finalizada
OP002186,P0022,45,45,2024-02-12,Finalizada
OP002187,P0252,7,7,2025-10-20,Finalizada
OP002188,P0323,37,37,2025-06-03,Finalizada
OP002189,P0060,47,47,2026-03-31,Finalizada
OP002190,P0492,17,17,2025-08-14,Finalizada
OP002191,P0244,40,40,2026-04-01,Finalizada
OP002192,P0129,27,27,2024-02-16,Finalizada
OP002193,P0371,2,2,2025-04-03,Finalizada
OP002194,P0488,33,33,2024-01-03,Finalizada
OP002195,P0132,14,14,2026-01-11,Finalizada
OP002196,P0339,23,23,2024-04-22,Finalizada
OP002197,P0468,14,14,2025-02-14,Finalizada
OP002198,P0160,22,22,2025-01-09,Finalizada
OP002199,P0073,26,26,2026-04-14,Finalizada
OP002200,P0162,51,51,2024-01-31,Finalizada
OP002201,P0329,8,8,2026-01-05,Finalizada
OP002202,P0481,6,6,2024-05-07,Finalizada
OP002203,P0494,15,15,2025-06-25,Finalizada
OP002204,P0249,46,46,2024-10-30,Finalizada
OP002205,P0266,30,30,2024-04-27,Finalizada
OP002206,P0232,11,11,2024-05-03,Finalizada
OP002207,P0398,13,13,2024-06-17,Finalizada
OP002208,P0058,14,14,2026-01-23,Finalizada
OP002209,P0118,14,14,2025-10-07,Finalizada
OP002210,P0498,3,3,2025-07-31,Finalizada
OP002211,P0261,9,9,2026-02-20,Finalizada
OP002212,P0333,40,40,2025-04-04,Finalizada
OP002213,P0249,29,29,2026-04-27,Finalizada
OP002214,P0051,20,20,2024-11-02,Finalizada
OP002215,P0029,17,17,2024-02-02,Finalizada
OP002216,P0254,37,37,2026-03-04,Finalizada
OP002217,P0406,2,2,2025-11-08,Finalizada
OP002218,P0161,19,19,2024-07-10,Finalizada
OP002219,P0195,13,13,2025-05-09,Finalizada
OP002220,P0380,5,5,2026-01-02,Finalizada
OP002221,P0215,2,2,2024-07-30,Finalizada
OP002222,P0210,50,50,2024-03-02,Finalizada
OP002223,P0138,40,40,2026-04-13,Finalizada
OP002224,P0258,33,33,2025-07-31,Finalizada
OP002225,P0002,34,34,2025-04-22,Finalizada
OP002226,P0050,2,2,2025-02-19,Finalizada
OP002227,P0159,40,40,2025-06-06,Finalizada
OP002228,P0366,19,19,2025-08-15,Finalizada
OP002229,P0005,6,6,2026-03-16,Finalizada
OP002230,P0450,4,4,2025-07-14,Finalizada
OP002231,P0312,18,18,2026-04-23,Finalizada
OP002232,P0474,30,30,2025-05-29,Finalizada
OP002233,P0179,31,31,2025-02-05,Finalizada
OP002234,P0086,14,14,2025-03-07,Finalizada
OP002235,P0469,50,50,2026-03-13,Finalizada
OP002236,P0306,47,47,2025-04-29,Finalizada
OP002237,P0376,46,46,2026-01-01,Finalizada
OP002238,P0207,15,15,2026-04-15,Finalizada
OP002239,P0210,29,29,2026-02-21,Finalizada
OP002240,P0374,6,6,2025-06-18,Finalizada
OP002241,P0394,18,18,2026-04-01,Finalizada
OP002242,P0052,48,48,2025-12-26,Finalizada
OP002243,P0412,5,5,2025-12-12,Finalizada
OP002244,P0279,48,48,2025-07-29,Finalizada
OP002245,P0019,22,22,2024-04-18,Finalizada
OP002246,P0127,26,26,2026-04-22,Finalizada
OP002247,P0221,25,25,2025-05-14,Finalizada
OP002248,P0298,47,47,2024-02-01,Finalizada
OP002249,P0106,9,9,2026-03-24,Finalizada
OP002250,P0041,40,40,2026-02-03,Finalizada
OP002251,P0420,23,23,2024-04-26,Finalizada
OP002252,P0444,23,23,2025-03-21,Finalizada
OP002253,P0372,39,39,2024-11-18,Finalizada
OP002254,P0233,20,20,2025-06-26,Finalizada
OP002255,P0216,12,12,2025-07-11,Finalizada
OP002256,P0424,45,45,2025-07-23,Finalizada
OP002257,P0165,6,6,2025-04-20,Finalizada
OP002258,P0468,41,41,2025-01-09,Finalizada
OP002259,P0033,18,18,2026-04-10,Finalizada
OP002260,P0479,31,31,2025-02-17,Finalizada
OP002261,P0329,8,8,2026-02-03,Finalizada
OP002262,P0084,35,35,2024-10-28,Finalizada
OP002263,P0041,31,31,2025-02-14,Finalizada
OP002264,P0094,4,4,2026-03-17,Finalizada
OP002265,P0413,18,18,2026-01-24,Finalizada
OP002266,P0400,30,30,2026-04-22,Finalizada
OP002267,P0148,17,17,2025-01-09,Finalizada
OP002268,P0339,52,52,2024-10-30,Finalizada
OP002269,P0121,23,23,2024-04-18,Finalizada
OP002270,P0448,23,23,2026-05-04,Finalizada
OP002271,P0183,47,47,2025-05-22,Finalizada
OP002272,P0188,52,52,2024-09-04,Finalizada
OP002273,P0156,30,30,2026-03-03,Finalizada
OP002274,P0343,6,6,2026-01-13,Finalizada
OP002275,P0077,29,29,2026-04-28,Finalizada
OP002276,P0261,7,7,2025-06-03,Finalizada
OP002277,P0402,11,11,2024-12-04,Finalizada
OP002278,P0246,38,38,2026-05-06,Finalizada
OP002279,P0113,50,50,2025-02-25,Finalizada
OP002280,P0377,42,42,2025-09-25,Finalizada
OP002281,P0195,22,22,2025-02-10,Finalizada
OP002282,P0139,29,29,2025-06-03,Finalizada
OP002283,P0062,26,26,2024-10-29,Finalizada
OP002284,P0492,4,4,2026-04-08,Finalizada
OP002285,P0028,23,23,2024-07-09,Finalizada
OP002286,P0155,44,44,2024-10-15,Finalizada
OP002287,P0288,52,52,2024-03-10,Finalizada
OP002288,P0323,26,26,2024-07-16,Finalizada
OP002289,P0323,38,38,2024-05-20,Finalizada
OP002290,P0301,5,5,2026-05-12,Finalizada
OP002291,P0361,2,2,2024-07-23,Finalizada
OP002292,P0232,31,31,2025-01-14,Finalizada
OP002293,P0428,28,28,2026-03-23,Finalizada
OP002294,P0403,2,2,2025-05-29,Finalizada
OP002295,P0070,38,38,2026-04-10,Finalizada
OP002296,P0319,26,26,2026-04-23,Finalizada
OP002297,P0043,4,4,2026-04-08,Finalizada
OP002298,P0456,46,46,2025-09-24,Finalizada
OP002299,P0010,25,25,2026-02-12,Finalizada
OP002300,P0146,52,52,2024-03-28,Finalizada
OP002301,P0267,20,20,2025-09-14,Finalizada
OP002302,P0366,36,36,2025-02-04,Finalizada
OP002303,P0327,35,35,2024-05-02,Finalizada
OP002304,P0225,23,23,2025-02-17,Finalizada
OP002305,P0048,22,22,2024-08-21,Finalizada
OP002306,P0189,22,22,2025-01-02,Finalizada
OP002307,P0029,11,11,2025-01-15,Finalizada
OP002308,P0079,45,45,2025-03-03,Finalizada
OP002309,P0032,38,38,2026-03-31,Finalizada
OP002310,P0407,50,50,2025-08-13,Finalizada
OP002311,P0201,49,49,2025-11-20,Finalizada
OP002312,P0418,23,23,2026-04-09,Finalizada
OP002313,P0455,36,36,2026-05-20,Finalizada
OP002314,P0237,41,41,2026-04-06,Finalizada
OP002315,P0348,14,14,2025-02-10,Finalizada
OP002316,P0382,35,35,2025-03-28,Finalizada
OP002317,P0311,22,22,2024-12-24,Finalizada
OP002318,P0308,15,15,2026-05-12,Finalizada
OP002319,P0411,35,35,2025-10-28,Finalizada
OP002320,P0232,8,8,2026-04-14,Finalizada
OP002321,P0126,6,6,2025-10-21,Finalizada
OP002322,P0072,20,20,2024-03-04,Finalizada
OP002323,P0354,41,41,2024-01-17,Finalizada
OP002324,P0329,11,11,2024-04-02,Finalizada
OP002325,P0296,33,33,2025-07-14,Finalizada
OP002326,P0244,17,17,2026-03-20,Finalizada
OP002327,P0250,6,6,2026-02-19,Finalizada
OP002328,P0186,50,50,2025-03-19,Finalizada
OP002329,P0369,27,27,2025-09-05,Finalizada
OP002330,P0391,3,3,2024-07-08,Finalizada
OP002331,P0305,7,7,2025-09-19,Finalizada
OP002332,P0078,35,35,2025-07-31,Finalizada
OP002333,P0316,31,31,2026-02-27,Finalizada
OP002334,P0161,28,28,2025-12-05,Finalizada
OP002335,P0209,13,13,2025-01-01,Finalizada
OP002336,P0067,45,45,2025-02-28,Finalizada
OP002337,P0058,34,34,2024-03-05,Finalizada
OP002338,P0269,5,5,2026-04-03,Finalizada
OP002339,P0237,23,23,2025-01-15,Finalizada
OP002340,P0208,39,39,2026-03-23,Finalizada
OP002341,P0249,1,1,2024-07-02,Finalizada
OP002342,P0428,19,19,2025-04-02,Finalizada
OP002343,P0320,44,44,2025-08-08,Finalizada
OP002344,P0142,46,46,2024-09-30,Finalizada
OP002345,P0266,1,1,2025-09-11,Finalizada
OP002346,P0143,50,50,2026-04-28,Finalizada
OP002347,P0398,52,52,2025-01-12,Finalizada
OP002348,P0494,53,53,2025-07-04,Finalizada
OP002349,P0202,33,33,2026-03-09,Finalizada
OP002350,P0335,45,45,2025-04-21,Finalizada
OP002351,P0048,4,4,2024-08-01,Finalizada
OP002352,P0353,31,31,2025-06-26,Finalizada
OP002353,P0285,3,3,2024-04-09,Finalizada
OP002354,P0048,4,4,2024-07-30,Finalizada
OP002355,P0156,4,4,2025-12-10,Finalizada
OP002356,P0327,3,3,2024-07-01,Finalizada
OP002357,P0285,13,13,2024-05-13,Finalizada
OP002358,P0233,46,46,2025-10-14,Finalizada
OP002359,P0401,44,44,2025-07-19,Finalizada
OP002360,P0484,15,15,2026-03-30,Finalizada
OP002361,P0397,41,41,2025-11-21,Finalizada
OP002362,P0442,41,41,2025-05-15,Finalizada
OP002363,P0049,42,42,2025-07-29,Finalizada
OP002364,P0266,24,24,2025-01-24,Finalizada
OP002365,P0162,1,1,2024-10-29,Finalizada
OP002366,P0157,26,26,2025-08-15,Finalizada
OP002367,P0109,4,4,2025-10-20,Finalizada
OP002368,P0129,29,29,2024-01-09,Finalizada
OP002369,P0227,12,12,2025-12-15,Finalizada
OP002370,P0496,8,8,2026-05-15,Finalizada
OP002371,P0230,27,27,2024-10-10,Finalizada
OP002372,P0127,3,3,2025-09-01,Finalizada
OP002373,P0254,41,41,2025-09-03,Finalizada
OP002374,P0417,3,3,2024-01-22,Finalizada
OP002375,P0456,6,6,2025-10-17,Finalizada
OP002376,P0316,47,47,2025-11-23,Finalizada
OP002377,P0306,17,17,2026-04-15,Finalizada
OP002378,P0104,6,6,2026-04-10,Finalizada
OP002379,P0362,42,42,2025-10-18,Finalizada
OP002380,P0069,48,48,2026-03-08,Finalizada
OP002381,P0056,38,38,2024-04-06,Finalizada
OP002382,P0011,19,19,2025-06-18,Finalizada
OP002383,P0433,3,3,2025-01-28,Finalizada
OP002384,P0117,3,3,2025-05-02,Finalizada
OP002385,P0092,11,11,2026-05-10,Finalizada
OP002386,P0008,28,28,2026-03-28,Finalizada
OP002387,P0005,38,38,2026-01-10,Finalizada
OP002388,P0112,29,29,2025-09-22,Finalizada
OP002389,P0155,26,26,2026-04-14,Finalizada
OP002390,P0252,28,28,2025-03-13,Finalizada
OP002391,P0105,34,34,2025-08-07,Finalizada
OP002392,P0003,7,7,2025-05-05,Finalizada
OP002393,P0192,48,48,2024-01-09,Finalizada
OP002394,P0423,25,25,2024-07-10,Finalizada
OP002395,P0239,26,26,2024-11-09,Finalizada
OP002396,P0333,22,22,2025-11-21,Finalizada
OP002397,P0443,49,49,2024-12-15,Finalizada
OP002398,P0307,24,24,2024-07-10,Finalizada
OP002399,P0293,46,46,2025-01-01,Finalizada
OP002400,P0341,30,30,2024-10-23,Finalizada
OP002401,P0026,16,16,2024-11-19,Finalizada
OP002402,P0161,40,40,2024-02-15,Finalizada
OP002403,P0492,44,44,2024-12-19,Finalizada
OP002404,P0041,50,50,2026-03-31,Finalizada
OP002405,P0449,35,35,2025-03-11,Finalizada
OP002406,P0362,34,34,2024-06-27,Finalizada
OP002407,P0429,11,11,2025-02-05,Finalizada
OP002408,P0201,2,2,2026-02-13,Finalizada
OP002409,P0360,14,14,2025-04-18,Finalizada
OP002410,P0099,11,11,2025-09-08,Finalizada
OP002411,P0383,25,25,2026-01-05,Finalizada
OP002412,P0004,25,25,2025-07-23,Finalizada
OP002413,P0203,5,5,2025-12-30,Finalizada
OP002414,P0203,14,14,2025-04-18,Finalizada
OP002415,P0500,45,45,2025-06-12,Finalizada
OP002416,P0463,13,13,2026-01-28,Finalizada
OP002417,P0245,15,15,2025-11-17,Finalizada
OP002418,P0179,47,47,2024-05-15,Finalizada
OP002419,P0467,28,28,2025-12-05,Finalizada
OP002420,P0489,48,48,2025-10-28,Finalizada
OP002421,P0284,28,28,2026-02-06,Finalizada
OP002422,P0177,37,37,2024-06-07,Finalizada
OP002423,P0112,45,45,2025-06-02,Finalizada
OP002424,P0096,12,12,2025-01-23,Finalizada
OP002425,P0421,1,1,2024-11-08,Finalizada
OP002426,P0368,48,48,2025-09-19,Finalizada
OP002427,P0274,9,9,2024-12-22,Finalizada
OP002428,P0387,6,6,2025-11-12,Finalizada
OP002429,P0003,39,39,2025-04-14,Finalizada
OP002430,P0194,41,41,2025-06-06,Finalizada
OP002431,P0462,24,24,2025-12-25,Finalizada
OP002432,P0038,19,19,2025-03-19,Finalizada
OP002433,P0078,35,35,2025-11-20,Finalizada
OP002434,P0461,27,27,2025-02-26,Finalizada
OP002435,P0233,25,25,2024-04-16,Finalizada
OP002436,P0069,11,11,2025-02-13,Finalizada
OP002437,P0393,25,25,2025-10-14,Finalizada
OP002438,P0491,45,45,2025-01-28,Finalizada
OP002439,P0039,29,29,2025-10-29,Finalizada
OP002440,P0495,47,47,2026-03-23,Finalizada
OP002441,P0100,27,27,2025-12-16,Finalizada
OP002442,P0404,30,30,2025-10-10,Finalizada
OP002443,P0294,52,52,2025-01-02,Finalizada
OP002444,P0471,49,49,2024-04-29,Finalizada
OP002445,P0156,48,48,2024-06-19,Finalizada
OP002446,P0215,24,24,2024-09-30,Finalizada
OP002447,P0056,34,34,2024-10-07,Finalizada
OP002448,P0012,16,16,2024-12-18,Finalizada
OP002449,P0187,48,48,2025-03-19,Finalizada
OP002450,P0371,35,35,2024-01-26,Finalizada
OP002451,P0289,28,28,2024-08-28,Finalizada
OP002452,P0447,26,26,2024-09-03,Finalizada
OP002453,P0071,44,44,2024-11-26,Finalizada
OP002454,P0242,13,13,2026-02-19,Finalizada
OP002455,P0224,53,53,2024-02-21,Finalizada
OP002456,P0101,41,41,2024-03-31,Finalizada
OP002457,P0239,26,26,2025-02-13,Finalizada
OP002458,P0130,16,16,2025-01-12,Finalizada
OP002459,P0298,13,13,2024-10-31,Finalizada
OP002460,P0365,7,7,2025-03-31,Finalizada
OP002461,P0298,29,29,2025-06-17,Finalizada
OP002462,P0306,15,15,2025-08-14,Finalizada
OP002463,P0493,25,25,2024-03-08,Finalizada
OP002464,P0199,46,46,2026-04-20,Finalizada
OP002465,P0409,18,18,2025-08-13,Finalizada
OP002466,P0190,15,15,2026-01-07,Finalizada
OP002467,P0166,42,42,2025-04-22,Finalizada
OP002468,P0296,15,15,2025-11-12,Finalizada
OP002469,P0208,11,11,2026-01-14,Finalizada
OP002470,P0221,48,48,2025-05-27,Finalizada
OP002471,P0320,17,17,2024-01-09,Finalizada
OP002472,P0409,37,37,2025-03-04,Finalizada
OP002473,P0034,49,49,2026-01-06,Finalizada
OP002474,P0100,23,23,2026-04-20,Finalizada
OP002475,P0242,33,33,2025-11-19,Finalizada
OP002476,P0146,51,51,2024-08-18,Finalizada
OP002477,P0118,34,34,2026-03-12,Finalizada
OP002478,P0172,35,35,2025-08-16,Finalizada
OP002479,P0194,41,41,2025-11-14,Finalizada
OP002480,P0392,41,41,2025-07-23,Finalizada
OP002481,P0064,11,11,2026-05-19,Finalizada
OP002482,P0210,28,28,2024-12-27,Finalizada
OP002483,P0095,47,47,2026-02-11,Finalizada
OP002484,P0101,23,23,2025-11-21,Finalizada
OP002485,P0078,40,40,2026-03-26,Finalizada
OP002486,P0255,24,24,2025-11-20,Finalizada
OP002487,P0075,3,3,2025-04-16,Finalizada
OP002488,P0130,33,33,2025-03-24,Finalizada
OP002489,P0062,27,27,2024-06-14,Finalizada
OP002490,P0408,33,33,2025-05-26,Finalizada
OP002491,P0111,37,37,2025-02-02,Finalizada
OP002492,P0061,42,42,2024-03-07,Finalizada
OP002493,P0320,41,41,2024-11-26,Finalizada
OP002494,P0066,27,27,2025-06-06,Finalizada
OP002495,P0294,53,53,2024-04-25,Finalizada
OP002496,P0113,5,5,2025-11-05,Finalizada
OP002497,P0173,52,52,2024-04-04,Finalizada
OP002498,P0314,41,41,2024-10-16,Finalizada
OP002499,P0006,27,27,2025-12-25,Finalizada
OP002500,P0081,45,45,2026-01-19,Finalizada
OP002501,P0319,14,14,2024-02-29,Finalizada
OP002502,P0336,40,40,2025-05-23,Finalizada
OP002503,P0009,53,53,2025-06-27,Finalizada
OP002504,P0099,33,33,2025-08-20,Finalizada
OP002505,P0151,40,40,2025-01-30,Finalizada
OP002506,P0272,22,22,2025-12-12,Finalizada
OP002507,P0185,26,26,2024-02-09,Finalizada
OP002508,P0374,36,36,2025-07-05,Finalizada
OP002509,P0309,52,52,2024-05-29,Finalizada
OP002510,P0409,13,13,2024-08-30,Finalizada
OP002511,P0493,30,30,2024-02-14,Finalizada
OP002512,P0282,23,23,2024-05-17,Finalizada
OP002513,P0496,25,25,2025-12-24,Finalizada
OP002514,P0281,44,44,2025-10-28,Finalizada
OP002515,P0043,24,24,2025-10-17,Finalizada
OP002516,P0157,2,2,2025-12-03,Finalizada
OP002517,P0317,42,42,2024-11-13,Finalizada
OP002518,P0069,27,27,2025-04-16,Finalizada
OP002519,P0394,9,9,2026-03-23,Finalizada
OP002520,P0497,45,45,2024-08-13,Finalizada
OP002521,P0126,14,14,2025-06-30,Finalizada
OP002522,P0169,3,3,2025-07-03,Finalizada
OP002523,P0285,44,44,2024-04-04,Finalizada
OP002524,P0361,41,41,2025-09-04,Finalizada
OP002525,P0248,18,18,2026-03-25,Finalizada
OP002526,P0464,22,22,2024-05-10,Finalizada
OP002527,P0173,24,24,2026-05-04,Finalizada
OP002528,P0467,8,8,2025-12-26,Finalizada
OP002529,P0094,31,31,2025-11-18,Finalizada
OP002530,P0063,37,37,2026-01-06,Finalizada
OP002531,P0422,28,28,2026-02-05,Finalizada
OP002532,P0273,3,3,2025-12-29,Finalizada
OP002533,P0059,52,52,2024-08-05,Finalizada
OP002534,P0247,14,14,2025-07-22,Finalizada
OP002535,P0343,35,35,2025-08-15,Finalizada
OP002536,P0110,5,5,2026-03-04,Finalizada
OP002537,P0344,4,4,2024-01-17,Finalizada
OP002538,P0238,38,38,2024-03-29,Finalizada
OP002539,P0392,42,42,2026-01-13,Finalizada
OP002540,P0065,24,24,2025-10-13,Finalizada
OP002541,P0341,38,38,2026-05-18,Finalizada
OP002542,P0167,33,33,2025-06-06,Finalizada
OP002543,P0373,1,1,2025-12-30,Finalizada
OP002544,P0245,42,42,2025-10-20,Finalizada
OP002545,P0204,41,41,2025-01-23,Finalizada
OP002546,P0457,25,25,2025-12-25,Finalizada
OP002547,P0174,20,20,2025-12-15,Finalizada
OP002548,P0246,9,9,2026-04-10,Finalizada
OP002549,P0169,51,51,2026-04-30,Finalizada
OP002550,P0214,28,28,2025-07-29,Finalizada
OP002551,P0066,5,5,2026-03-30,Finalizada
OP002552,P0315,22,22,2024-08-29,Finalizada
OP002553,P0271,46,46,2024-03-11,Finalizada
OP002554,P0272,28,28,2024-09-12,Finalizada
OP002555,P0352,45,45,2025-04-01,Finalizada
OP002556,P0081,11,11,2024-09-17,Finalizada
OP002557,P0047,8,8,2025-12-05,Finalizada
OP002558,P0120,50,50,2026-03-02,Finalizada
OP002559,P0280,6,6,2024-12-13,Finalizada
OP002560,P0191,40,40,2025-06-18,Finalizada
OP002561,P0164,25,25,2024-01-29,Finalizada
OP002562,P0232,41,41,2025-09-23,Finalizada
OP002563,P0340,31,31,2025-07-08,Finalizada
OP002564,P0294,48,48,2025-02-04,Finalizada
OP002565,P0446,15,15,2024-05-01,Finalizada
OP002566,P0132,33,33,2024-06-19,Finalizada
OP002567,P0427,25,25,2025-12-11,Finalizada
OP002568,P0223,8,8,2024-08-13,Finalizada
OP002569,P0446,17,17,2026-01-02,Finalizada
OP002570,P0140,49,49,2024-12-31,Finalizada
OP002571,P0441,7,7,2025-12-29,Finalizada
OP002572,P0093,26,26,2024-08-02,Finalizada
OP002573,P0389,51,51,2024-01-29,Finalizada
OP002574,P0324,53,53,2024-07-31,Finalizada
OP002575,P0294,17,17,2025-09-01,Finalizada
OP002576,P0105,23,23,2025-11-26,Finalizada
OP002577,P0385,26,26,2026-03-09,Finalizada
OP002578,P0013,15,15,2024-11-12,Finalizada
OP002579,P0213,9,9,2025-01-03,Finalizada
OP002580,P0432,53,53,2025-10-07,Finalizada
OP002581,P0302,19,19,2025-04-12,Finalizada
OP002582,P0069,42,42,2026-05-15,Finalizada
OP002583,P0155,53,53,2024-04-15,Finalizada
OP002584,P0471,22,22,2025-12-24,Finalizada
OP002585,P0377,12,12,2026-03-13,Finalizada
OP002586,P0319,16,16,2025-09-10,Finalizada
OP002587,P0407,2,2,2025-03-14,Finalizada
OP002588,P0452,51,51,2025-10-15,Finalizada
OP002589,P0352,13,13,2024-03-15,Finalizada
OP002590,P0017,52,52,2025-01-02,Finalizada
OP002591,P0410,11,11,2025-10-08,Finalizada
OP002592,P0371,11,11,2026-03-14,Finalizada
OP002593,P0296,28,28,2026-04-28,Finalizada
OP002594,P0428,45,45,2024-06-06,Finalizada
OP002595,P0096,27,27,2025-11-01,Finalizada
OP002596,P0062,18,18,2025-01-24,Finalizada
OP002597,P0087,41,41,2024-08-29,Finalizada
OP002598,P0262,15,15,2025-06-04,Finalizada
OP002599,P0231,35,35,2025-03-14,Finalizada
OP002600,P0100,8,8,2025-04-14,Finalizada
OP002601,P0183,48,48,2025-08-03,Finalizada
OP002602,P0293,16,16,2025-12-08,Finalizada
OP002603,P0457,34,34,2024-04-25,Finalizada
OP002604,P0081,33,33,2025-04-15,Finalizada
OP002605,P0337,48,48,2024-03-09,Finalizada
OP002606,P0374,18,18,2025-02-06,Finalizada
OP002607,P0043,31,31,2024-06-21,Finalizada
OP002608,P0443,48,48,2026-02-24,Finalizada
OP002609,P0447,27,27,2024-03-12,Finalizada
OP002610,P0376,42,42,2024-01-10,Finalizada
OP002611,P0274,29,29,2024-12-23,Finalizada
OP002612,P0369,47,47,2025-08-26,Finalizada
OP002613,P0131,37,37,2026-03-18,Finalizada
OP002614,P0222,29,29,2025-11-07,Finalizada
OP002615,P0053,25,25,2025-06-10,Finalizada
OP002616,P0224,30,30,2025-06-18,Finalizada
OP002617,P0080,42,42,2025-05-19,Finalizada
OP002618,P0348,53,53,2024-10-15,Finalizada
OP002619,P0328,4,4,2025-09-15,Finalizada
OP002620,P0456,52,52,2025-09-19,Finalizada
OP002621,P0099,36,36,2024-10-17,Finalizada
OP002622,P0146,29,29,2024-04-30,Finalizada
OP002623,P0498,4,4,2024-01-09,Finalizada
OP002624,P0200,33,33,2024-03-07,Finalizada
OP002625,P0022,49,49,2025-11-13,Finalizada
OP002626,P0222,41,41,2025-09-04,Finalizada
OP002627,P0320,50,50,2025-03-11,Finalizada
OP002628,P0273,24,24,2026-04-10,Finalizada
OP002629,P0275,40,40,2025-04-13,Finalizada
OP002630,P0174,15,15,2025-09-18,Finalizada
OP002631,P0142,3,3,2024-07-25,Finalizada
OP002632,P0057,44,44,2024-04-28,Finalizada
OP002633,P0354,49,49,2025-07-18,Finalizada
OP002634,P0089,2,2,2025-04-30,Finalizada
OP002635,P0318,14,14,2025-01-03,Finalizada
OP002636,P0480,20,20,2025-03-24,Finalizada
OP002637,P0146,36,36,2024-05-14,Finalizada
OP002638,P0353,41,41,2026-05-06,Finalizada
OP002639,P0346,52,52,2025-11-07,Finalizada
OP002640,P0327,8,8,2025-11-07,Finalizada
OP002641,P0313,9,9,2024-06-08,Finalizada
OP002642,P0445,30,30,2025-11-20,Finalizada
OP002643,P0338,33,33,2024-07-17,Finalizada
OP002644,P0205,42,42,2025-11-13,Finalizada
OP002645,P0465,42,42,2026-03-15,Finalizada
OP002646,P0390,52,52,2025-11-13,Finalizada
OP002647,P0476,18,18,2024-11-08,Finalizada
OP002648,P0487,46,46,2024-08-23,Finalizada
OP002649,P0120,47,47,2025-12-16,Finalizada
OP002650,P0113,41,41,2025-02-20,Finalizada
OP002651,P0132,47,47,2025-06-02,Finalizada
OP002652,P0432,6,6,2025-09-11,Finalizada
OP002653,P0494,12,12,2024-05-28,Finalizada
OP002654,P0327,17,17,2025-08-12,Finalizada
OP002655,P0230,42,42,2025-01-21,Finalizada
OP002656,P0286,45,45,2025-04-21,Finalizada
OP002657,P0153,28,28,2025-08-29,Finalizada
OP002658,P0442,44,44,2026-03-02,Finalizada
OP002659,P0043,25,25,2024-02-12,Finalizada
OP002660,P0134,18,18,2025-08-21,Finalizada
OP002661,P0155,29,29,2025-12-05,Finalizada
OP002662,P0006,8,8,2024-04-04,Finalizada
OP002663,P0223,47,47,2025-02-18,Finalizada
OP002664,P0195,35,35,2024-11-04,Finalizada
OP002665,P0465,14,14,2024-08-14,Finalizada
OP002666,P0158,2,2,2026-02-11,Finalizada
OP002667,P0369,16,16,2024-03-26,Finalizada
OP002668,P0215,1,1,2026-02-09,Finalizada
OP002669,P0273,53,53,2026-03-09,Finalizada
OP002670,P0078,15,15,2024-03-08,Finalizada
OP002671,P0005,27,27,2024-07-14,Finalizada
OP002672,P0410,53,53,2024-06-10,Finalizada
OP002673,P0134,19,19,2024-12-02,Finalizada
OP002674,P0368,49,49,2025-07-22,Finalizada
OP002675,P0030,2,2,2025-08-11,Finalizada
OP002676,P0290,11,11,2025-02-01,Finalizada
OP002677,P0351,19,19,2025-12-09,Finalizada
OP002678,P0450,12,12,2025-07-08,Finalizada
OP002679,P0458,41,41,2025-10-20,Finalizada
OP002680,P0112,8,8,2025-01-03,Finalizada
OP002681,P0146,50,50,2024-12-27,Finalizada
OP002682,P0026,44,44,2024-08-11,Finalizada
OP002683,P0468,7,7,2025-06-05,Finalizada
OP002684,P0146,40,40,2024-02-01,Finalizada
OP002685,P0429,14,14,2025-06-13,Finalizada
OP002686,P0457,39,39,2024-03-23,Finalizada
OP002687,P0202,45,45,2024-06-11,Finalizada
OP002688,P0039,9,9,2024-11-20,Finalizada
OP002689,P0443,52,52,2025-07-16,Finalizada
OP002690,P0037,15,15,2025-11-06,Finalizada
OP002691,P0208,9,9,2025-08-18,Finalizada
OP002692,P0045,16,16,2026-02-22,Finalizada
OP002693,P0193,5,5,2024-12-01,Finalizada
OP002694,P0288,35,35,2025-09-19,Finalizada
OP002695,P0294,16,16,2024-02-23,Finalizada
OP002696,P0294,1,1,2026-05-05,Finalizada
OP002697,P0251,2,2,2025-07-09,Finalizada
OP002698,P0468,41,41,2024-07-25,Finalizada
OP002699,P0218,30,30,2024-12-31,Finalizada
OP002700,P0372,28,28,2024-03-15,Finalizada
OP002701,P0255,28,28,2025-09-26,Finalizada
OP002702,P0113,35,35,2026-05-15,Finalizada
OP002703,P0166,38,38,2025-11-13,Finalizada
OP002704,P0435,5,5,2024-12-13,Finalizada
OP002705,P0084,31,31,2024-10-10,Finalizada
OP002706,P0411,12,12,2025-12-05,Finalizada
OP002707,P0024,29,29,2026-03-30,Finalizada
OP002708,P0379,47,47,2026-04-22,Finalizada
OP002709,P0189,41,41,2025-10-27,Finalizada
OP002710,P0189,17,17,2026-04-23,Finalizada
OP002711,P0002,53,53,2026-02-04,Finalizada
OP002712,P0432,6,6,2024-11-07,Finalizada
OP002713,P0142,8,8,2025-06-05,Finalizada
OP002714,P0128,8,8,2024-02-27,Finalizada
OP002715,P0109,51,51,2025-05-08,Finalizada
OP002716,P0253,3,3,2026-02-09,Finalizada
OP002717,P0250,38,38,2025-01-06,Finalizada
OP002718,P0193,48,48,2026-05-07,Finalizada
OP002719,P0147,50,50,2025-04-04,Finalizada
OP002720,P0089,27,27,2025-01-29,Finalizada
OP002721,P0381,9,9,2025-02-25,Finalizada
OP002722,P0429,52,52,2025-04-21,Finalizada
OP002723,P0497,40,40,2024-11-18,Finalizada
OP002724,P0128,44,44,2025-06-12,Finalizada
OP002725,P0094,41,41,2026-01-14,Finalizada
OP002726,P0155,52,52,2025-05-05,Finalizada
OP002727,P0051,15,15,2024-02-26,Finalizada
OP002728,P0146,7,7,2025-02-13,Finalizada
OP002729,P0498,50,50,2024-12-24,Finalizada
OP002730,P0110,44,44,2024-02-26,Finalizada
OP002731,P0292,52,52,2024-09-17,Finalizada
OP002732,P0317,5,5,2025-12-21,Finalizada
OP002733,P0271,41,41,2025-07-01,Finalizada
OP002734,P0237,31,31,2025-11-14,Finalizada
OP002735,P0205,36,36,2025-08-17,Finalizada
OP002736,P0449,53,53,2025-11-18,Finalizada
OP002737,P0083,13,13,2025-11-04,Finalizada
OP002738,P0466,3,3,2025-05-15,Finalizada
OP002739,P0388,5,5,2025-04-07,Finalizada
OP002740,P0088,41,41,2025-03-19,Finalizada
OP002741,P0085,25,25,2026-02-09,Finalizada
OP002742,P0430,48,48,2025-12-24,Finalizada
OP002743,P0394,2,2,2025-12-08,Finalizada
OP002744,P0183,2,2,2025-10-01,Finalizada
OP002745,P0228,53,53,2025-02-14,Finalizada
OP002746,P0469,47,47,2025-09-02,Finalizada
OP002747,P0235,4,4,2026-03-23,Finalizada
OP002748,P0443,46,46,2025-06-26,Finalizada
OP002749,P0413,53,53,2024-01-01,Finalizada
OP002750,P0336,17,17,2026-03-31,Finalizada
OP002751,P0181,41,41,2025-05-12,Finalizada
OP002752,P0072,6,6,2025-12-08,Finalizada
OP002753,P0331,29,29,2024-06-03,Finalizada
OP002754,P0095,31,31,2024-02-12,Finalizada
OP002755,P0478,52,52,2025-02-09,Finalizada
OP002756,P0197,33,33,2025-11-05,Finalizada
OP002757,P0027,13,13,2024-05-21,Finalizada
OP002758,P0417,17,17,2024-08-02,Finalizada
OP002759,P0228,28,28,2026-02-05,Finalizada
OP002760,P0358,42,42,2025-07-24,Finalizada
OP002761,P0198,30,30,2026-02-06,Finalizada
OP002762,P0330,2,2,2024-08-17,Finalizada
OP002763,P0022,9,9,2026-04-09,Finalizada
OP002764,P0086,53,53,2025-10-20,Finalizada
OP002765,P0235,42,42,2025-04-30,Finalizada
OP002766,P0195,47,47,2025-03-27,Finalizada
OP002767,P0477,45,45,2025-12-18,Finalizada
OP002768,P0092,5,5,2024-03-28,Finalizada
OP002769,P0313,51,51,2025-05-13,Finalizada
OP002770,P0205,25,25,2026-03-03,Finalizada
OP002771,P0146,25,25,2026-02-05,Finalizada
OP002772,P0165,46,46,2026-04-22,Finalizada
OP002773,P0278,17,17,2026-04-21,Finalizada
OP002774,P0456,29,29,2025-01-15,Finalizada
OP002775,P0373,13,13,2025-05-23,Finalizada
OP002776,P0456,28,28,2025-01-27,Finalizada
OP002777,P0248,37,37,2024-04-09,Finalizada
OP002778,P0141,27,27,2024-05-15,Finalizada
OP002779,P0357,25,25,2026-03-16,Finalizada
OP002780,P0395,48,48,2025-05-24,Finalizada
OP002781,P0048,1,1,2024-02-26,Finalizada
OP002782,P0243,35,35,2025-01-03,Finalizada
OP002783,P0249,13,13,2025-11-10,Finalizada
OP002784,P0235,22,22,2026-03-30,Finalizada
OP002785,P0169,2,2,2025-04-25,Finalizada
OP002786,P0396,15,15,2025-09-04,Finalizada
OP002787,P0172,23,23,2025-12-02,Finalizada
OP002788,P0137,14,14,2025-01-24,Finalizada
OP002789,P0195,20,20,2026-01-11,Finalizada
OP002790,P0285,48,48,2026-03-10,Finalizada
OP002791,P0086,13,13,2025-03-18,Finalizada
OP002792,P0332,22,22,2025-02-04,Finalizada
OP002793,P0407,23,23,2025-11-18,Finalizada
OP002794,P0307,15,15,2025-12-04,Finalizada
OP002795,P0100,6,6,2024-04-08,Finalizada
OP002796,P0216,35,35,2025-11-20,Finalizada
OP002797,P0013,6,6,2026-04-14,Finalizada
OP002798,P0470,20,20,2025-07-09,Finalizada
OP002799,P0408,1,1,2025-03-24,Finalizada
OP002800,P0142,26,26,2024-11-20,Finalizada
OP002801,P0390,40,40,2026-02-09,Finalizada
OP002802,P0335,39,39,2026-01-28,Finalizada
OP002803,P0493,41,41,2025-08-11,Finalizada
OP002804,P0033,12,12,2026-01-14,Finalizada
OP002805,P0133,46,46,2024-09-05,Finalizada
OP002806,P0435,23,23,2025-11-05,Finalizada
OP002807,P0157,27,27,2024-10-31,Finalizada
OP002808,P0207,35,35,2025-11-04,Finalizada
OP002809,P0316,1,1,2025-11-06,Finalizada
OP002810,P0424,44,44,2026-04-12,Finalizada
OP002811,P0301,39,39,2024-12-03,Finalizada
OP002812,P0110,24,24,2026-03-27,Finalizada
OP002813,P0398,45,45,2026-03-18,Finalizada
OP002814,P0453,24,24,2025-10-29,Finalizada
OP002815,P0093,17,17,2025-11-24,Finalizada
OP002816,P0322,18,18,2026-01-27,Finalizada
OP002817,P0464,48,48,2025-04-14,Finalizada
OP002818,P0479,20,20,2025-12-02,Finalizada
OP002819,P0115,41,41,2025-05-14,Finalizada
OP002820,P0010,38,38,2024-04-02,Finalizada
OP002821,P0153,15,15,2025-11-28,Finalizada
OP002822,P0056,34,34,2025-09-19,Finalizada
OP002823,P0500,37,37,2025-01-30,Finalizada
OP002824,P0075,12,12,2025-02-21,Finalizada
OP002825,P0319,6,6,2024-01-08,Finalizada
OP002826,P0364,14,14,2024-07-07,Finalizada
OP002827,P0250,41,41,2024-12-31,Finalizada
OP002828,P0166,28,28,2024-02-13,Finalizada
OP002829,P0016,49,49,2025-12-31,Finalizada
OP002830,P0476,7,7,2026-03-17,Finalizada
OP002831,P0427,44,44,2024-09-09,Finalizada
OP002832,P0238,6,6,2025-11-14,Finalizada
OP002833,P0280,2,2,2026-05-13,Finalizada
OP002834,P0444,38,38,2025-03-20,Finalizada
OP002835,P0362,4,4,2026-02-06,Finalizada
OP002836,P0464,31,31,2024-06-15,Finalizada
OP002837,P0173,49,49,2024-10-22,Finalizada
OP002838,P0213,35,35,2026-04-03,Finalizada
OP002839,P0061,52,52,2024-02-05,Finalizada
OP002840,P0480,9,9,2024-12-02,Finalizada
OP002841,P0215,48,48,2025-09-19,Finalizada
OP002842,P0450,40,40,2024-05-16,Finalizada
OP002843,P0451,39,39,2026-05-08,Finalizada
OP002844,P0007,34,34,2026-04-20,Finalizada
OP002845,P0312,37,37,2024-12-11,Finalizada
OP002846,P0303,35,35,2024-09-03,Finalizada
OP002847,P0086,31,31,2026-03-03,Finalizada
OP002848,P0108,26,26,2024-10-17,Finalizada
OP002849,P0257,46,46,2026-02-03,Finalizada
OP002850,P0428,53,53,2025-08-26,Finalizada
OP002851,P0371,44,44,2025-08-26,Finalizada
OP002852,P0459,53,53,2025-03-17,Finalizada
OP002853,P0055,47,47,2025-03-25,Finalizada
OP002854,P0076,14,14,2024-11-28,Finalizada
OP002855,P0029,28,28,2024-12-06,Finalizada
OP002856,P0140,39,39,2024-02-01,Finalizada
OP002857,P0438,45,45,2026-04-01,Finalizada
OP002858,P0247,39,39,2025-01-03,Finalizada
OP002859,P0018,33,33,2026-01-01,Finalizada
OP002860,P0231,8,8,2024-12-10,Finalizada
OP002861,P0340,5,5,2025-07-04,Finalizada
OP002862,P0399,33,33,2026-04-06,Finalizada
OP002863,P0372,50,50,2026-03-24,Finalizada
OP002864,P0372,16,16,2024-11-16,Finalizada
OP002865,P0489,34,34,2025-10-22,Finalizada
OP002866,P0259,30,30,2025-07-20,Finalizada
OP002867,P0169,38,38,2026-03-10,Finalizada
OP002868,P0423,14,14,2024-08-26,Finalizada
OP002869,P0052,29,29,2026-01-26,Finalizada
OP002870,P0415,4,4,2026-03-10,Finalizada
OP002871,P0244,46,46,2024-04-02,Finalizada
OP002872,P0376,17,17,2024-06-13,Finalizada
OP002873,P0378,29,29,2024-04-27,Finalizada
OP002874,P0168,53,53,2025-11-12,Finalizada
OP002875,P0492,15,15,2026-02-19,Finalizada
OP002876,P0453,45,45,2024-02-12,Finalizada
OP002877,P0158,9,9,2026-03-12,Finalizada
OP002878,P0447,7,7,2024-06-26,Finalizada
OP002879,P0123,5,5,2025-04-21,Finalizada
OP002880,P0244,8,8,2024-10-23,Finalizada
OP002881,P0390,49,49,2024-05-14,Finalizada
OP002882,P0143,44,44,2024-10-23,Finalizada
OP002883,P0397,42,42,2025-03-27,Finalizada
OP002884,P0192,53,53,2026-05-10,Finalizada
OP002885,P0458,12,12,2025-09-25,Finalizada
OP002886,P0128,8,8,2024-07-26,Finalizada
OP002887,P0049,52,52,2024-12-11,Finalizada
OP002888,P0022,26,26,2024-12-20,Finalizada
OP002889,P0120,37,37,2025-01-03,Finalizada
OP002890,P0154,45,45,2024-07-26,Finalizada
OP002891,P0142,45,45,2024-11-14,Finalizada
OP002892,P0394,42,42,2024-10-07,Finalizada
OP002893,P0017,50,50,2025-07-08,Finalizada
OP002894,P0194,27,27,2024-04-21,Finalizada
OP002895,P0335,3,3,2025-03-18,Finalizada
OP002896,P0139,6,6,2026-03-14,Finalizada
OP002897,P0486,44,44,2025-11-27,Finalizada
OP002898,P0246,41,41,2026-03-26,Finalizada
OP002899,P0043,8,8,2025-06-02,Finalizada
OP002900,P0271,6,6,2025-10-17,Finalizada
OP002901,P0247,5,5,2026-03-19,Finalizada
OP002902,P0461,27,27,2025-07-23,Finalizada
OP002903,P0179,47,47,2026-03-22,Finalizada
OP002904,P0357,50,50,2025-08-12,Finalizada
OP002905,P0144,36,36,2024-07-10,Finalizada
OP002906,P0312,4,4,2026-03-27,Finalizada
OP002907,P0438,17,17,2025-04-25,Finalizada
OP002908,P0463,38,38,2024-12-24,Finalizada
OP002909,P0467,44,44,2024-09-19,Finalizada
OP002910,P0274,47,47,2026-01-06,Finalizada
OP002911,P0016,19,19,2025-08-19,Finalizada
OP002912,P0116,16,16,2024-02-07,Finalizada
OP002913,P0449,20,20,2026-02-10,Finalizada
OP002914,P0178,12,12,2025-11-17,Finalizada
OP002915,P0403,7,7,2025-06-25,Finalizada
OP002916,P0032,25,25,2025-09-28,Finalizada
OP002917,P0477,38,38,2025-10-29,Finalizada
OP002918,P0279,7,7,2026-03-26,Finalizada
OP002919,P0060,19,19,2024-09-17,Finalizada
OP002920,P0343,35,35,2025-09-05,Finalizada
OP002921,P0107,47,47,2024-08-08,Finalizada
OP002922,P0170,29,29,2026-01-23,Finalizada
OP002923,P0220,26,26,2024-05-01,Finalizada
OP002924,P0373,26,26,2024-04-17,Finalizada
OP002925,P0131,24,24,2024-11-20,Finalizada
OP002926,P0260,52,52,2024-07-11,Finalizada
OP002927,P0274,46,46,2026-01-08,Finalizada
OP002928,P0322,53,53,2025-09-12,Finalizada
OP002929,P0316,23,23,2025-07-22,Finalizada
OP002930,P0266,52,52,2025-03-24,Finalizada
OP002931,P0110,12,12,2026-02-03,Finalizada
OP002932,P0267,52,52,2025-03-02,Finalizada
OP002933,P0121,39,39,2024-12-11,Finalizada
OP002934,P0493,36,36,2024-10-21,Finalizada
OP002935,P0402,36,36,2025-08-09,Finalizada
OP002936,P0059,53,53,2025-12-17,Finalizada
OP002937,P0149,31,31,2025-06-03,Finalizada
OP002938,P0294,1,1,2025-09-10,Finalizada
OP002939,P0497,18,18,2025-11-19,Finalizada
OP002940,P0118,7,7,2026-04-09,Finalizada
OP002941,P0038,5,5,2025-03-13,Finalizada
OP002942,P0221,51,51,2026-04-10,Finalizada
OP002943,P0010,42,42,2024-04-24,Finalizada
OP002944,P0028,50,50,2024-02-28,Finalizada
OP002945,P0007,29,29,2026-03-27,Finalizada
OP002946,P0251,52,52,2025-07-18,Finalizada
OP002947,P0233,1,1,2025-06-25,Finalizada
OP002948,P0256,16,16,2025-07-16,Finalizada
OP002949,P0207,53,53,2026-04-10,Finalizada
OP002950,P0222,53,53,2025-04-09,Finalizada
OP002951,P0170,40,40,2025-12-01,Finalizada
OP002952,P0323,22,22,2025-12-13,Finalizada
OP002953,P0467,4,4,2025-12-23,Finalizada
OP002954,P0451,1,1,2025-03-24,Finalizada
OP002955,P0399,38,38,2024-12-19,Finalizada
OP002956,P0070,18,18,2024-12-19,Finalizada
OP002957,P0327,14,14,2025-07-28,Finalizada
OP002958,P0192,48,48,2024-06-28,Finalizada
OP002959,P0301,40,40,2025-12-02,Finalizada
OP002960,P0005,37,37,2024-10-19,Finalizada
OP002961,P0100,53,53,2026-03-17,Finalizada
OP002962,P0037,8,8,2026-02-23,Finalizada
OP002963,P0247,37,37,2025-12-05,Finalizada
OP002964,P0459,22,22,2025-12-16,Finalizada
OP002965,P0431,5,5,2024-11-28,Finalizada
OP002966,P0242,38,38,2025-04-30,Finalizada
OP002967,P0484,18,18,2025-06-19,Finalizada
OP002968,P0423,13,13,2024-01-16,Finalizada
OP002969,P0234,45,45,2025-04-28,Finalizada
OP002970,P0117,18,18,2025-01-09,Finalizada
OP002971,P0265,11,11,2025-02-25,Finalizada
OP002972,P0452,38,38,2024-03-12,Finalizada
OP002973,P0334,37,37,2024-03-22,Finalizada
OP002974,P0125,15,15,2025-05-19,Finalizada
OP002975,P0165,9,9,2026-02-09,Finalizada
OP002976,P0281,1,1,2024-12-07,Finalizada
OP002977,P0500,11,11,2024-02-22,Finalizada
OP002978,P0407,51,51,2026-02-13,Finalizada
OP002979,P0195,44,44,2026-03-18,Finalizada
OP002980,P0029,40,40,2024-02-27,Finalizada
OP002981,P0306,9,9,2025-09-18,Finalizada
OP002982,P0116,47,47,2025-03-07,Finalizada
OP002983,P0441,18,18,2024-10-10,Finalizada
OP002984,P0325,40,40,2025-01-07,Finalizada
OP002985,P0407,38,38,2026-03-18,Finalizada
OP002986,P0262,8,8,2025-02-24,Finalizada
OP002987,P0297,48,48,2026-03-10,Finalizada
OP002988,P0182,9,9,2024-12-16,Finalizada
OP002989,P0191,48,48,2025-05-07,Finalizada
OP002990,P0471,6,6,2025-06-17,Finalizada
OP002991,P0002,48,48,2026-03-26,Finalizada
OP002992,P0306,12,12,2025-10-28,Finalizada
OP002993,P0477,44,44,2024-01-18,Finalizada
OP002994,P0203,11,11,2025-12-31,Finalizada
OP002995,P0190,28,28,2025-04-10,Finalizada
OP002996,P0320,17,17,2025-07-06,Finalizada
OP002997,P0488,3,3,2025-10-22,Finalizada
OP002998,P0077,26,26,2025-01-24,Finalizada
OP002999,P0225,20,20,2024-04-01,Finalizada
OP003000,P0222,27,27,2025-11-14,Finalizada
OP003001,P0462,33,33,2024-01-29,Finalizada
OP003002,P0344,53,53,2025-06-03,Finalizada
OP003003,P0400,42,42,2024-07-07,Finalizada
OP003004,P0406,12,12,2024-10-31,Finalizada
OP003005,P0292,30,30,2025-05-16,Finalizada
OP003006,P0367,48,48,2026-04-08,Finalizada
OP003007,P0399,17,17,2024-04-24,Finalizada
OP003008,P0473,4,4,2024-01-05,Finalizada
OP003009,P0029,45,45,2026-04-05,Finalizada
OP003010,P0159,16,16,2024-03-11,Finalizada
OP003011,P0246,1,1,2025-07-17,Finalizada
OP003012,P0042,17,17,2025-12-12,Finalizada
OP003013,P0287,48,48,2024-07-08,Finalizada
OP003014,P0088,1,1,2024-06-12,Finalizada
OP003015,P0359,38,38,2025-04-22,Finalizada
OP003016,P0045,5,5,2025-04-16,Finalizada
OP003017,P0195,33,33,2025-05-04,Finalizada
OP003018,P0089,48,48,2025-07-21,Finalizada
OP003019,P0321,36,36,2025-11-28,Finalizada
OP003020,P0115,1,1,2026-05-22,Finalizada
OP003021,P0248,39,39,2024-11-20,Finalizada
OP003022,P0314,9,9,2025-12-09,Finalizada
OP003023,P0297,24,24,2025-09-17,Finalizada
OP003024,P0453,11,11,2025-04-30,Finalizada
OP003025,P0471,17,17,2025-08-11,Finalizada
OP003026,P0060,50,50,2024-03-18,Finalizada
OP003027,P0221,39,39,2024-09-19,Finalizada
OP003028,P0263,20,20,2025-12-08,Finalizada
OP003029,P0488,9,9,2025-05-23,Finalizada
OP003030,P0430,36,36,2025-06-13,Finalizada
OP003031,P0468,52,52,2025-12-30,Finalizada
OP003032,P0080,14,14,2024-08-09,Finalizada
OP003033,P0088,5,5,2026-02-16,Finalizada
OP003034,P0428,20,20,2024-04-26,Finalizada
OP003035,P0394,31,31,2025-08-20,Finalizada
OP003036,P0475,19,19,2025-10-17,Finalizada
OP003037,P0130,48,48,2025-06-17,Finalizada
OP003038,P0310,3,3,2026-05-07,Finalizada
OP003039,P0343,40,40,2025-01-13,Finalizada
OP003040,P0201,33,33,2025-01-28,Finalizada
OP003041,P0152,27,27,2025-08-06,Finalizada
OP003042,P0309,42,42,2025-10-02,Finalizada
OP003043,P0490,16,16,2026-02-23,Finalizada
OP003044,P0265,3,3,2026-03-11,Finalizada
OP003045,P0224,13,13,2025-04-19,Finalizada
OP003046,P0169,25,25,2025-02-20,Finalizada
OP003047,P0359,3,3,2025-08-07,Finalizada
OP003048,P0156,33,33,2025-08-16,Finalizada
OP003049,P0293,52,52,2024-05-29,Finalizada
OP003050,P0418,17,17,2024-06-06,Finalizada
OP003051,P0095,41,41,2025-05-08,Finalizada
OP003052,P0275,2,2,2025-02-05,Finalizada
OP003053,P0320,7,7,2025-08-20,Finalizada
OP003054,P0212,22,22,2025-01-10,Finalizada
OP003055,P0003,26,26,2024-01-07,Finalizada
OP003056,P0069,40,40,2025-02-06,Finalizada
OP003057,P0146,3,3,2024-07-15,Finalizada
OP003058,P0264,19,19,2026-01-18,Finalizada
OP003059,P0250,19,19,2026-01-29,Finalizada
OP003060,P0238,33,33,2026-05-08,Finalizada
OP003061,P0482,11,11,2024-08-21,Finalizada
OP003062,P0033,40,40,2026-02-23,Finalizada
OP003063,P0072,8,8,2025-11-19,Finalizada
OP003064,P0327,9,9,2026-02-11,Finalizada
OP003065,P0009,2,2,2025-02-25,Finalizada
OP003066,P0059,4,4,2024-04-25,Finalizada
OP003067,P0476,6,6,2025-01-10,Finalizada
OP003068,P0400,49,49,2025-11-19,Finalizada
OP003069,P0054,6,6,2026-01-02,Finalizada
OP003070,P0401,11,11,2026-01-19,Finalizada
OP003071,P0221,14,14,2026-05-16,Finalizada
OP003072,P0406,25,25,2025-08-25,Finalizada
OP003073,P0486,42,42,2025-02-11,Finalizada
OP003074,P0026,13,13,2025-09-25,Finalizada
OP003075,P0057,6,6,2024-08-08,Finalizada
OP003076,P0288,34,34,2024-08-05,Finalizada
OP003077,P0276,38,38,2025-06-11,Finalizada
OP003078,P0249,39,39,2025-10-15,Finalizada
OP003079,P0191,30,30,2026-04-07,Finalizada
OP003080,P0399,3,3,2024-12-18,Finalizada
OP003081,P0217,26,26,2025-11-17,Finalizada
OP003082,P0048,2,2,2026-03-25,Finalizada
OP003083,P0245,53,53,2025-12-22,Finalizada
OP003084,P0215,3,3,2024-12-26,Finalizada
OP003085,P0386,47,47,2025-04-30,Finalizada
OP003086,P0382,2,2,2024-02-09,Finalizada
OP003087,P0388,47,47,2025-11-21,Finalizada
OP003088,P0190,38,38,2026-05-18,Finalizada
OP003089,P0261,29,29,2025-12-08,Finalizada
OP003090,P0300,49,49,2025-11-19,Finalizada
OP003091,P0318,29,29,2026-03-12,Finalizada
OP003092,P0485,47,47,2026-02-27,Finalizada
OP003093,P0011,17,17,2025-08-13,Finalizada
OP003094,P0289,15,15,2026-02-11,Finalizada
OP003095,P0065,11,11,2024-01-11,Finalizada
OP003096,P0459,6,6,2024-04-16,Finalizada
OP003097,P0260,20,20,2025-04-22,Finalizada
OP003098,P0439,24,24,2026-02-24,Finalizada
OP003099,P0337,6,6,2025-02-28,Finalizada
OP003100,P0393,42,42,2025-07-18,Finalizada
OP003101,P0038,30,30,2025-10-18,Finalizada
OP003102,P0316,19,19,2025-06-25,Finalizada
OP003103,P0220,14,14,2024-03-26,Finalizada
OP003104,P0398,47,47,2025-12-16,Finalizada
OP003105,P0141,38,38,2025-07-13,Finalizada
OP003106,P0256,50,50,2025-10-27,Finalizada
OP003107,P0482,37,37,2026-04-13,Finalizada
OP003108,P0492,6,6,2026-02-05,Finalizada
OP003109,P0396,23,23,2026-03-09,Finalizada
OP003110,P0440,5,5,2024-12-12,Finalizada
OP003111,P0081,4,4,2025-09-17,Finalizada
OP003112,P0277,50,50,2025-05-14,Finalizada
OP003113,P0292,42,42,2024-12-17,Finalizada
OP003114,P0025,17,17,2026-03-05,Finalizada
OP003115,P0095,17,17,2025-05-15,Finalizada
OP003116,P0104,18,18,2026-01-01,Finalizada
OP003117,P0446,6,6,2024-10-22,Finalizada
OP003118,P0400,46,46,2025-04-07,Finalizada
OP003119,P0178,44,44,2025-04-17,Finalizada
OP003120,P0255,48,48,2024-09-19,Finalizada
OP003121,P0159,26,26,2026-03-09,Finalizada
OP003122,P0198,4,4,2024-05-02,Finalizada
OP003123,P0197,15,15,2025-01-14,Finalizada
OP003124,P0369,35,35,2024-02-24,Finalizada
OP003125,P0423,16,16,2025-12-03,Finalizada
OP003126,P0486,33,33,2026-03-18,Finalizada
OP003127,P0219,14,14,2024-04-23,Finalizada
OP003128,P0174,52,52,2024-08-23,Finalizada
OP003129,P0199,34,34,2026-03-12,Finalizada
OP003130,P0097,15,15,2025-02-07,Finalizada
OP003131,P0414,42,42,2026-02-03,Finalizada
OP003132,P0133,35,35,2025-06-30,Finalizada
OP003133,P0218,16,16,2024-11-08,Finalizada
OP003134,P0217,23,23,2025-07-04,Finalizada
OP003135,P0333,22,22,2026-01-05,Finalizada
OP003136,P0319,15,15,2025-02-17,Finalizada
OP003137,P0473,49,49,2025-06-16,Finalizada
OP003138,P0314,8,8,2024-02-22,Finalizada
OP003139,P0450,40,40,2024-03-11,Finalizada
OP003140,P0112,50,50,2024-06-21,Finalizada
OP003141,P0348,16,16,2025-07-01,Finalizada
OP003142,P0260,33,33,2024-05-14,Finalizada
OP003143,P0317,51,51,2025-12-16,Finalizada
OP003144,P0119,36,36,2025-12-25,Finalizada
OP003145,P0384,9,9,2026-03-23,Finalizada
OP003146,P0427,35,35,2025-02-12,Finalizada
OP003147,P0495,19,19,2025-03-28,Finalizada
OP003148,P0044,16,16,2025-03-20,Finalizada
OP003149,P0372,26,26,2025-09-15,Finalizada
OP003150,P0053,51,51,2026-02-27,Finalizada
OP003151,P0496,42,42,2026-01-20,Finalizada
OP003152,P0107,20,20,2025-11-14,Finalizada
OP003153,P0019,16,16,2026-02-09,Finalizada
OP003154,P0268,45,45,2026-01-27,Finalizada
OP003155,P0119,49,49,2026-03-13,Finalizada
OP003156,P0441,18,18,2025-02-24,Finalizada
OP003157,P0238,1,1,2025-11-09,Finalizada
OP003158,P0116,8,8,2024-10-15,Finalizada
OP003159,P0375,14,14,2026-04-27,Finalizada
OP003160,P0244,39,39,2024-10-18,Finalizada
OP003161,P0102,42,42,2024-12-30,Finalizada
OP003162,P0074,36,36,2024-11-27,Finalizada
OP003163,P0438,16,16,2025-11-22,Finalizada
OP003164,P0177,11,11,2024-11-04,Finalizada
OP003165,P0484,42,42,2026-04-14,Finalizada
OP003166,P0129,53,53,2026-04-30,Finalizada
OP003167,P0026,49,49,2026-04-21,Finalizada
OP003168,P0494,44,44,2026-01-13,Finalizada
OP003169,P0251,2,2,2026-03-30,Finalizada
OP003170,P0338,9,9,2025-06-27,Finalizada
OP003171,P0149,24,24,2025-09-22,Finalizada
OP003172,P0133,51,51,2025-01-30,Finalizada
OP003173,P0101,53,53,2024-11-12,Finalizada
OP003174,P0446,48,48,2025-11-27,Finalizada
OP003175,P0171,48,48,2024-09-26,Finalizada
OP003176,P0252,46,46,2026-05-20,Finalizada
OP003177,P0393,42,42,2026-03-06,Finalizada
OP003178,P0450,49,49,2024-12-24,Finalizada
OP003179,P0138,20,20,2025-04-17,Finalizada
OP003180,P0072,14,14,2025-07-01,Finalizada
OP003181,P0192,7,7,2024-12-11,Finalizada
OP003182,P0066,35,35,2024-05-24,Finalizada
OP003183,P0312,16,16,2024-10-20,Finalizada
OP003184,P0166,16,16,2025-01-20,Finalizada
OP003185,P0458,45,45,2024-08-14,Finalizada
OP003186,P0345,14,14,2024-04-02,Finalizada
OP003187,P0336,42,42,2026-01-15,Finalizada
OP003188,P0134,44,44,2026-02-23,Finalizada
OP003189,P0299,35,35,2026-03-02,Finalizada
OP003190,P0358,15,15,2026-04-12,Finalizada
OP003191,P0415,46,46,2025-09-22,Finalizada
OP003192,P0075,8,8,2024-09-19,Finalizada
OP003193,P0378,40,40,2026-04-30,Finalizada
OP003194,P0287,41,41,2025-09-24,Finalizada
OP003195,P0097,23,23,2025-01-06,Finalizada
OP003196,P0455,6,6,2024-09-16,Finalizada
OP003197,P0242,23,23,2025-01-14,Finalizada
OP003198,P0442,39,39,2025-12-12,Finalizada
OP003199,P0384,14,14,2026-03-07,Finalizada
OP003200,P0308,13,13,2026-02-20,Finalizada
OP003201,P0201,4,4,2024-08-30,Finalizada
OP003202,P0491,25,25,2025-12-22,Finalizada
OP003203,P0224,31,31,2024-04-05,Finalizada
OP003204,P0429,20,20,2025-07-29,Finalizada
OP003205,P0074,45,45,2024-04-24,Finalizada
OP003206,P0178,6,6,2026-02-06,Finalizada
OP003207,P0336,11,11,2026-05-18,Finalizada
OP003208,P0028,31,31,2024-12-11,Finalizada
OP003209,P0206,51,51,2024-03-19,Finalizada
OP003210,P0158,11,11,2026-05-22,Finalizada
OP003211,P0030,1,1,2026-04-20,Finalizada
OP003212,P0070,35,35,2026-03-06,Finalizada
OP003213,P0187,7,7,2025-05-25,Finalizada
OP003214,P0188,4,4,2025-03-11,Finalizada
OP003215,P0188,36,36,2025-10-03,Finalizada
OP003216,P0387,44,44,2025-12-11,Finalizada
OP003217,P0008,38,38,2026-03-27,Finalizada
OP003218,P0403,5,5,2024-12-31,Finalizada
OP003219,P0335,30,30,2025-11-12,Finalizada
OP003220,P0110,30,30,2025-02-28,Finalizada
OP003221,P0453,50,50,2025-06-02,Finalizada
OP003222,P0359,29,29,2024-10-29,Finalizada
OP003223,P0098,44,44,2024-10-16,Finalizada
OP003224,P0228,6,6,2024-02-09,Finalizada
OP003225,P0090,7,7,2025-05-15,Finalizada
OP003226,P0035,53,53,2026-05-17,Finalizada
OP003227,P0380,35,35,2025-12-12,Finalizada
OP003228,P0257,2,2,2025-07-24,Finalizada
OP003229,P0010,35,35,2024-09-11,Finalizada
OP003230,P0012,5,5,2025-09-09,Finalizada
OP003231,P0285,53,53,2025-12-29,Finalizada
OP003232,P0117,19,19,2025-08-09,Finalizada
OP003233,P0160,35,35,2025-09-20,Finalizada
OP003234,P0455,8,8,2025-09-17,Finalizada
OP003235,P0336,30,30,2026-04-29,Finalizada
OP003236,P0413,14,14,2025-10-06,Finalizada
OP003237,P0405,31,31,2025-12-09,Finalizada
OP003238,P0087,40,40,2024-03-25,Finalizada
OP003239,P0126,2,2,2025-12-04,Finalizada
OP003240,P0194,47,47,2024-03-15,Finalizada
OP003241,P0211,4,4,2025-08-14,Finalizada
OP003242,P0242,24,24,2025-12-08,Finalizada
OP003243,P0490,36,36,2024-07-12,Finalizada
OP003244,P0384,24,24,2025-08-05,Finalizada
OP003245,P0014,44,44,2025-03-19,Finalizada
OP003246,P0061,22,22,2025-11-13,Finalizada
OP003247,P0462,22,22,2026-02-18,Finalizada
OP003248,P0453,38,38,2025-09-22,Finalizada
OP003249,P0219,9,9,2024-09-12,Finalizada
OP003250,P0360,40,40,2025-08-15,Finalizada
OP003251,P0048,3,3,2025-07-15,Finalizada
OP003252,P0463,42,42,2024-05-02,Finalizada
OP003253,P0421,49,49,2024-09-23,Finalizada
OP003254,P0156,24,24,2026-01-20,Finalizada
OP003255,P0038,39,39,2024-02-15,Finalizada
OP003256,P0107,45,45,2025-11-07,Finalizada
OP003257,P0260,15,15,2024-08-08,Finalizada
OP003258,P0408,27,27,2025-09-20,Finalizada
OP003259,P0277,1,1,2024-01-23,Finalizada
OP003260,P0114,48,48,2026-05-14,Finalizada
OP003261,P0484,41,41,2025-04-18,Finalizada
OP003262,P0220,31,31,2026-04-20,Finalizada
OP003263,P0028,14,14,2025-01-29,Finalizada
OP003264,P0032,23,23,2026-03-20,Finalizada
OP003265,P0088,9,9,2025-11-20,Finalizada
OP003266,P0456,3,3,2026-05-02,Finalizada
OP003267,P0391,34,34,2024-12-23,Finalizada
OP003268,P0110,16,16,2026-01-02,Finalizada
OP003269,P0442,7,7,2026-05-01,Finalizada
OP003270,P0379,13,13,2026-04-03,Finalizada
OP003271,P0060,34,34,2025-08-28,Finalizada
OP003272,P0061,45,45,2024-02-26,Finalizada
OP003273,P0385,47,47,2025-05-14,Finalizada
OP003274,P0256,13,13,2025-05-01,Finalizada
OP003275,P0376,50,50,2024-05-31,Finalizada
OP003276,P0366,35,35,2024-10-09,Finalizada
OP003277,P0035,37,37,2026-03-06,Finalizada
OP003278,P0470,9,9,2025-12-23,Finalizada
OP003279,P0027,37,37,2024-04-11,Finalizada
OP003280,P0239,30,30,2026-03-16,Finalizada
OP003281,P0067,11,11,2024-12-06,Finalizada
OP003282,P0229,31,31,2025-11-04,Finalizada
OP003283,P0162,29,29,2024-11-11,Finalizada
OP003284,P0270,14,14,2026-04-15,Finalizada
OP003285,P0178,50,50,2026-01-07,Finalizada
OP003286,P0272,36,36,2024-02-02,Finalizada
OP003287,P0248,6,6,2025-10-19,Finalizada
OP003288,P0301,13,13,2025-09-16,Finalizada
OP003289,P0332,5,5,2024-09-25,Finalizada
OP003290,P0128,6,6,2024-01-16,Finalizada
OP003291,P0345,15,15,2026-02-24,Finalizada
OP003292,P0095,36,36,2026-02-16,Finalizada
OP003293,P0482,9,9,2024-07-11,Finalizada
OP003294,P0309,13,13,2024-11-17,Finalizada
OP003295,P0167,28,28,2024-02-29,Finalizada
OP003296,P0254,45,45,2025-11-27,Finalizada
OP003297,P0023,24,24,2024-06-17,Finalizada
OP003298,P0276,24,24,2024-12-27,Finalizada
OP003299,P0119,13,13,2026-03-18,Finalizada
OP003300,P0004,37,37,2026-03-02,Finalizada
OP003301,P0385,6,6,2024-02-08,Finalizada
OP003302,P0223,5,5,2026-03-13,Finalizada
OP003303,P0164,2,2,2026-03-23,Finalizada
OP003304,P0337,17,17,2026-05-06,Finalizada
OP003305,P0296,53,53,2025-07-05,Finalizada
OP003306,P0245,7,7,2024-07-25,Finalizada
OP003307,P0437,28,28,2025-05-20,Finalizada
OP003308,P0433,25,25,2025-10-01,Finalizada
OP003309,P0308,14,14,2024-08-22,Finalizada
OP003310,P0127,53,53,2025-09-18,Finalizada
OP003311,P0066,33,33,2025-08-05,Finalizada
OP003312,P0444,18,18,2026-02-17,Finalizada
OP003313,P0411,29,29,2025-04-09,Finalizada
OP003314,P0385,14,14,2025-08-19,Finalizada
OP003315,P0360,24,24,2026-04-10,Finalizada
OP003316,P0015,17,17,2026-04-21,Finalizada
OP003317,P0027,45,45,2024-09-10,Finalizada
OP003318,P0494,33,33,2024-12-27,Finalizada
OP003319,P0477,24,24,2024-02-08,Finalizada
OP003320,P0190,30,30,2024-11-15,Finalizada
OP003321,P0372,46,46,2025-09-02,Finalizada
OP003322,P0075,30,30,2025-08-29,Finalizada
OP003323,P0152,6,6,2025-08-07,Finalizada
OP003324,P0127,51,51,2026-03-23,Finalizada
OP003325,P0312,31,31,2026-01-05,Finalizada
OP003326,P0407,6,6,2026-01-19,Finalizada
OP003327,P0464,50,50,2024-07-30,Finalizada
OP003328,P0322,38,38,2026-01-21,Finalizada
OP003329,P0482,52,52,2024-12-05,Finalizada
OP003330,P0118,14,14,2024-09-18,Finalizada
OP003331,P0042,29,29,2026-02-27,Finalizada
OP003332,P0300,49,49,2025-02-24,Finalizada
OP003333,P0355,7,7,2025-01-07,Finalizada
OP003334,P0280,44,44,2026-04-20,Finalizada
OP003335,P0420,1,1,2024-02-19,Finalizada
OP003336,P0228,35,35,2024-01-26,Finalizada
OP003337,P0374,50,50,2024-03-29,Finalizada
OP003338,P0467,45,45,2025-03-04,Finalizada
OP003339,P0454,2,2,2025-05-06,Finalizada
OP003340,P0373,15,15,2025-12-26,Finalizada
OP003341,P0266,18,18,2026-05-06,Finalizada
OP003342,P0135,31,31,2025-09-09,Finalizada
OP003343,P0092,27,27,2025-08-12,Finalizada
OP003344,P0104,24,24,2026-02-25,Finalizada
OP003345,P0484,49,49,2026-02-28,Finalizada
OP003346,P0450,41,41,2024-03-26,Finalizada
OP003347,P0490,8,8,2024-12-17,Finalizada
OP003348,P0355,33,33,2025-11-12,Finalizada
OP003349,P0246,6,6,2024-03-31,Finalizada
OP003350,P0367,17,17,2026-04-03,Finalizada
OP003351,P0448,6,6,2024-10-05,Finalizada
OP003352,P0142,22,22,2025-11-21,Finalizada
OP003353,P0170,1,1,2024-12-14,Finalizada
OP003354,P0388,13,13,2026-04-02,Finalizada
OP003355,P0015,19,19,2025-11-27,Finalizada
OP003356,P0406,46,46,2025-02-05,Finalizada
OP003357,P0296,30,30,2026-04-01,Finalizada
OP003358,P0395,31,31,2025-11-13,Finalizada
OP003359,P0018,47,47,2025-12-01,Finalizada
OP003360,P0029,33,33,2025-11-26,Finalizada
OP003361,P0212,2,2,2025-12-26,Finalizada
OP003362,P0207,26,26,2026-01-08,Finalizada
OP003363,P0071,23,23,2025-02-11,Finalizada
OP003364,P0256,5,5,2024-05-20,Finalizada
OP003365,P0420,24,24,2025-11-04,Finalizada
OP003366,P0357,51,51,2026-01-11,Finalizada
OP003367,P0061,1,1,2026-04-20,Finalizada
OP003368,P0296,40,40,2025-04-03,Finalizada
OP003369,P0451,42,42,2025-06-12,Finalizada
OP003370,P0325,44,44,2024-12-10,Finalizada
OP003371,P0421,26,26,2026-04-22,Finalizada
OP003372,P0285,9,9,2024-09-05,Finalizada
OP003373,P0498,23,23,2024-04-26,Finalizada
OP003374,P0444,38,38,2025-02-26,Finalizada
OP003375,P0139,49,49,2026-03-27,Finalizada
OP003376,P0057,45,45,2026-03-17,Finalizada
OP003377,P0167,19,19,2026-05-08,Finalizada
OP003378,P0232,4,4,2024-07-17,Finalizada
OP003379,P0409,28,28,2025-11-13,Finalizada
OP003380,P0002,11,11,2025-12-18,Finalizada
OP003381,P0198,45,45,2026-01-14,Finalizada
OP003382,P0192,27,27,2024-12-27,Finalizada
OP003383,P0098,51,51,2025-10-13,Finalizada
OP003384,P0051,22,22,2025-09-19,Finalizada
OP003385,P0302,45,45,2024-07-21,Finalizada
OP003386,P0474,26,26,2025-02-05,Finalizada
OP003387,P0030,8,8,2024-09-10,Finalizada
OP003388,P0234,14,14,2026-03-24,Finalizada
OP003389,P0319,37,37,2025-11-12,Finalizada
OP003390,P0066,20,20,2025-01-15,Finalizada
OP003391,P0499,4,4,2025-02-10,Finalizada
OP003392,P0283,42,42,2025-10-06,Finalizada
OP003393,P0423,3,3,2026-03-10,Finalizada
OP003394,P0287,44,44,2025-03-13,Finalizada
OP003395,P0356,49,49,2024-01-09,Finalizada
OP003396,P0043,49,49,2026-01-05,Finalizada
OP003397,P0288,37,37,2024-02-14,Finalizada
OP003398,P0221,37,37,2026-03-11,Finalizada
OP003399,P0364,11,11,2025-11-28,Finalizada
OP003400,P0068,18,18,2025-01-21,Finalizada
OP003401,P0086,17,17,2024-09-25,Finalizada
OP003402,P0459,51,51,2025-04-04,Finalizada
OP003403,P0302,15,15,2024-11-15,Finalizada
OP003404,P0324,27,27,2025-01-08,Finalizada
OP003405,P0442,19,19,2025-02-02,Finalizada
OP003406,P0276,37,37,2026-01-21,Finalizada
OP003407,P0375,30,30,2024-11-12,Finalizada
OP003408,P0427,46,46,2024-05-24,Finalizada
OP003409,P0471,5,5,2026-01-27,Finalizada
OP003410,P0390,27,27,2024-07-24,Finalizada
OP003411,P0440,50,50,2025-12-20,Finalizada
OP003412,P0500,5,5,2026-03-27,Finalizada
OP003413,P0077,22,22,2025-04-23,Finalizada
OP003414,P0292,2,2,2026-03-18,Finalizada
OP003415,P0309,29,29,2024-12-23,Finalizada
OP003416,P0266,24,24,2026-02-12,Finalizada
OP003417,P0465,33,33,2024-10-07,Finalizada
OP003418,P0226,22,22,2025-03-06,Finalizada
OP003419,P0017,7,7,2025-10-14,Finalizada
OP003420,P0029,13,13,2024-07-26,Finalizada
OP003421,P0372,6,6,2025-08-05,Finalizada
OP003422,P0174,19,19,2026-05-19,Finalizada
OP003423,P0160,51,51,2025-11-28,Finalizada
OP003424,P0351,3,3,2025-08-08,Finalizada
OP003425,P0094,19,19,2025-04-15,Finalizada
OP003426,P0103,50,50,2026-03-25,Finalizada
OP003427,P0122,8,8,2025-09-18,Finalizada
OP003428,P0070,49,49,2026-02-02,Finalizada
OP003429,P0220,3,3,2025-06-29,Finalizada
OP003430,P0471,1,1,2025-09-15,Finalizada
OP003431,P0417,20,20,2026-03-22,Finalizada
OP003432,P0125,2,2,2025-05-15,Finalizada
OP003433,P0247,7,7,2025-12-30,Finalizada
OP003434,P0424,2,2,2025-12-29,Finalizada
OP003435,P0212,37,37,2026-05-07,Finalizada
OP003436,P0476,45,45,2025-12-01,Finalizada
OP003437,P0481,20,20,2024-03-04,Finalizada
OP003438,P0442,11,11,2025-08-06,Finalizada
OP003439,P0392,18,18,2025-11-26,Finalizada
OP003440,P0338,23,23,2024-11-11,Finalizada
OP003441,P0258,52,52,2025-08-24,Finalizada
OP003442,P0460,27,27,2026-03-23,Finalizada
OP003443,P0192,14,14,2026-01-29,Finalizada
OP003444,P0389,52,52,2025-10-02,Finalizada
OP003445,P0349,2,2,2025-06-03,Finalizada
OP003446,P0339,18,18,2025-01-24,Finalizada
OP003447,P0407,49,49,2025-09-01,Finalizada
OP003448,P0407,14,14,2025-12-02,Finalizada
OP003449,P0015,41,41,2024-04-12,Finalizada
OP003450,P0376,23,23,2026-01-15,Finalizada
OP003451,P0483,34,34,2024-05-27,Finalizada
OP003452,P0043,33,33,2026-03-26,Finalizada
OP003453,P0299,13,13,2025-11-19,Finalizada
OP003454,P0378,28,28,2026-04-09,Finalizada
OP003455,P0232,2,2,2024-05-20,Finalizada
OP003456,P0429,51,51,2025-12-16,Finalizada
OP003457,P0253,15,15,2025-07-16,Finalizada
OP003458,P0363,20,20,2025-12-10,Finalizada
OP003459,P0136,51,51,2025-09-19,Finalizada
OP003460,P0234,2,2,2025-06-16,Finalizada
OP003461,P0012,49,49,2026-03-06,Finalizada
OP003462,P0461,28,28,2025-08-15,Finalizada
OP003463,P0119,28,28,2024-12-12,Finalizada
OP003464,P0027,47,47,2026-04-14,Finalizada
OP003465,P0428,44,44,2026-01-20,Finalizada
OP003466,P0479,13,13,2024-09-20,Finalizada
OP003467,P0050,13,13,2025-04-17,Finalizada
OP003468,P0361,31,31,2025-08-08,Finalizada
OP003469,P0151,40,40,2025-08-25,Finalizada
OP003470,P0173,6,6,2024-08-08,Finalizada
OP003471,P0258,4,4,2025-04-04,Finalizada
OP003472,P0361,13,13,2025-02-02,Finalizada
OP003473,P0479,3,3,2026-02-07,Finalizada
OP003474,P0438,12,12,2025-07-16,Finalizada
OP003475,P0070,45,45,2025-04-01,Finalizada
OP003476,P0261,36,36,2024-07-17,Finalizada
OP003477,P0003,15,15,2025-04-09,Finalizada
OP003478,P0110,45,45,2024-06-25,Finalizada
OP003479,P0068,8,8,2025-05-01,Finalizada
OP003480,P0126,11,11,2025-02-06,Finalizada
OP003481,P0321,40,40,2024-03-18,Finalizada
OP003482,P0324,44,44,2026-04-02,Finalizada
OP003483,P0474,8,8,2025-04-07,Finalizada
OP003484,P0411,13,13,2024-03-18,Finalizada
OP003485,P0186,24,24,2025-11-07,Finalizada
OP003486,P0128,30,30,2025-08-19,Finalizada
OP003487,P0049,41,41,2025-08-13,Finalizada
OP003488,P0184,38,38,2025-01-09,Finalizada
OP003489,P0268,16,16,2024-11-14,Finalizada
OP003490,P0293,35,35,2025-11-06,Finalizada
OP003491,P0067,34,34,2025-11-05,Finalizada
OP003492,P0296,50,50,2026-05-18,Finalizada
OP003493,P0028,47,47,2024-10-15,Finalizada
OP003494,P0061,25,25,2026-03-20,Finalizada
OP003495,P0404,16,16,2024-12-27,Finalizada
OP003496,P0203,13,13,2024-08-28,Finalizada
OP003497,P0375,38,38,2025-12-17,Finalizada
OP003498,P0001,51,51,2026-01-07,Finalizada
OP003499,P0496,48,48,2026-03-26,Finalizada
OP003500,P0269,38,38,2026-03-08,Finalizada
OP003501,P0085,38,38,2025-02-04,Finalizada
OP003502,P0234,4,4,2024-12-09,Finalizada
OP003503,P0112,11,11,2025-03-12,Finalizada
OP003504,P0404,20,20,2025-08-11,Finalizada
OP003505,P0276,5,5,2024-11-01,Finalizada
OP003506,P0345,6,6,2024-06-05,Finalizada
OP003507,P0218,41,41,2024-12-11,Finalizada
OP003508,P0164,47,47,2025-08-29,Finalizada
OP003509,P0158,52,52,2026-01-12,Finalizada
OP003510,P0392,16,16,2026-04-21,Finalizada
OP003511,P0343,53,53,2026-03-05,Finalizada
OP003512,P0139,22,22,2025-02-19,Finalizada
OP003513,P0324,12,12,2025-02-17,Finalizada
OP003514,P0464,13,13,2025-03-03,Finalizada
OP003515,P0241,48,48,2025-10-02,Finalizada
OP003516,P0180,24,24,2026-04-13,Finalizada
OP003517,P0239,49,49,2024-05-06,Finalizada
OP003518,P0397,42,42,2024-02-29,Finalizada
OP003519,P0102,24,24,2024-01-26,Finalizada
OP003520,P0062,42,42,2025-05-07,Finalizada
OP003521,P0441,6,6,2026-03-27,Finalizada
OP003522,P0500,31,31,2025-06-15,Finalizada
OP003523,P0071,20,20,2026-01-28,Finalizada
OP003524,P0193,48,48,2025-07-16,Finalizada
OP003525,P0010,16,16,2026-04-09,Finalizada
OP003526,P0310,20,20,2024-10-15,Finalizada
OP003527,P0431,38,38,2025-09-29,Finalizada
OP003528,P0029,20,20,2024-05-23,Finalizada
OP003529,P0171,5,5,2025-03-24,Finalizada
OP003530,P0217,30,30,2025-05-15,Finalizada
OP003531,P0275,7,7,2025-09-08,Finalizada
OP003532,P0165,9,9,2024-09-30,Finalizada
OP003533,P0318,11,11,2024-05-02,Finalizada
OP003534,P0040,24,24,2025-04-05,Finalizada
OP003535,P0343,4,4,2024-03-20,Finalizada
OP003536,P0039,38,38,2025-04-15,Finalizada
OP003537,P0160,17,17,2024-12-10,Finalizada
OP003538,P0286,26,26,2025-11-06,Finalizada
OP003539,P0003,6,6,2026-03-19,Finalizada
OP003540,P0380,8,8,2024-07-30,Finalizada
OP003541,P0165,15,15,2025-11-14,Finalizada
OP003542,P0483,18,18,2024-05-27,Finalizada
OP003543,P0015,29,29,2025-01-06,Finalizada
OP003544,P0086,34,34,2024-08-30,Finalizada
OP003545,P0423,28,28,2025-11-19,Finalizada
OP003546,P0246,28,28,2024-10-07,Finalizada
OP003547,P0083,23,23,2025-10-08,Finalizada
OP003548,P0457,30,30,2025-03-21,Finalizada
OP003549,P0052,12,12,2026-01-21,Finalizada
OP003550,P0435,12,12,2026-01-23,Finalizada
OP003551,P0346,24,24,2025-03-03,Finalizada
OP003552,P0048,26,26,2026-03-26,Finalizada
OP003553,P0417,16,16,2025-12-09,Finalizada
OP003554,P0259,31,31,2024-03-11,Finalizada
OP003555,P0215,4,4,2025-11-21,Finalizada
OP003556,P0447,3,3,2024-06-27,Finalizada
OP003557,P0021,19,19,2024-12-17,Finalizada
OP003558,P0078,38,38,2024-11-13,Finalizada
OP003559,P0181,24,24,2025-12-15,Finalizada
OP003560,P0332,53,53,2024-11-29,Finalizada
OP003561,P0461,30,30,2025-05-19,Finalizada
OP003562,P0495,22,22,2025-07-30,Finalizada
OP003563,P0296,9,9,2025-07-08,Finalizada
OP003564,P0323,30,30,2024-09-20,Finalizada
OP003565,P0405,40,40,2024-11-22,Finalizada
OP003566,P0155,41,41,2024-11-22,Finalizada
OP003567,P0463,23,23,2024-04-11,Finalizada
OP003568,P0008,16,16,2024-02-27,Finalizada
OP003569,P0450,8,8,2024-06-19,Finalizada
OP003570,P0390,4,4,2026-01-16,Finalizada
OP003571,P0137,42,42,2024-02-14,Finalizada
OP003572,P0061,9,9,2025-04-11,Finalizada
OP003573,P0110,2,2,2024-02-23,Finalizada
OP003574,P0466,41,41,2025-12-05,Finalizada
OP003575,P0270,11,11,2024-01-12,Finalizada
OP003576,P0057,40,40,2026-02-20,Finalizada
OP003577,P0100,2,2,2025-09-16,Finalizada
OP003578,P0456,11,11,2025-10-02,Finalizada
OP003579,P0470,18,18,2025-01-22,Finalizada
OP003580,P0358,45,45,2025-03-12,Finalizada
OP003581,P0321,49,49,2025-01-06,Finalizada
OP003582,P0420,51,51,2025-05-09,Finalizada
OP003583,P0462,29,29,2026-05-14,Finalizada
OP003584,P0213,38,38,2025-04-22,Finalizada
OP003585,P0407,25,25,2025-01-08,Finalizada
OP003586,P0396,7,7,2024-07-10,Finalizada
OP003587,P0023,33,33,2024-08-22,Finalizada
OP003588,P0068,39,39,2026-01-23,Finalizada
OP003589,P0240,4,4,2025-11-06,Finalizada
OP003590,P0059,45,45,2026-02-02,Finalizada
OP003591,P0073,11,11,2024-12-03,Finalizada
OP003592,P0231,23,23,2025-08-13,Finalizada
OP003593,P0093,46,46,2026-03-18,Finalizada
OP003594,P0211,1,1,2024-02-01,Finalizada
OP003595,P0164,23,23,2026-03-22,Finalizada
OP003596,P0356,6,6,2026-03-27,Finalizada
OP003597,P0103,24,24,2025-07-21,Finalizada
OP003598,P0453,16,16,2026-01-05,Finalizada
OP003599,P0438,45,45,2025-06-30,Finalizada
OP003600,P0183,44,44,2024-07-23,Finalizada
OP003601,P0456,16,16,2025-02-10,Finalizada
OP003602,P0448,39,39,2026-03-23,Finalizada
OP003603,P0368,6,6,2025-10-01,Finalizada
OP003604,P0434,41,41,2026-03-25,Finalizada
OP003605,P0026,17,17,2025-06-06,Finalizada
OP003606,P0197,49,49,2026-02-25,Finalizada
OP003607,P0174,44,44,2026-03-24,Finalizada
OP003608,P0289,42,42,2025-04-17,Finalizada
OP003609,P0439,25,25,2024-02-27,Finalizada
OP003610,P0377,36,36,2025-11-04,Finalizada
OP003611,P0166,45,45,2025-04-01,Finalizada
OP003612,P0483,53,53,2025-01-23,Finalizada
OP003613,P0141,17,17,2025-09-17,Finalizada
OP003614,P0240,53,53,2025-03-03,Finalizada
OP003615,P0194,12,12,2025-07-10,Finalizada
OP003616,P0278,27,27,2024-10-11,Finalizada
OP003617,P0354,30,30,2024-06-18,Finalizada
OP003618,P0452,49,49,2025-11-06,Finalizada
OP003619,P0013,33,33,2024-02-12,Finalizada
OP003620,P0292,44,44,2026-03-09,Finalizada
OP003621,P0275,35,35,2024-04-22,Finalizada
OP003622,P0230,11,11,2025-11-27,Finalizada
OP003623,P0355,13,13,2025-07-23,Finalizada
OP003624,P0353,20,20,2025-04-17,Finalizada
OP003625,P0457,48,48,2025-03-06,Finalizada
OP003626,P0485,13,13,2025-10-15,Finalizada
OP003627,P0074,13,13,2024-08-20,Finalizada
OP003628,P0485,44,44,2026-02-12,Finalizada
OP003629,P0177,47,47,2024-01-22,Finalizada
OP003630,P0454,23,23,2026-03-20,Finalizada
OP003631,P0387,12,12,2025-12-01,Finalizada
OP003632,P0346,50,50,2026-04-14,Finalizada
OP003633,P0231,52,52,2025-05-08,Finalizada
OP003634,P0477,24,24,2024-07-26,Finalizada
OP003635,P0418,26,26,2026-05-12,Finalizada
OP003636,P0260,23,23,2024-01-29,Finalizada
OP003637,P0288,26,26,2024-03-05,Finalizada
OP003638,P0179,23,23,2025-05-19,Finalizada
OP003639,P0036,49,49,2024-02-06,Finalizada
OP003640,P0249,45,45,2026-02-20,Finalizada
OP003641,P0123,37,37,2025-09-24,Finalizada
OP003642,P0411,12,12,2024-11-11,Finalizada
OP003643,P0462,44,44,2025-12-09,Finalizada
OP003644,P0002,40,40,2025-11-10,Finalizada
OP003645,P0257,18,18,2025-03-18,Finalizada
OP003646,P0422,16,16,2024-12-26,Finalizada
OP003647,P0086,49,49,2026-05-05,Finalizada
OP003648,P0037,35,35,2026-02-09,Finalizada
OP003649,P0213,6,6,2025-09-23,Finalizada
OP003650,P0052,11,11,2024-01-01,Finalizada
OP003651,P0103,31,31,2026-02-09,Finalizada
OP003652,P0400,45,45,2025-12-12,Finalizada
OP003653,P0070,52,52,2025-04-18,Finalizada
OP003654,P0301,22,22,2024-11-22,Finalizada
OP003655,P0028,33,33,2026-03-18,Finalizada
OP003656,P0492,49,49,2025-04-02,Finalizada
OP003657,P0415,49,49,2026-01-08,Finalizada
OP003658,P0361,31,31,2025-11-20,Finalizada
OP003659,P0461,33,33,2025-10-01,Finalizada
OP003660,P0276,24,24,2025-05-19,Finalizada
OP003661,P0139,1,1,2024-06-17,Finalizada
OP003662,P0347,18,18,2025-05-26,Finalizada
OP003663,P0325,3,3,2024-07-09,Finalizada
OP003664,P0092,8,8,2025-01-19,Finalizada
OP003665,P0172,42,42,2026-01-30,Finalizada
OP003666,P0197,37,37,2025-07-05,Finalizada
OP003667,P0093,45,45,2025-03-26,Finalizada
OP003668,P0153,27,27,2025-03-06,Finalizada
OP003669,P0213,36,36,2024-01-23,Finalizada
OP003670,P0183,17,17,2025-02-26,Finalizada
OP003671,P0057,33,33,2024-08-31,Finalizada
OP003672,P0203,51,51,2026-03-18,Finalizada
OP003673,P0018,2,2,2025-02-11,Finalizada
OP003674,P0445,34,34,2025-07-14,Finalizada
OP003675,P0329,53,53,2025-09-15,Finalizada
OP003676,P0254,30,30,2025-05-01,Finalizada
OP003677,P0180,35,35,2025-10-30,Finalizada
OP003678,P0253,19,19,2025-08-13,Finalizada
OP003679,P0103,18,18,2024-10-05,Finalizada
OP003680,P0317,40,40,2024-05-24,Finalizada
OP003681,P0253,9,9,2024-06-13,Finalizada
OP003682,P0110,24,24,2025-09-02,Finalizada
OP003683,P0401,16,16,2025-01-06,Finalizada
OP003684,P0251,49,49,2025-12-16,Finalizada
OP003685,P0342,37,37,2025-06-27,Finalizada
OP003686,P0329,16,16,2024-07-04,Finalizada
OP003687,P0121,44,44,2025-04-02,Finalizada
OP003688,P0278,45,45,2026-01-13,Finalizada
OP003689,P0368,46,46,2024-06-04,Finalizada
OP003690,P0091,17,17,2024-09-17,Finalizada
OP003691,P0338,35,35,2025-11-04,Finalizada
OP003692,P0271,6,6,2025-10-03,Finalizada
OP003693,P0377,4,4,2024-04-13,Finalizada
OP003694,P0429,8,8,2025-01-04,Finalizada
OP003695,P0152,25,25,2024-06-25,Finalizada
OP003696,P0055,42,42,2024-09-05,Finalizada
OP003697,P0406,28,28,2025-07-20,Finalizada
OP003698,P0489,49,49,2025-06-23,Finalizada
OP003699,P0322,34,34,2025-03-17,Finalizada
OP003700,P0082,33,33,2025-11-28,Finalizada
OP003701,P0483,31,31,2025-01-16,Finalizada
OP003702,P0234,41,41,2024-07-22,Finalizada
OP003703,P0188,20,20,2026-04-11,Finalizada
OP003704,P0147,9,9,2024-07-04,Finalizada
OP003705,P0319,4,4,2024-11-27,Finalizada
OP003706,P0269,3,3,2024-12-16,Finalizada
OP003707,P0405,8,8,2025-10-22,Finalizada
OP003708,P0437,44,44,2024-09-27,Finalizada
OP003709,P0364,24,24,2024-05-27,Finalizada
OP003710,P0346,41,41,2024-08-23,Finalizada
OP003711,P0161,2,2,2024-10-24,Finalizada
OP003712,P0055,51,51,2024-03-26,Finalizada
OP003713,P0008,3,3,2024-01-22,Finalizada
OP003714,P0499,33,33,2024-04-09,Finalizada
OP003715,P0465,24,24,2025-01-21,Finalizada
OP003716,P0199,49,49,2024-12-31,Finalizada
OP003717,P0394,46,46,2025-11-13,Finalizada
OP003718,P0147,16,16,2025-08-28,Finalizada
OP003719,P0021,1,1,2025-09-11,Finalizada
OP003720,P0385,28,28,2024-08-10,Finalizada
OP003721,P0281,12,12,2026-01-12,Finalizada
OP003722,P0304,36,36,2024-12-23,Finalizada
OP003723,P0324,22,22,2026-01-12,Finalizada
OP003724,P0027,39,39,2026-05-05,Finalizada
OP003725,P0108,28,28,2025-01-17,Finalizada
OP003726,P0189,50,50,2026-01-31,Finalizada
OP003727,P0461,16,16,2026-05-12,Finalizada
OP003728,P0107,14,14,2026-01-29,Finalizada
OP003729,P0252,5,5,2024-11-20,Finalizada
OP003730,P0297,7,7,2024-10-16,Finalizada
OP003731,P0396,28,28,2025-01-29,Finalizada
OP003732,P0210,30,30,2025-07-29,Finalizada
OP003733,P0023,25,25,2026-01-27,Finalizada
OP003734,P0346,49,49,2025-11-20,Finalizada
OP003735,P0111,13,13,2025-06-23,Finalizada
OP003736,P0287,6,6,2025-06-20,Finalizada
OP003737,P0113,34,34,2026-03-04,Finalizada
OP003738,P0193,7,7,2025-11-03,Finalizada
OP003739,P0316,7,7,2025-08-25,Finalizada
OP003740,P0198,45,45,2024-04-28,Finalizada
OP003741,P0447,23,23,2025-08-18,Finalizada
OP003742,P0330,9,9,2024-04-18,Finalizada
OP003743,P0058,33,33,2024-09-19,Finalizada
OP003744,P0107,26,26,2026-04-06,Finalizada
OP003745,P0433,31,31,2024-02-27,Finalizada
OP003746,P0355,13,13,2026-04-20,Finalizada
OP003747,P0187,17,17,2025-10-21,Finalizada
OP003748,P0434,27,27,2024-07-04,Finalizada
OP003749,P0364,39,39,2024-11-26,Finalizada
OP003750,P0396,47,47,2025-07-31,Finalizada
OP003751,P0225,6,6,2026-02-27,Finalizada
OP003752,P0485,13,13,2025-12-11,Finalizada
OP003753,P0122,39,39,2025-05-04,Finalizada
OP003754,P0068,50,50,2026-02-26,Finalizada
OP003755,P0455,49,49,2024-01-19,Finalizada
OP003756,P0184,25,25,2025-06-03,Finalizada
OP003757,P0491,33,33,2026-02-17,Finalizada
OP003758,P0232,34,34,2026-03-14,Finalizada
OP003759,P0030,18,18,2026-03-24,Finalizada
OP003760,P0205,7,7,2026-03-03,Finalizada
OP003761,P0480,27,27,2025-12-12,Finalizada
OP003762,P0456,51,51,2025-09-12,Finalizada
OP003763,P0210,19,19,2024-12-03,Finalizada
OP003764,P0499,47,47,2026-02-11,Finalizada
OP003765,P0500,13,13,2025-09-25,Finalizada
OP003766,P0178,13,13,2025-12-19,Finalizada
OP003767,P0214,46,46,2025-05-21,Finalizada
OP003768,P0001,50,50,2025-03-10,Finalizada
OP003769,P0147,12,12,2025-06-26,Finalizada
OP003770,P0086,34,34,2024-02-28,Finalizada
OP003771,P0385,12,12,2024-01-25,Finalizada
OP003772,P0142,17,17,2025-09-22,Finalizada
OP003773,P0146,41,41,2024-06-29,Finalizada
OP003774,P0207,35,35,2025-05-28,Finalizada
OP003775,P0313,5,5,2026-03-05,Finalizada
OP003776,P0228,12,12,2026-03-17,Finalizada
OP003777,P0491,15,15,2026-04-27,Finalizada
OP003778,P0497,2,2,2025-03-13,Finalizada
OP003779,P0094,45,45,2025-10-10,Finalizada
OP003780,P0495,40,40,2026-04-24,Finalizada
OP003781,P0453,33,33,2026-02-24,Finalizada
OP003782,P0207,29,29,2025-12-09,Finalizada
OP003783,P0073,42,42,2026-01-05,Finalizada
OP003784,P0282,26,26,2024-10-15,Finalizada
OP003785,P0110,36,36,2025-09-10,Finalizada
OP003786,P0103,19,19,2026-04-02,Finalizada
OP003787,P0481,35,35,2026-01-07,Finalizada
OP003788,P0150,28,28,2026-05-01,Finalizada
OP003789,P0154,2,2,2024-04-16,Finalizada
OP003790,P0154,35,35,2026-02-26,Finalizada
OP003791,P0262,44,44,2024-02-14,Finalizada
OP003792,P0333,23,23,2024-03-13,Finalizada
OP003793,P0163,35,35,2025-09-04,Finalizada
OP003794,P0487,7,7,2026-05-05,Finalizada
OP003795,P0428,13,13,2025-03-31,Finalizada
OP003796,P0065,2,2,2026-03-17,Finalizada
OP003797,P0436,16,16,2026-05-04,Finalizada
OP003798,P0068,48,48,2025-11-12,Finalizada
OP003799,P0072,11,11,2025-10-01,Finalizada
OP003800,P0500,20,20,2025-09-29,Finalizada
OP003801,P0076,20,20,2026-04-27,Finalizada
OP003802,P0179,52,52,2025-09-18,Finalizada
OP003803,P0163,15,15,2024-07-17,Finalizada
OP003804,P0310,53,53,2026-05-08,Finalizada
OP003805,P0205,52,52,2025-03-13,Finalizada
OP003806,P0119,41,41,2024-12-06,Finalizada
OP003807,P0112,24,24,2024-07-31,Finalizada
OP003808,P0038,28,28,2026-05-15,Finalizada
OP003809,P0149,48,48,2024-10-30,Finalizada
OP003810,P0334,8,8,2025-05-22,Finalizada
OP003811,P0160,36,36,2024-01-10,Finalizada
OP003812,P0235,27,27,2025-02-10,Finalizada
OP003813,P0279,42,42,2024-12-12,Finalizada
OP003814,P0025,4,4,2026-02-10,Finalizada
OP003815,P0142,33,33,2026-03-27,Finalizada
OP003816,P0244,30,30,2026-04-22,Finalizada
OP003817,P0320,3,3,2026-05-08,Finalizada
OP003818,P0296,28,28,2025-11-12,Finalizada
OP003819,P0316,17,17,2025-01-10,Finalizada
OP003820,P0111,51,51,2024-08-22,Finalizada
OP003821,P0084,50,50,2024-11-27,Finalizada
OP003822,P0433,45,45,2025-05-15,Finalizada
OP003823,P0059,12,12,2025-11-10,Finalizada
OP003824,P0059,14,14,2025-10-02,Finalizada
OP003825,P0444,46,46,2025-11-24,Finalizada
OP003826,P0314,39,39,2025-10-10,Finalizada
OP003827,P0279,40,40,2024-04-22,Finalizada
OP003828,P0349,22,22,2025-12-09,Finalizada
OP003829,P0015,26,26,2026-02-17,Finalizada
OP003830,P0099,7,7,2025-12-25,Finalizada
OP003831,P0412,28,28,2024-06-28,Finalizada
OP003832,P0425,22,22,2025-08-08,Finalizada
OP003833,P0072,20,20,2024-07-07,Finalizada
OP003834,P0156,27,27,2025-06-27,Finalizada
OP003835,P0013,53,53,2024-02-27,Finalizada
OP003836,P0450,6,6,2024-12-04,Finalizada
OP003837,P0429,40,40,2025-08-27,Finalizada
OP003838,P0043,11,11,2025-05-07,Finalizada
OP003839,P0406,13,13,2025-11-23,Finalizada
OP003840,P0093,1,1,2024-09-06,Finalizada
OP003841,P0076,4,4,2024-08-15,Finalizada
OP003842,P0331,1,1,2025-01-12,Finalizada
OP003843,P0252,1,1,2025-11-13,Finalizada
OP003844,P0234,4,4,2025-12-14,Finalizada
OP003845,P0438,1,1,2026-01-14,Finalizada
OP003846,P0139,16,16,2024-02-26,Finalizada
OP003847,P0245,4,4,2026-01-07,Finalizada
OP003848,P0251,18,18,2025-11-05,Finalizada
OP003849,P0265,17,17,2025-03-14,Finalizada
OP003850,P0348,49,49,2026-02-17,Finalizada
OP003851,P0476,4,4,2025-01-13,Finalizada
OP003852,P0005,50,50,2026-03-05,Finalizada
OP003853,P0054,46,46,2025-08-27,Finalizada
OP003854,P0022,41,41,2026-01-30,Finalizada
OP003855,P0356,14,14,2025-11-12,Finalizada
OP003856,P0143,47,47,2025-01-24,Finalizada
OP003857,P0375,12,12,2025-12-31,Finalizada
OP003858,P0062,42,42,2025-12-02,Finalizada
OP003859,P0371,5,5,2025-05-08,Finalizada
OP003860,P0410,22,22,2025-08-11,Finalizada
OP003861,P0392,11,11,2025-03-28,Finalizada
OP003862,P0162,46,46,2025-02-19,Finalizada
OP003863,P0150,45,45,2025-03-25,Finalizada
OP003864,P0329,8,8,2025-03-12,Finalizada
OP003865,P0245,52,52,2025-06-24,Finalizada
OP003866,P0384,22,22,2026-01-30,Finalizada
OP003867,P0285,25,25,2026-05-22,Finalizada
OP003868,P0493,5,5,2026-01-29,Finalizada
OP003869,P0057,16,16,2024-09-30,Finalizada
OP003870,P0221,46,46,2024-08-14,Finalizada
OP003871,P0391,27,27,2024-12-03,Finalizada
OP003872,P0444,11,11,2025-12-05,Finalizada
OP003873,P0267,2,2,2025-12-29,Finalizada
OP003874,P0106,28,28,2025-08-28,Finalizada
OP003875,P0243,47,47,2025-06-24,Finalizada
OP003876,P0119,28,28,2025-11-14,Finalizada
OP003877,P0200,9,9,2025-11-03,Finalizada
OP003878,P0399,44,44,2026-01-01,Finalizada
OP003879,P0231,26,26,2025-09-25,Finalizada
OP003880,P0014,42,42,2024-12-02,Finalizada
OP003881,P0002,44,44,2025-12-17,Finalizada
OP003882,P0332,19,19,2026-01-29,Finalizada
OP003883,P0407,50,50,2025-03-07,Finalizada
OP003884,P0048,51,51,2025-09-29,Finalizada
OP003885,P0220,50,50,2025-11-19,Finalizada
OP003886,P0400,31,31,2025-07-29,Finalizada
OP003887,P0183,14,14,2024-07-16,Finalizada
OP003888,P0013,38,38,2025-08-02,Finalizada
OP003889,P0204,47,47,2026-05-20,Finalizada
OP003890,P0224,17,17,2024-03-26,Finalizada
OP003891,P0015,37,37,2026-04-22,Finalizada
OP003892,P0425,30,30,2026-02-28,Finalizada
OP003893,P0107,23,23,2025-05-09,Finalizada
OP003894,P0281,22,22,2025-06-22,Finalizada
OP003895,P0273,36,36,2024-10-09,Finalizada
OP003896,P0329,4,4,2024-09-26,Finalizada
OP003897,P0432,16,16,2025-08-18,Finalizada
OP003898,P0260,40,40,2024-07-09,Finalizada
OP003899,P0085,15,15,2024-05-13,Finalizada
OP003900,P0326,24,24,2025-05-05,Finalizada
OP003901,P0026,13,13,2024-04-16,Finalizada
OP003902,P0035,25,25,2025-10-10,Finalizada
OP003903,P0073,8,8,2025-08-01,Finalizada
OP003904,P0187,15,15,2026-03-03,Finalizada
OP003905,P0132,18,18,2025-11-04,Finalizada
OP003906,P0049,45,45,2026-02-14,Finalizada
OP003907,P0149,49,49,2025-12-24,Finalizada
OP003908,P0400,23,23,2024-01-03,Finalizada
OP003909,P0058,15,15,2024-10-15,Finalizada
OP003910,P0421,48,48,2024-08-09,Finalizada
OP003911,P0354,41,41,2025-08-03,Finalizada
OP003912,P0015,6,6,2026-01-23,Finalizada
OP003913,P0017,20,20,2025-11-10,Finalizada
OP003914,P0431,14,14,2025-04-28,Finalizada
OP003915,P0465,14,14,2025-03-11,Finalizada
OP003916,P0370,52,52,2024-10-03,Finalizada
OP003917,P0035,6,6,2025-12-01,Finalizada
OP003918,P0447,17,17,2024-12-13,Finalizada
OP003919,P0363,34,34,2026-03-11,Finalizada
OP003920,P0276,40,40,2026-01-29,Finalizada
OP003921,P0077,23,23,2026-05-12,Finalizada
OP003922,P0035,1,1,2025-03-14,Finalizada
OP003923,P0479,37,37,2024-05-06,Finalizada
OP003924,P0366,26,26,2025-05-13,Finalizada
OP003925,P0343,8,8,2026-01-16,Finalizada
OP003926,P0089,22,22,2024-07-04,Finalizada
OP003927,P0215,16,16,2026-03-11,Finalizada
OP003928,P0226,41,41,2025-10-30,Finalizada
OP003929,P0204,7,7,2026-04-28,Finalizada
OP003930,P0292,53,53,2026-05-06,Finalizada
OP003931,P0235,16,16,2026-01-06,Finalizada
OP003932,P0211,19,19,2024-04-11,Finalizada
OP003933,P0380,35,35,2025-11-05,Finalizada
OP003934,P0041,31,31,2024-12-19,Finalizada
OP003935,P0488,27,27,2024-05-21,Finalizada
OP003936,P0151,34,34,2025-12-01,Finalizada
OP003937,P0244,17,17,2026-02-11,Finalizada
OP003938,P0209,48,48,2024-06-21,Finalizada
OP003939,P0063,26,26,2025-11-07,Finalizada
OP003940,P0008,37,37,2024-03-08,Finalizada
OP003941,P0343,3,3,2025-02-20,Finalizada
OP003942,P0139,26,26,2024-07-27,Finalizada
OP003943,P0046,13,13,2024-06-06,Finalizada
OP003944,P0335,22,22,2025-11-10,Finalizada
OP003945,P0211,22,22,2026-05-01,Finalizada
OP003946,P0309,13,13,2024-08-05,Finalizada
OP003947,P0257,15,15,2024-12-04,Finalizada
OP003948,P0105,37,37,2025-07-24,Finalizada
OP003949,P0164,19,19,2025-08-07,Finalizada
OP003950,P0229,17,17,2025-04-20,Finalizada
OP003951,P0055,38,38,2025-12-26,Finalizada
OP003952,P0319,48,48,2024-11-06,Finalizada
OP003953,P0389,28,28,2026-02-16,Finalizada
OP003954,P0145,18,18,2024-11-27,Finalizada
OP003955,P0455,38,38,2026-01-06,Finalizada
OP003956,P0397,14,14,2025-02-11,Finalizada
OP003957,P0145,5,5,2025-11-24,Finalizada
OP003958,P0168,9,9,2025-04-11,Finalizada
OP003959,P0327,37,37,2026-05-05,Finalizada
OP003960,P0020,46,46,2026-04-16,Finalizada
OP003961,P0296,13,13,2025-11-08,Finalizada
OP003962,P0170,28,28,2024-04-12,Finalizada
OP003963,P0484,35,35,2024-07-26,Finalizada
OP003964,P0473,50,50,2025-04-02,Finalizada
OP003965,P0093,49,49,2025-06-19,Finalizada
OP003966,P0116,24,24,2025-05-22,Finalizada
OP003967,P0429,34,34,2025-09-09,Finalizada
OP003968,P0422,6,6,2024-02-05,Finalizada
OP003969,P0137,53,53,2025-03-26,Finalizada
OP003970,P0107,2,2,2025-10-21,Finalizada
OP003971,P0407,16,16,2025-04-11,Finalizada
OP003972,P0355,24,24,2025-01-23,Finalizada
OP003973,P0426,7,7,2025-11-20,Finalizada
OP003974,P0252,44,44,2026-02-01,Finalizada
OP003975,P0299,35,35,2026-01-22,Finalizada
OP003976,P0236,40,40,2025-08-11,Finalizada
OP003977,P0187,29,29,2025-11-12,Finalizada
OP003978,P0407,51,51,2025-07-24,Finalizada
OP003979,P0262,40,40,2024-03-13,Finalizada
OP003980,P0199,22,22,2025-04-30,Finalizada
OP003981,P0220,46,46,2025-02-26,Finalizada
OP003982,P0100,35,35,2026-02-23,Finalizada
OP003983,P0081,38,38,2026-01-22,Finalizada
OP003984,P0432,49,49,2025-11-27,Finalizada
OP003985,P0365,31,31,2025-07-14,Finalizada
OP003986,P0013,39,39,2024-09-24,Finalizada
OP003987,P0265,9,9,2026-03-18,Finalizada
OP003988,P0259,15,15,2025-04-16,Finalizada
OP003989,P0022,25,25,2025-09-08,Finalizada
OP003990,P0088,2,2,2026-04-22,Finalizada
OP003991,P0156,40,40,2026-05-14,Finalizada
OP003992,P0263,24,24,2025-05-24,Finalizada
OP003993,P0184,51,51,2026-05-07,Finalizada
OP003994,P0301,30,30,2026-05-08,Finalizada
OP003995,P0139,44,44,2025-11-27,Finalizada
OP003996,P0110,3,3,2025-08-01,Finalizada
OP003997,P0012,25,25,2025-10-09,Finalizada
OP003998,P0194,23,23,2025-11-24,Finalizada
OP003999,P0219,4,4,2025-07-02,Finalizada
OP004000,P0186,51,51,2026-02-18,Finalizada
OP004001,P0438,13,13,2026-01-30,Finalizada
OP004002,P0333,17,17,2025-02-03,Finalizada
OP004003,P0058,53,53,2025-07-03,Finalizada
OP004004,P0465,33,33,2024-11-26,Finalizada
OP004005,P0170,7,7,2025-10-27,Finalizada
OP004006,P0143,34,34,2024-02-24,Finalizada
OP004007,P0214,41,41,2026-01-06,Finalizada
OP004008,P0497,46,46,2025-07-24,Finalizada
OP004009,P0360,24,24,2026-02-06,Finalizada
OP004010,P0334,49,49,2026-04-14,Finalizada
OP004011,P0217,46,46,2024-09-30,Finalizada
OP004012,P0437,13,13,2025-12-11,Finalizada
OP004013,P0418,3,3,2026-02-07,Finalizada
OP004014,P0215,25,25,2026-01-16,Finalizada
OP004015,P0225,41,41,2025-03-17,Finalizada
OP004016,P0036,37,37,2025-06-12,Finalizada
OP004017,P0369,30,30,2026-02-11,Finalizada
OP004018,P0289,46,46,2025-09-04,Finalizada
OP004019,P0109,8,8,2024-01-25,Finalizada
OP004020,P0461,30,30,2025-02-07,Finalizada
OP004021,P0328,1,1,2024-05-09,Finalizada
OP004022,P0065,11,11,2025-01-01,Finalizada
OP004023,P0333,1,1,2024-11-04,Finalizada
OP004024,P0115,15,15,2025-10-03,Finalizada
OP004025,P0487,24,24,2025-03-14,Finalizada
OP004026,P0311,24,24,2024-10-25,Finalizada
OP004027,P0029,6,6,2025-11-24,Finalizada
OP004028,P0214,12,12,2026-03-23,Finalizada
OP004029,P0257,13,13,2026-04-01,Finalizada
OP004030,P0420,9,9,2024-06-25,Finalizada
OP004031,P0396,44,44,2026-05-06,Finalizada
OP004032,P0015,49,49,2026-05-22,Finalizada
OP004033,P0080,16,16,2024-11-01,Finalizada
OP004034,P0473,19,19,2025-10-10,Finalizada
OP004035,P0355,25,25,2024-11-27,Finalizada
OP004036,P0419,8,8,2024-05-31,Finalizada
OP004037,P0411,25,25,2025-07-26,Finalizada
OP004038,P0041,53,53,2025-11-27,Finalizada
OP004039,P0435,9,9,2024-01-02,Finalizada
OP004040,P0123,46,46,2026-01-08,Finalizada
OP004041,P0346,4,4,2024-03-21,Finalizada
OP004042,P0386,3,3,2025-03-31,Finalizada
OP004043,P0162,2,2,2026-01-18,Finalizada
OP004044,P0279,20,20,2025-01-20,Finalizada
OP004045,P0076,50,50,2025-01-02,Finalizada
OP004046,P0070,7,7,2026-02-10,Finalizada
OP004047,P0337,42,42,2026-02-11,Finalizada
OP004048,P0402,53,53,2024-05-20,Finalizada
OP004049,P0438,37,37,2025-01-10,Finalizada
OP004050,P0024,49,49,2025-09-19,Finalizada
OP004051,P0467,27,27,2026-03-18,Finalizada
OP004052,P0218,9,9,2024-10-27,Finalizada
OP004053,P0397,28,28,2025-08-20,Finalizada
OP004054,P0377,8,8,2024-09-17,Finalizada
OP004055,P0031,9,9,2025-04-25,Finalizada
OP004056,P0056,27,27,2024-04-12,Finalizada
OP004057,P0207,27,27,2025-08-26,Finalizada
OP004058,P0336,37,37,2024-03-19,Finalizada
OP004059,P0437,29,29,2026-05-06,Finalizada
OP004060,P0462,6,6,2025-05-09,Finalizada
OP004061,P0072,51,51,2025-12-19,Finalizada
OP004062,P0054,35,35,2024-04-10,Finalizada
OP004063,P0058,28,28,2025-10-06,Finalizada
OP004064,P0240,30,30,2025-03-21,Finalizada
OP004065,P0112,26,26,2025-10-03,Finalizada
OP004066,P0109,34,34,2024-01-14,Finalizada
OP004067,P0154,53,53,2025-09-05,Finalizada
OP004068,P0055,47,47,2025-10-10,Finalizada
OP004069,P0366,18,18,2025-02-03,Finalizada
OP004070,P0355,51,51,2025-09-04,Finalizada
OP004071,P0142,33,33,2025-06-13,Finalizada
OP004072,P0255,7,7,2025-11-27,Finalizada
OP004073,P0324,36,36,2024-05-30,Finalizada
OP004074,P0015,46,46,2025-11-28,Finalizada
OP004075,P0407,27,27,2025-06-18,Finalizada
OP004076,P0143,53,53,2025-12-16,Finalizada
OP004077,P0292,20,20,2025-03-11,Finalizada
OP004078,P0324,25,25,2025-08-18,Finalizada
OP004079,P0310,22,22,2026-03-24,Finalizada
OP004080,P0450,28,28,2025-12-24,Finalizada
OP004081,P0028,34,34,2025-12-09,Finalizada
OP004082,P0147,20,20,2024-06-18,Finalizada
OP004083,P0339,23,23,2026-05-12,Finalizada
OP004084,P0368,17,17,2026-03-18,Finalizada
OP004085,P0113,7,7,2024-06-08,Finalizada
OP004086,P0119,52,52,2025-02-09,Finalizada
OP004087,P0362,35,35,2025-05-04,Finalizada
OP004088,P0027,49,49,2026-04-16,Finalizada
OP004089,P0360,44,44,2026-01-07,Finalizada
OP004090,P0352,38,38,2025-05-30,Finalizada
OP004091,P0058,41,41,2026-02-12,Finalizada
OP004092,P0259,53,53,2024-09-14,Finalizada
OP004093,P0196,46,46,2026-05-14,Finalizada
OP004094,P0357,41,41,2026-02-11,Finalizada
OP004095,P0143,49,49,2024-11-18,Finalizada
OP004096,P0072,7,7,2025-07-10,Finalizada
OP004097,P0408,4,4,2024-01-23,Finalizada
OP004098,P0349,8,8,2025-12-22,Finalizada
OP004099,P0425,20,20,2024-10-21,Finalizada
OP004100,P0242,50,50,2024-02-16,Finalizada
OP004101,P0024,13,13,2025-03-03,Finalizada
OP004102,P0490,33,33,2024-12-09,Finalizada
OP004103,P0239,3,3,2024-04-11,Finalizada
OP004104,P0155,6,6,2025-12-23,Finalizada
OP004105,P0420,46,46,2024-02-22,Finalizada
OP004106,P0388,25,25,2024-11-25,Finalizada
OP004107,P0292,19,19,2025-09-25,Finalizada
OP004108,P0289,9,9,2024-09-17,Finalizada
OP004109,P0250,15,15,2025-03-24,Finalizada
OP004110,P0035,4,4,2025-05-01,Finalizada
OP004111,P0449,15,15,2025-09-14,Finalizada
OP004112,P0136,37,37,2026-01-23,Finalizada
OP004113,P0482,17,17,2025-04-18,Finalizada
OP004114,P0292,52,52,2025-06-05,Finalizada
OP004115,P0054,2,2,2025-09-22,Finalizada
OP004116,P0067,23,23,2024-11-07,Finalizada
OP004117,P0162,28,28,2025-04-12,Finalizada
OP004118,P0255,7,7,2026-04-29,Finalizada
OP004119,P0488,3,3,2025-12-12,Finalizada
OP004120,P0138,40,40,2024-06-19,Finalizada
OP004121,P0028,13,13,2024-08-20,Finalizada
OP004122,P0222,1,1,2026-01-07,Finalizada
OP004123,P0150,33,33,2025-01-09,Finalizada
OP004124,P0278,26,26,2024-12-03,Finalizada
OP004125,P0123,15,15,2026-02-11,Finalizada
OP004126,P0125,27,27,2026-02-04,Finalizada
OP004127,P0131,20,20,2024-06-06,Finalizada
OP004128,P0335,36,36,2024-05-14,Finalizada
OP004129,P0249,3,3,2024-06-11,Finalizada
OP004130,P0107,2,2,2025-03-14,Finalizada
OP004131,P0486,41,41,2025-11-14,Finalizada
OP004132,P0195,15,15,2026-02-02,Finalizada
OP004133,P0029,7,7,2025-04-12,Finalizada
OP004134,P0399,46,46,2024-01-26,Finalizada
OP004135,P0259,40,40,2026-05-17,Finalizada
OP004136,P0034,48,48,2026-05-18,Finalizada
OP004137,P0199,29,29,2025-06-10,Finalizada
OP004138,P0203,30,30,2024-06-20,Finalizada
OP004139,P0147,44,44,2026-01-21,Finalizada
OP004140,P0029,48,48,2024-05-14,Finalizada
OP004141,P0404,19,19,2024-01-15,Finalizada
OP004142,P0438,7,7,2024-04-11,Finalizada
OP004143,P0272,9,9,2025-01-01,Finalizada
OP004144,P0110,45,45,2025-07-14,Finalizada
OP004145,P0226,39,39,2025-03-21,Finalizada
OP004146,P0047,8,8,2024-08-17,Finalizada
OP004147,P0153,26,26,2025-10-20,Finalizada
OP004148,P0439,50,50,2026-05-15,Finalizada
OP004149,P0300,12,12,2025-06-20,Finalizada
OP004150,P0124,42,42,2024-10-09,Finalizada
OP004151,P0142,20,20,2024-09-12,Finalizada
OP004152,P0099,12,12,2026-02-15,Finalizada
OP004153,P0329,2,2,2024-08-06,Finalizada
OP004154,P0127,40,40,2024-06-07,Finalizada
OP004155,P0047,45,45,2025-11-14,Finalizada
OP004156,P0440,5,5,2025-10-01,Finalizada
OP004157,P0316,17,17,2025-02-27,Finalizada
OP004158,P0455,36,36,2026-04-06,Finalizada
OP004159,P0145,37,37,2026-01-20,Finalizada
OP004160,P0134,35,35,2026-02-20,Finalizada
OP004161,P0331,9,9,2024-02-15,Finalizada
OP004162,P0097,29,29,2026-04-09,Finalizada
OP004163,P0499,2,2,2025-12-22,Finalizada
OP004164,P0343,39,39,2026-02-20,Finalizada
OP004165,P0240,29,29,2026-03-25,Finalizada
OP004166,P0226,40,40,2025-01-14,Finalizada
OP004167,P0376,11,11,2024-02-12,Finalizada
OP004168,P0238,16,16,2025-09-23,Finalizada
OP004169,P0433,52,52,2026-01-14,Finalizada
OP004170,P0359,4,4,2025-10-15,Finalizada
OP004171,P0329,11,11,2025-08-18,Finalizada
OP004172,P0073,17,17,2026-04-13,Finalizada
OP004173,P0415,14,14,2025-05-09,Finalizada
OP004174,P0346,14,14,2025-11-03,Finalizada
OP004175,P0224,46,46,2024-12-26,Finalizada
OP004176,P0151,41,41,2024-11-11,Finalizada
OP004177,P0280,27,27,2025-11-03,Finalizada
OP004178,P0072,41,41,2025-05-20,Finalizada
OP004179,P0011,25,25,2025-04-22,Finalizada
OP004180,P0319,17,17,2025-04-17,Finalizada
OP004181,P0428,36,36,2025-08-05,Finalizada
OP004182,P0137,46,46,2026-04-02,Finalizada
OP004183,P0261,31,31,2025-01-16,Finalizada
OP004184,P0133,7,7,2024-11-30,Finalizada
OP004185,P0470,40,40,2025-12-17,Finalizada
OP004186,P0083,9,9,2025-02-17,Finalizada
OP004187,P0446,33,33,2025-02-17,Finalizada
OP004188,P0147,25,25,2025-11-18,Finalizada
OP004189,P0203,20,20,2025-08-28,Finalizada
OP004190,P0441,11,11,2025-02-26,Finalizada
OP004191,P0370,18,18,2025-11-03,Finalizada
OP004192,P0326,48,48,2024-11-05,Finalizada
OP004193,P0066,8,8,2024-09-13,Finalizada
OP004194,P0290,11,11,2024-06-12,Finalizada
OP004195,P0293,47,47,2025-05-27,Finalizada
OP004196,P0099,34,34,2024-04-05,Finalizada
OP004197,P0006,48,48,2024-10-17,Finalizada
OP004198,P0408,20,20,2026-04-29,Finalizada
OP004199,P0147,29,29,2024-09-09,Finalizada
OP004200,P0256,40,40,2025-07-31,Finalizada
OP004201,P0224,9,9,2025-10-03,Finalizada
OP004202,P0143,15,15,2026-01-13,Finalizada
OP004203,P0007,49,49,2024-02-14,Finalizada
OP004204,P0490,5,5,2024-07-29,Finalizada
OP004205,P0185,39,39,2024-07-30,Finalizada
OP004206,P0412,29,29,2025-11-17,Finalizada
OP004207,P0356,36,36,2025-09-04,Finalizada
OP004208,P0084,16,16,2024-08-15,Finalizada
OP004209,P0081,31,31,2024-11-22,Finalizada
OP004210,P0407,8,8,2025-09-04,Finalizada
OP004211,P0451,47,47,2025-09-16,Finalizada
OP004212,P0494,25,25,2026-04-23,Finalizada
OP004213,P0338,38,38,2024-04-15,Finalizada
OP004214,P0296,1,1,2025-10-21,Finalizada
OP004215,P0135,45,45,2025-09-23,Finalizada
OP004216,P0433,11,11,2026-03-10,Finalizada
OP004217,P0288,2,2,2025-09-09,Finalizada
OP004218,P0125,7,7,2026-02-03,Finalizada
OP004219,P0483,23,23,2025-09-15,Finalizada
OP004220,P0324,12,12,2026-01-09,Finalizada
OP004221,P0267,26,26,2026-04-09,Finalizada
OP004222,P0487,14,14,2025-04-07,Finalizada
OP004223,P0478,22,22,2025-03-27,Finalizada
OP004224,P0261,36,36,2025-05-01,Finalizada
OP004225,P0483,27,27,2026-03-02,Finalizada
OP004226,P0176,53,53,2025-01-04,Finalizada
OP004227,P0485,3,3,2024-09-26,Finalizada
OP004228,P0047,52,52,2024-03-24,Finalizada
OP004229,P0394,33,33,2025-07-14,Finalizada
OP004230,P0382,50,50,2025-01-13,Finalizada
OP004231,P0129,14,14,2024-06-07,Finalizada
OP004232,P0432,26,26,2025-03-03,Finalizada
OP004233,P0420,11,11,2025-03-04,Finalizada
OP004234,P0390,27,27,2025-05-20,Finalizada
OP004235,P0166,19,19,2024-03-08,Finalizada
OP004236,P0100,28,28,2024-05-16,Finalizada
OP004237,P0077,18,18,2025-03-07,Finalizada
OP004238,P0375,11,11,2026-05-14,Finalizada
OP004239,P0249,7,7,2025-04-29,Finalizada
OP004240,P0464,8,8,2024-08-20,Finalizada
OP004241,P0222,46,46,2024-04-17,Finalizada
OP004242,P0154,23,23,2026-04-27,Finalizada
OP004243,P0252,5,5,2024-08-07,Finalizada
OP004244,P0467,44,44,2025-08-22,Finalizada
OP004245,P0043,39,39,2025-07-22,Finalizada
OP004246,P0296,14,14,2025-12-24,Finalizada
OP004247,P0303,52,52,2025-01-15,Finalizada
OP004248,P0388,1,1,2025-06-12,Finalizada
OP004249,P0312,35,35,2025-09-02,Finalizada
OP004250,P0321,19,19,2024-12-11,Finalizada
OP004251,P0097,52,52,2025-10-20,Finalizada
OP004252,P0111,28,28,2024-07-25,Finalizada
OP004253,P0451,33,33,2026-01-26,Finalizada
OP004254,P0253,24,24,2026-03-19,Finalizada
OP004255,P0416,25,25,2026-03-30,Finalizada
OP004256,P0363,37,37,2024-06-14,Finalizada
OP004257,P0311,14,14,2026-04-14,Finalizada
OP004258,P0213,49,49,2024-05-30,Finalizada
OP004259,P0496,34,34,2026-05-04,Finalizada
OP004260,P0316,15,15,2025-05-22,Finalizada
OP004261,P0242,49,49,2024-08-16,Finalizada
OP004262,P0425,31,31,2026-01-16,Finalizada
OP004263,P0129,5,5,2025-01-20,Finalizada
OP004264,P0408,41,41,2024-03-06,Finalizada
OP004265,P0435,45,45,2025-05-05,Finalizada
OP004266,P0337,40,40,2026-02-24,Finalizada
OP004267,P0231,5,5,2024-06-13,Finalizada
OP004268,P0187,30,30,2025-11-06,Finalizada
OP004269,P0171,40,40,2025-12-01,Finalizada
OP004270,P0329,18,18,2025-11-30,Finalizada
OP004271,P0368,48,48,2024-07-24,Finalizada
OP004272,P0104,46,46,2026-01-02,Finalizada
OP004273,P0046,44,44,2026-02-12,Finalizada
OP004274,P0128,19,19,2026-01-27,Finalizada
OP004275,P0189,18,18,2025-04-10,Finalizada
OP004276,P0423,17,17,2024-04-07,Finalizada
OP004277,P0087,14,14,2025-06-16,Finalizada
OP004278,P0439,39,39,2025-06-09,Finalizada
OP004279,P0246,45,45,2026-04-14,Finalizada
OP004280,P0032,9,9,2026-03-31,Finalizada
OP004281,P0412,18,18,2024-03-01,Finalizada
OP004282,P0459,19,19,2026-05-20,Finalizada
OP004283,P0048,37,37,2026-04-22,Finalizada
OP004284,P0412,53,53,2024-09-04,Finalizada
OP004285,P0389,8,8,2024-08-28,Finalizada
OP004286,P0228,31,31,2025-02-19,Finalizada
OP004287,P0425,16,16,2025-05-03,Finalizada
OP004288,P0434,16,16,2025-09-27,Finalizada
OP004289,P0195,15,15,2024-08-19,Finalizada
OP004290,P0159,22,22,2025-01-27,Finalizada
OP004291,P0303,51,51,2025-10-16,Finalizada
OP004292,P0130,25,25,2024-05-26,Finalizada
OP004293,P0384,15,15,2026-03-20,Finalizada
OP004294,P0319,38,38,2026-03-16,Finalizada
OP004295,P0459,14,14,2025-05-12,Finalizada
OP004296,P0205,47,47,2025-05-23,Finalizada
OP004297,P0428,37,37,2025-06-26,Finalizada
OP004298,P0088,42,42,2025-10-15,Finalizada
OP004299,P0364,25,25,2025-08-09,Finalizada
OP004300,P0485,24,24,2025-11-09,Finalizada
OP004301,P0228,18,18,2024-01-08,Finalizada
OP004302,P0489,35,35,2025-05-14,Finalizada
OP004303,P0418,4,4,2025-11-03,Finalizada
OP004304,P0062,19,19,2024-12-04,Finalizada
OP004305,P0004,5,5,2024-11-01,Finalizada
OP004306,P0348,24,24,2024-07-13,Finalizada
OP004307,P0377,36,36,2025-12-08,Finalizada
OP004308,P0463,7,7,2025-06-13,Finalizada
OP004309,P0416,11,11,2024-11-25,Finalizada
OP004310,P0014,26,26,2026-05-18,Finalizada
OP004311,P0120,26,26,2025-04-21,Finalizada
OP004312,P0044,48,48,2025-02-26,Finalizada
OP004313,P0128,37,37,2024-01-29,Finalizada
OP004314,P0288,27,27,2025-09-10,Finalizada
OP004315,P0210,7,7,2026-04-27,Finalizada
OP004316,P0081,16,16,2025-09-29,Finalizada
OP004317,P0415,11,11,2026-01-24,Finalizada
OP004318,P0254,17,17,2025-12-03,Finalizada
OP004319,P0029,29,29,2025-12-12,Finalizada
OP004320,P0294,35,35,2024-10-23,Finalizada
OP004321,P0492,35,35,2026-01-05,Finalizada
OP004322,P0159,9,9,2025-08-20,Finalizada
OP004323,P0218,25,25,2024-06-14,Finalizada
OP004324,P0043,4,4,2025-03-14,Finalizada
OP004325,P0337,20,20,2025-10-03,Finalizada
OP004326,P0259,49,49,2025-11-19,Finalizada
OP004327,P0279,53,53,2026-05-20,Finalizada
OP004328,P0051,31,31,2024-11-22,Finalizada
OP004329,P0005,33,33,2025-03-18,Finalizada
OP004330,P0355,53,53,2025-10-20,Finalizada
OP004331,P0395,51,51,2025-03-19,Finalizada
OP004332,P0365,44,44,2025-02-10,Finalizada
OP004333,P0384,33,33,2025-07-22,Finalizada
OP004334,P0130,39,39,2026-04-16,Finalizada
OP004335,P0110,26,26,2026-03-19,Finalizada
OP004336,P0234,34,34,2026-02-16,Finalizada
OP004337,P0451,19,19,2026-01-20,Finalizada
OP004338,P0228,37,37,2025-02-05,Finalizada
OP004339,P0183,4,4,2025-07-11,Finalizada
OP004340,P0490,22,22,2025-11-21,Finalizada
OP004341,P0180,44,44,2024-08-01,Finalizada
OP004342,P0271,16,16,2025-06-15,Finalizada
OP004343,P0222,2,2,2025-10-03,Finalizada
OP004344,P0464,41,41,2026-03-11,Finalizada
OP004345,P0371,8,8,2024-03-05,Finalizada
OP004346,P0446,16,16,2025-01-27,Finalizada
OP004347,P0346,39,39,2024-02-02,Finalizada
OP004348,P0336,40,40,2025-09-12,Finalizada
OP004349,P0464,18,18,2025-12-17,Finalizada
OP004350,P0471,40,40,2025-07-25,Finalizada
OP004351,P0190,31,31,2024-11-08,Finalizada
OP004352,P0489,9,9,2024-10-23,Finalizada
OP004353,P0014,5,5,2025-04-14,Finalizada
OP004354,P0244,16,16,2026-02-06,Finalizada
OP004355,P0333,47,47,2025-10-02,Finalizada
OP004356,P0176,11,11,2025-03-21,Finalizada
OP004357,P0331,24,24,2025-10-21,Finalizada
OP004358,P0126,38,38,2025-11-19,Finalizada
OP004359,P0144,52,52,2025-03-05,Finalizada
OP004360,P0085,23,23,2024-04-18,Finalizada
OP004361,P0398,49,49,2024-03-26,Finalizada
OP004362,P0070,5,5,2026-05-14,Finalizada
OP004363,P0069,12,12,2024-12-31,Finalizada
OP004364,P0424,17,17,2026-02-27,Finalizada
OP004365,P0373,14,14,2025-08-05,Finalizada
OP004366,P0171,33,33,2025-05-26,Finalizada
OP004367,P0203,3,3,2025-11-03,Finalizada
OP004368,P0205,26,26,2024-04-15,Finalizada
OP004369,P0385,44,44,2025-04-24,Finalizada
OP004370,P0491,16,16,2024-09-06,Finalizada
OP004371,P0197,1,1,2025-06-30,Finalizada
OP004372,P0119,52,52,2024-03-26,Finalizada
OP004373,P0397,1,1,2024-09-11,Finalizada
OP004374,P0389,19,19,2025-07-14,Finalizada
OP004375,P0185,36,36,2024-06-11,Finalizada
OP004376,P0141,38,38,2026-04-29,Finalizada
OP004377,P0428,50,50,2025-08-08,Finalizada
OP004378,P0343,5,5,2025-10-14,Finalizada
OP004379,P0430,34,34,2025-09-11,Finalizada
OP004380,P0464,44,44,2025-03-25,Finalizada
OP004381,P0276,31,31,2025-05-21,Finalizada
OP004382,P0070,39,39,2026-03-05,Finalizada
OP004383,P0116,48,48,2024-02-27,Finalizada
OP004384,P0003,14,14,2025-08-01,Finalizada
OP004385,P0094,35,35,2025-11-21,Finalizada
OP004386,P0138,40,40,2025-12-05,Finalizada
OP004387,P0016,48,48,2025-06-23,Finalizada
OP004388,P0322,52,52,2026-01-07,Finalizada
OP004389,P0301,12,12,2025-06-09,Finalizada
OP004390,P0139,13,13,2026-03-31,Finalizada
OP004391,P0382,6,6,2024-08-14,Finalizada
OP004392,P0047,45,45,2024-12-25,Finalizada
OP004393,P0446,7,7,2024-06-21,Finalizada
OP004394,P0219,9,9,2026-03-04,Finalizada
OP004395,P0175,53,53,2024-03-29,Finalizada
OP004396,P0495,37,37,2024-02-19,Finalizada
OP004397,P0234,47,47,2025-11-18,Finalizada
OP004398,P0009,34,34,2025-08-25,Finalizada
OP004399,P0387,1,1,2025-11-07,Finalizada
OP004400,P0101,52,52,2025-02-01,Finalizada
OP004401,P0222,39,39,2025-01-21,Finalizada
OP004402,P0414,5,5,2026-02-27,Finalizada
OP004403,P0003,14,14,2025-07-11,Finalizada
OP004404,P0191,18,18,2024-02-26,Finalizada
OP004405,P0418,50,50,2026-03-27,Finalizada
OP004406,P0051,42,42,2025-08-13,Finalizada
OP004407,P0474,26,26,2025-02-12,Finalizada
OP004408,P0125,14,14,2025-01-14,Finalizada
OP004409,P0382,3,3,2024-12-31,Finalizada
OP004410,P0291,27,27,2025-02-18,Finalizada
OP004411,P0110,38,38,2026-03-02,Finalizada
OP004412,P0301,24,24,2024-11-25,Finalizada
OP004413,P0473,5,5,2026-05-12,Finalizada
OP004414,P0189,6,6,2026-02-14,Finalizada
OP004415,P0201,42,42,2024-01-16,Finalizada
OP004416,P0403,42,42,2026-04-01,Finalizada
OP004417,P0408,9,9,2026-03-10,Finalizada
OP004418,P0172,45,45,2025-09-12,Finalizada
OP004419,P0248,46,46,2026-04-26,Finalizada
OP004420,P0314,38,38,2026-05-21,Finalizada
OP004421,P0312,40,40,2025-03-11,Finalizada
OP004422,P0202,28,28,2025-11-14,Finalizada
OP004423,P0438,51,51,2025-10-29,Finalizada
OP004424,P0421,34,34,2026-01-01,Finalizada
OP004425,P0452,2,2,2025-06-24,Finalizada
OP004426,P0325,48,48,2025-12-19,Finalizada
OP004427,P0130,13,13,2025-03-24,Finalizada
OP004428,P0408,13,13,2025-01-07,Finalizada
OP004429,P0096,3,3,2026-03-24,Finalizada
OP004430,P0143,17,17,2025-03-24,Finalizada
OP004431,P0298,18,18,2025-08-28,Finalizada
OP004432,P0463,9,9,2024-11-27,Finalizada
OP004433,P0367,45,45,2024-03-22,Finalizada
OP004434,P0453,50,50,2025-12-01,Finalizada
OP004435,P0178,34,34,2025-10-10,Finalizada
OP004436,P0241,46,46,2024-04-01,Finalizada
OP004437,P0103,15,15,2025-01-07,Finalizada
OP004438,P0192,47,47,2025-07-10,Finalizada
OP004439,P0144,23,23,2025-01-15,Finalizada
OP004440,P0019,7,7,2025-01-27,Finalizada
OP004441,P0420,40,40,2025-01-15,Finalizada
OP004442,P0491,13,13,2024-07-04,Finalizada
OP004443,P0039,41,41,2026-02-25,Finalizada
OP004444,P0012,25,25,2024-04-18,Finalizada
OP004445,P0209,34,34,2025-03-13,Finalizada
OP004446,P0299,23,23,2025-11-13,Finalizada
OP004447,P0400,2,2,2025-07-20,Finalizada
OP004448,P0274,22,22,2026-04-07,Finalizada
OP004449,P0074,24,24,2025-06-19,Finalizada
OP004450,P0497,17,17,2024-10-09,Finalizada
OP004451,P0349,12,12,2026-01-19,Finalizada
OP004452,P0164,53,53,2024-02-14,Finalizada
OP004453,P0475,33,33,2026-03-02,Finalizada
OP004454,P0374,30,30,2026-02-07,Finalizada
OP004455,P0199,26,26,2024-01-10,Finalizada
OP004456,P0161,51,51,2025-09-08,Finalizada
OP004457,P0215,33,33,2024-08-26,Finalizada
OP004458,P0331,35,35,2026-05-07,Finalizada
OP004459,P0005,23,23,2025-11-27,Finalizada
OP004460,P0191,30,30,2024-10-09,Finalizada
OP004461,P0098,52,52,2026-02-23,Finalizada
OP004462,P0392,37,37,2025-02-03,Finalizada
OP004463,P0108,5,5,2024-09-03,Finalizada
OP004464,P0379,26,26,2025-12-26,Finalizada
OP004465,P0393,3,3,2024-05-15,Finalizada
OP004466,P0379,36,36,2025-01-18,Finalizada
OP004467,P0212,17,17,2026-03-04,Finalizada
OP004468,P0306,3,3,2025-07-29,Finalizada
OP004469,P0080,49,49,2024-09-03,Finalizada
OP004470,P0200,49,49,2025-01-24,Finalizada
OP004471,P0471,29,29,2024-12-10,Finalizada
OP004472,P0308,13,13,2024-03-05,Finalizada
OP004473,P0100,27,27,2025-11-14,Finalizada
OP004474,P0126,25,25,2025-05-23,Finalizada
OP004475,P0011,14,14,2024-05-21,Finalizada
OP004476,P0427,26,26,2026-03-20,Finalizada
OP004477,P0493,50,50,2024-08-12,Finalizada
OP004478,P0091,33,33,2026-04-20,Finalizada
OP004479,P0166,11,11,2025-05-15,Finalizada
OP004480,P0465,27,27,2025-11-24,Finalizada
OP004481,P0106,48,48,2025-12-29,Finalizada
OP004482,P0388,49,49,2024-03-11,Finalizada
OP004483,P0364,22,22,2024-02-27,Finalizada
OP004484,P0268,13,13,2025-12-12,Finalizada
OP004485,P0432,37,37,2025-08-13,Finalizada
OP004486,P0039,4,4,2024-05-13,Finalizada
OP004487,P0463,30,30,2024-05-31,Finalizada
OP004488,P0022,13,13,2025-12-22,Finalizada
OP004489,P0386,15,15,2026-03-06,Finalizada
OP004490,P0413,52,52,2025-11-25,Finalizada
OP004491,P0319,20,20,2025-08-08,Finalizada
OP004492,P0261,2,2,2026-01-21,Finalizada
OP004493,P0230,35,35,2026-01-02,Finalizada
OP004494,P0462,13,13,2026-03-18,Finalizada
OP004495,P0265,17,17,2024-07-30,Finalizada
OP004496,P0441,53,53,2025-06-05,Finalizada
OP004497,P0092,33,33,2026-04-09,Finalizada
OP004498,P0437,33,33,2026-05-11,Finalizada
OP004499,P0128,19,19,2026-04-27,Finalizada
OP004500,P0493,12,12,2025-03-12,Finalizada
OP004501,P0409,20,20,2026-04-04,Finalizada
OP004502,P0086,36,36,2024-09-07,Finalizada
OP004503,P0426,20,20,2024-04-30,Finalizada
OP004504,P0275,1,1,2025-09-23,Finalizada
OP004505,P0328,11,11,2024-02-12,Finalizada
OP004506,P0269,40,40,2025-11-13,Finalizada
OP004507,P0086,23,23,2025-09-11,Finalizada
OP004508,P0252,1,1,2025-12-16,Finalizada
OP004509,P0030,51,51,2025-12-17,Finalizada
OP004510,P0297,39,39,2024-05-24,Finalizada
OP004511,P0118,26,26,2025-12-02,Finalizada
OP004512,P0430,41,41,2024-05-01,Finalizada
OP004513,P0019,51,51,2025-10-21,Finalizada
OP004514,P0215,17,17,2026-02-16,Finalizada
OP004515,P0226,38,38,2026-04-21,Finalizada
OP004516,P0201,3,3,2026-05-21,Finalizada
OP004517,P0228,20,20,2025-06-02,Finalizada
OP004518,P0143,18,18,2025-01-13,Finalizada
OP004519,P0097,35,35,2025-01-06,Finalizada
OP004520,P0398,3,3,2024-09-24,Finalizada
OP004521,P0344,31,31,2024-08-13,Finalizada
OP004522,P0331,36,36,2024-08-28,Finalizada
OP004523,P0011,34,34,2025-04-02,Finalizada
OP004524,P0440,38,38,2026-01-26,Finalizada
OP004525,P0462,30,30,2024-03-04,Finalizada
OP004526,P0226,44,44,2026-02-23,Finalizada
OP004527,P0418,29,29,2025-05-30,Finalizada
OP004528,P0377,13,13,2025-02-17,Finalizada
OP004529,P0405,39,39,2025-08-12,Finalizada
OP004530,P0170,30,30,2025-07-30,Finalizada
OP004531,P0438,37,37,2024-02-27,Finalizada
OP004532,P0175,38,38,2024-07-09,Finalizada
OP004533,P0140,45,45,2026-04-20,Finalizada
OP004534,P0314,13,13,2024-11-22,Finalizada
OP004535,P0344,25,25,2026-03-20,Finalizada
OP004536,P0291,16,16,2024-05-07,Finalizada
OP004537,P0203,53,53,2025-09-10,Finalizada
OP004538,P0061,34,34,2025-06-02,Finalizada
OP004539,P0017,52,52,2025-06-24,Finalizada
OP004540,P0282,42,42,2025-01-23,Finalizada
OP004541,P0112,49,49,2025-09-19,Finalizada
OP004542,P0378,28,28,2026-01-14,Finalizada
OP004543,P0134,27,27,2024-10-15,Finalizada
OP004544,P0324,45,45,2025-02-17,Finalizada
OP004545,P0003,11,11,2025-03-31,Finalizada
OP004546,P0354,48,48,2025-05-15,Finalizada
OP004547,P0420,18,18,2025-02-05,Finalizada
OP004548,P0168,6,6,2026-01-06,Finalizada
OP004549,P0230,31,31,2024-12-17,Finalizada
OP004550,P0229,53,53,2026-04-08,Finalizada
OP004551,P0028,16,16,2025-03-26,Finalizada
OP004552,P0317,38,38,2024-08-04,Finalizada
OP004553,P0189,30,30,2025-04-17,Finalizada
OP004554,P0214,24,24,2024-04-18,Finalizada
OP004555,P0436,8,8,2024-01-01,Finalizada
OP004556,P0035,45,45,2024-05-10,Finalizada
OP004557,P0324,17,17,2025-07-24,Finalizada
OP004558,P0002,16,16,2025-08-24,Finalizada
OP004559,P0193,7,7,2025-01-28,Finalizada
OP004560,P0172,2,2,2024-11-12,Finalizada
OP004561,P0146,53,53,2025-07-01,Finalizada
OP004562,P0129,37,37,2025-07-02,Finalizada
OP004563,P0028,9,9,2025-05-05,Finalizada
OP004564,P0396,27,27,2025-02-11,Finalizada
OP004565,P0310,18,18,2025-07-23,Finalizada
OP004566,P0140,20,20,2025-08-20,Finalizada
OP004567,P0423,31,31,2024-07-26,Finalizada
OP004568,P0049,1,1,2025-09-02,Finalizada
OP004569,P0368,40,40,2026-04-28,Finalizada
OP004570,P0070,26,26,2025-03-13,Finalizada
OP004571,P0218,29,29,2026-03-13,Finalizada
OP004572,P0174,28,28,2025-09-25,Finalizada
OP004573,P0146,39,39,2026-01-22,Finalizada
OP004574,P0398,26,26,2026-02-27,Finalizada
OP004575,P0358,27,27,2024-01-29,Finalizada
OP004576,P0301,22,22,2024-12-13,Finalizada
OP004577,P0085,14,14,2026-04-29,Finalizada
OP004578,P0020,28,28,2025-08-27,Finalizada
OP004579,P0337,45,45,2026-01-06,Finalizada
OP004580,P0300,16,16,2024-10-30,Finalizada
OP004581,P0141,36,36,2025-12-08,Finalizada
OP004582,P0076,3,3,2025-11-07,Finalizada
OP004583,P0443,23,23,2025-04-25,Finalizada
OP004584,P0490,20,20,2026-01-30,Finalizada
OP004585,P0333,4,4,2025-11-25,Finalizada
OP004586,P0465,3,3,2024-10-02,Finalizada
OP004587,P0098,38,38,2024-03-26,Finalizada
OP004588,P0221,18,18,2024-05-09,Finalizada
OP004589,P0387,14,14,2026-04-14,Finalizada
OP004590,P0044,15,15,2026-01-26,Finalizada
OP004591,P0305,40,40,2024-12-11,Finalizada
OP004592,P0268,9,9,2024-01-22,Finalizada
OP004593,P0032,52,52,2024-09-16,Finalizada
OP004594,P0247,51,51,2024-03-01,Finalizada
OP004595,P0059,12,12,2025-10-04,Finalizada
OP004596,P0304,29,29,2025-08-23,Finalizada
OP004597,P0037,28,28,2026-02-23,Finalizada
OP004598,P0198,5,5,2026-04-03,Finalizada
OP004599,P0298,50,50,2026-03-14,Finalizada
OP004600,P0465,34,34,2025-07-02,Finalizada
OP004601,P0411,45,45,2024-02-05,Finalizada
OP004602,P0353,39,39,2026-04-02,Finalizada
OP004603,P0297,4,4,2024-10-04,Finalizada
OP004604,P0074,11,11,2024-05-02,Finalizada
OP004605,P0150,18,18,2025-05-01,Finalizada
OP004606,P0245,47,47,2026-03-31,Finalizada
OP004607,P0106,33,33,2024-07-07,Finalizada
OP004608,P0059,42,42,2024-09-27,Finalizada
OP004609,P0101,12,12,2024-08-21,Finalizada
OP004610,P0064,12,12,2026-04-21,Finalizada
OP004611,P0337,11,11,2026-03-24,Finalizada
OP004612,P0357,39,39,2024-01-23,Finalizada
OP004613,P0109,9,9,2024-01-08,Finalizada
OP004614,P0126,17,17,2025-01-17,Finalizada
OP004615,P0047,4,4,2026-04-06,Finalizada
OP004616,P0306,24,24,2024-07-02,Finalizada
OP004617,P0409,46,46,2025-03-11,Finalizada
OP004618,P0346,45,45,2026-04-14,Finalizada
OP004619,P0285,51,51,2024-01-04,Finalizada
OP004620,P0082,5,5,2024-11-14,Finalizada
OP004621,P0424,15,15,2024-05-29,Finalizada
OP004622,P0166,31,31,2025-10-17,Finalizada
OP004623,P0368,41,41,2025-07-01,Finalizada
OP004624,P0273,52,52,2025-02-19,Finalizada
OP004625,P0486,37,37,2026-01-21,Finalizada
OP004626,P0255,49,49,2026-02-05,Finalizada
OP004627,P0027,30,30,2026-04-20,Finalizada
OP004628,P0127,19,19,2026-01-14,Finalizada
OP004629,P0487,51,51,2024-09-03,Finalizada
OP004630,P0350,24,24,2024-10-20,Finalizada
OP004631,P0342,41,41,2025-01-09,Finalizada
OP004632,P0409,46,46,2025-08-06,Finalizada
OP004633,P0084,12,12,2025-09-07,Finalizada
OP004634,P0303,51,51,2025-05-03,Finalizada
OP004635,P0210,48,48,2025-11-19,Finalizada
OP004636,P0344,11,11,2026-03-02,Finalizada
OP004637,P0016,49,49,2024-09-16,Finalizada
OP004638,P0170,50,50,2025-04-18,Finalizada
OP004639,P0023,5,5,2025-09-09,Finalizada
OP004640,P0445,15,15,2024-01-22,Finalizada
OP004641,P0169,30,30,2026-01-23,Finalizada
OP004642,P0358,42,42,2026-05-09,Finalizada
OP004643,P0187,28,28,2024-03-24,Finalizada
OP004644,P0362,50,50,2025-05-22,Finalizada
OP004645,P0031,14,14,2025-12-11,Finalizada
OP004646,P0273,45,45,2024-11-11,Finalizada
OP004647,P0309,30,30,2025-06-06,Finalizada
OP004648,P0350,47,47,2025-11-18,Finalizada
OP004649,P0206,9,9,2025-06-06,Finalizada
OP004650,P0263,17,17,2024-07-29,Finalizada
OP004651,P0421,18,18,2024-02-06,Finalizada
OP004652,P0186,38,38,2025-10-20,Finalizada
OP004653,P0471,36,36,2025-11-11,Finalizada
OP004654,P0158,19,19,2025-12-26,Finalizada
OP004655,P0001,14,14,2024-10-15,Finalizada
OP004656,P0168,20,20,2024-04-10,Finalizada
OP004657,P0235,17,17,2024-08-02,Finalizada
OP004658,P0030,16,16,2025-03-11,Finalizada
OP004659,P0482,25,25,2025-01-14,Finalizada
OP004660,P0358,14,14,2025-09-09,Finalizada
OP004661,P0488,8,8,2025-07-08,Finalizada
OP004662,P0127,35,35,2026-03-19,Finalizada
OP004663,P0036,31,31,2026-03-25,Finalizada
OP004664,P0157,53,53,2024-04-03,Finalizada
OP004665,P0239,37,37,2026-03-02,Finalizada
OP004666,P0443,41,41,2024-10-07,Finalizada
OP004667,P0374,46,46,2026-03-11,Finalizada
OP004668,P0488,4,4,2025-09-08,Finalizada
OP004669,P0430,28,28,2024-11-22,Finalizada
OP004670,P0415,53,53,2026-03-03,Finalizada
OP004671,P0493,23,23,2024-09-19,Finalizada
OP004672,P0444,1,1,2024-09-17,Finalizada
OP004673,P0062,19,19,2025-11-11,Finalizada
OP004674,P0139,53,53,2025-02-13,Finalizada
OP004675,P0026,34,34,2025-06-02,Finalizada
OP004676,P0144,37,37,2025-09-19,Finalizada
OP004677,P0081,52,52,2025-03-26,Finalizada
OP004678,P0188,29,29,2024-12-04,Finalizada
OP004679,P0417,33,33,2024-07-10,Finalizada
OP004680,P0172,38,38,2024-11-28,Finalizada
OP004681,P0278,9,9,2025-04-30,Finalizada
OP004682,P0166,37,37,2025-05-28,Finalizada
OP004683,P0244,26,26,2024-03-05,Finalizada
OP004684,P0245,6,6,2026-04-14,Finalizada
OP004685,P0322,27,27,2025-10-02,Finalizada
OP004686,P0450,22,22,2024-10-15,Finalizada
OP004687,P0372,52,52,2025-03-18,Finalizada
OP004688,P0301,18,18,2024-11-01,Finalizada
OP004689,P0330,14,14,2026-01-07,Finalizada
OP004690,P0468,46,46,2024-01-09,Finalizada
OP004691,P0490,50,50,2024-03-06,Finalizada
OP004692,P0274,22,22,2025-08-07,Finalizada
OP004693,P0150,51,51,2026-05-11,Finalizada
OP004694,P0407,2,2,2026-04-14,Finalizada
OP004695,P0112,30,30,2024-04-22,Finalizada
OP004696,P0168,51,51,2025-02-11,Finalizada
OP004697,P0273,22,22,2024-11-14,Finalizada
OP004698,P0403,11,11,2025-11-24,Finalizada
OP004699,P0485,3,3,2025-06-09,Finalizada
OP004700,P0363,9,9,2024-06-11,Finalizada
OP004701,P0351,24,24,2026-02-09,Finalizada
OP004702,P0378,16,16,2024-12-12,Finalizada
OP004703,P0053,36,36,2024-09-03,Finalizada
OP004704,P0240,19,19,2025-03-11,Finalizada
OP004705,P0180,19,19,2026-01-09,Finalizada
OP004706,P0137,51,51,2025-03-27,Finalizada
OP004707,P0186,22,22,2024-05-08,Finalizada
OP004708,P0394,14,14,2025-12-25,Finalizada
OP004709,P0106,6,6,2025-10-14,Finalizada
OP004710,P0407,26,26,2025-09-04,Finalizada
OP004711,P0211,29,29,2024-11-20,Finalizada
OP004712,P0347,5,5,2025-02-27,Finalizada
OP004713,P0061,45,45,2025-03-07,Finalizada
OP004714,P0480,37,37,2025-12-01,Finalizada
OP004715,P0235,52,52,2024-05-17,Finalizada
OP004716,P0434,23,23,2026-05-19,Finalizada
OP004717,P0291,39,39,2024-02-24,Finalizada
OP004718,P0434,24,24,2026-04-28,Finalizada
OP004719,P0138,27,27,2025-01-17,Finalizada
OP004720,P0247,49,49,2024-03-20,Finalizada
OP004721,P0111,24,24,2025-04-23,Finalizada
OP004722,P0384,36,36,2025-06-25,Finalizada
OP004723,P0473,8,8,2026-03-19,Finalizada
OP004724,P0018,26,26,2025-02-20,Finalizada
OP004725,P0178,42,42,2024-07-08,Finalizada
OP004726,P0033,41,41,2026-04-06,Finalizada
OP004727,P0343,35,35,2026-02-19,Finalizada
OP004728,P0028,13,13,2025-05-21,Finalizada
OP004729,P0370,11,11,2024-12-30,Finalizada
OP004730,P0354,20,20,2024-01-05,Finalizada
OP004731,P0290,39,39,2024-02-08,Finalizada
OP004732,P0360,8,8,2025-03-11,Finalizada
OP004733,P0289,8,8,2025-05-16,Finalizada
OP004734,P0098,15,15,2025-10-31,Finalizada
OP004735,P0364,20,20,2026-04-07,Finalizada
OP004736,P0057,16,16,2025-08-22,Finalizada
OP004737,P0495,38,38,2024-03-29,Finalizada
OP004738,P0332,3,3,2024-07-22,Finalizada
OP004739,P0126,47,47,2025-08-07,Finalizada
OP004740,P0371,7,7,2024-07-22,Finalizada
OP004741,P0131,41,41,2025-11-12,Finalizada
OP004742,P0431,28,28,2024-07-03,Finalizada
OP004743,P0365,47,47,2026-01-30,Finalizada
OP004744,P0453,49,49,2025-07-17,Finalizada
OP004745,P0220,4,4,2025-01-02,Finalizada
OP004746,P0177,14,14,2024-04-21,Finalizada
OP004747,P0307,26,26,2026-04-21,Finalizada
OP004748,P0195,6,6,2025-12-08,Finalizada
OP004749,P0268,23,23,2025-01-30,Finalizada
OP004750,P0166,46,46,2024-04-24,Finalizada
OP004751,P0018,11,11,2025-11-13,Finalizada
OP004752,P0249,40,40,2025-06-17,Finalizada
OP004753,P0320,41,41,2025-09-17,Finalizada
OP004754,P0442,24,24,2025-12-05,Finalizada
OP004755,P0010,20,20,2026-03-05,Finalizada
OP004756,P0145,6,6,2025-12-18,Finalizada
OP004757,P0141,36,36,2024-01-31,Finalizada
OP004758,P0227,25,25,2025-06-30,Finalizada
OP004759,P0398,3,3,2024-12-02,Finalizada
OP004760,P0144,42,42,2024-11-09,Finalizada
OP004761,P0325,13,13,2026-03-04,Finalizada
OP004762,P0138,41,41,2025-03-21,Finalizada
OP004763,P0195,9,9,2026-04-14,Finalizada
OP004764,P0429,3,3,2025-12-13,Finalizada
OP004765,P0213,2,2,2025-04-29,Finalizada
OP004766,P0119,24,24,2025-08-14,Finalizada
OP004767,P0087,51,51,2024-01-02,Finalizada
OP004768,P0102,31,31,2025-10-01,Finalizada
OP004769,P0438,34,34,2024-06-19,Finalizada
OP004770,P0123,35,35,2025-02-13,Finalizada
OP004771,P0344,38,38,2024-05-28,Finalizada
OP004772,P0442,9,9,2024-10-02,Finalizada
OP004773,P0455,4,4,2025-12-26,Finalizada
OP004774,P0450,4,4,2024-05-02,Finalizada
OP004775,P0315,26,26,2025-01-16,Finalizada
OP004776,P0250,7,7,2024-08-29,Finalizada
OP004777,P0017,20,20,2024-09-27,Finalizada
OP004778,P0092,36,36,2025-08-07,Finalizada
OP004779,P0214,52,52,2026-05-05,Finalizada
OP004780,P0457,15,15,2024-08-19,Finalizada
OP004781,P0112,41,41,2024-10-23,Finalizada
OP004782,P0328,11,11,2025-06-16,Finalizada
OP004783,P0488,36,36,2025-01-31,Finalizada
OP004784,P0028,48,48,2024-02-01,Finalizada
OP004785,P0002,26,26,2025-02-07,Finalizada
OP004786,P0479,9,9,2025-06-24,Finalizada
OP004787,P0450,45,45,2025-09-09,Finalizada
OP004788,P0153,5,5,2024-06-10,Finalizada
OP004789,P0241,24,24,2025-05-12,Finalizada
OP004790,P0388,41,41,2026-04-21,Finalizada
OP004791,P0220,36,36,2024-03-01,Finalizada
OP004792,P0223,30,30,2025-03-25,Finalizada
OP004793,P0100,12,12,2026-05-08,Finalizada
OP004794,P0194,5,5,2024-09-03,Finalizada
OP004795,P0120,11,11,2025-10-01,Finalizada
OP004796,P0237,38,38,2025-04-02,Finalizada
OP004797,P0001,14,14,2024-01-16,Finalizada
OP004798,P0251,4,4,2026-02-10,Finalizada
OP004799,P0067,31,31,2026-04-06,Finalizada
OP004800,P0404,16,16,2025-05-05,Finalizada
OP004801,P0134,20,20,2024-03-26,Finalizada
OP004802,P0336,33,33,2025-06-25,Finalizada
OP004803,P0484,8,8,2026-04-03,Finalizada
OP004804,P0295,15,15,2025-04-06,Finalizada
OP004805,P0207,41,41,2025-06-19,Finalizada
OP004806,P0168,35,35,2024-10-03,Finalizada
OP004807,P0019,8,8,2024-04-15,Finalizada
OP004808,P0344,11,11,2026-04-14,Finalizada
OP004809,P0053,34,34,2026-04-23,Finalizada
OP004810,P0196,24,24,2024-09-30,Finalizada
OP004811,P0275,17,17,2025-07-19,Finalizada
OP004812,P0346,49,49,2026-01-02,Finalizada
OP004813,P0019,48,48,2025-09-10,Finalizada
OP004814,P0083,26,26,2024-01-31,Finalizada
OP004815,P0189,30,30,2026-01-02,Finalizada
OP004816,P0391,17,17,2026-03-22,Finalizada
OP004817,P0234,15,15,2025-09-09,Finalizada
OP004818,P0354,30,30,2026-03-30,Finalizada
OP004819,P0316,3,3,2025-09-01,Finalizada
OP004820,P0248,44,44,2024-04-19,Finalizada
OP004821,P0029,31,31,2024-09-23,Finalizada
OP004822,P0113,8,8,2024-08-28,Finalizada
OP004823,P0054,14,14,2026-03-09,Finalizada
OP004824,P0297,28,28,2026-04-20,Finalizada
OP004825,P0146,1,1,2024-04-09,Finalizada
OP004826,P0248,16,16,2026-04-15,Finalizada
OP004827,P0347,4,4,2024-10-03,Finalizada
OP004828,P0300,30,30,2024-10-28,Finalizada
OP004829,P0190,33,33,2025-05-19,Finalizada
OP004830,P0411,42,42,2026-04-22,Finalizada
OP004831,P0279,4,4,2024-07-27,Finalizada
OP004832,P0145,53,53,2025-02-12,Finalizada
OP004833,P0419,4,4,2026-03-02,Finalizada
OP004834,P0279,12,12,2025-04-22,Finalizada
OP004835,P0001,27,27,2024-10-26,Finalizada
OP004836,P0012,3,3,2026-04-20,Finalizada
OP004837,P0334,49,49,2026-01-26,Finalizada
OP004838,P0097,44,44,2024-10-09,Finalizada
OP004839,P0087,25,25,2025-09-02,Finalizada
OP004840,P0055,31,31,2026-05-15,Finalizada
OP004841,P0094,26,26,2025-07-24,Finalizada
OP004842,P0065,22,22,2025-12-10,Finalizada
OP004843,P0331,48,48,2024-11-03,Finalizada
OP004844,P0058,19,19,2025-05-19,Finalizada
OP004845,P0065,2,2,2025-02-26,Finalizada
OP004846,P0046,12,12,2024-02-05,Finalizada
OP004847,P0470,39,39,2025-08-09,Finalizada
OP004848,P0062,48,48,2026-02-04,Finalizada
OP004849,P0008,49,49,2026-05-04,Finalizada
OP004850,P0254,27,27,2025-04-28,Finalizada
OP004851,P0022,13,13,2025-10-15,Finalizada
OP004852,P0033,34,34,2024-09-09,Finalizada
OP004853,P0314,37,37,2025-02-05,Finalizada
OP004854,P0247,49,49,2024-11-21,Finalizada
OP004855,P0331,30,30,2024-09-27,Finalizada
OP004856,P0316,5,5,2025-11-29,Finalizada
OP004857,P0432,27,27,2024-12-11,Finalizada
OP004858,P0149,8,8,2025-10-22,Finalizada
OP004859,P0425,47,47,2025-05-28,Finalizada
OP004860,P0120,9,9,2025-06-19,Finalizada
OP004861,P0314,16,16,2025-03-12,Finalizada
OP004862,P0037,37,37,2025-11-04,Finalizada
OP004863,P0386,30,30,2025-08-15,Finalizada
OP004864,P0157,47,47,2025-12-09,Finalizada
OP004865,P0368,45,45,2024-07-23,Finalizada
OP004866,P0282,34,34,2025-12-04,Finalizada
OP004867,P0143,48,48,2026-05-08,Finalizada
OP004868,P0077,45,45,2024-11-12,Finalizada
OP004869,P0417,18,18,2026-04-30,Finalizada
OP004870,P0474,17,17,2026-02-04,Finalizada
OP004871,P0172,41,41,2025-11-05,Finalizada
OP004872,P0244,35,35,2026-01-22,Finalizada
OP004873,P0057,28,28,2024-01-11,Finalizada
OP004874,P0006,1,1,2025-04-04,Finalizada
OP004875,P0115,34,34,2024-10-17,Finalizada
OP004876,P0302,29,29,2025-11-19,Finalizada
OP004877,P0155,30,30,2026-01-26,Finalizada
OP004878,P0194,8,8,2026-03-03,Finalizada
OP004879,P0036,2,2,2026-01-30,Finalizada
OP004880,P0405,41,41,2024-02-23,Finalizada
OP004881,P0424,31,31,2025-08-14,Finalizada
OP004882,P0289,27,27,2026-03-25,Finalizada
OP004883,P0187,30,30,2026-02-14,Finalizada
OP004884,P0271,2,2,2024-03-04,Finalizada
OP004885,P0388,9,9,2025-09-23,Finalizada
OP004886,P0178,12,12,2026-03-17,Finalizada
OP004887,P0469,53,53,2025-06-03,Finalizada
OP004888,P0375,39,39,2024-09-27,Finalizada
OP004889,P0496,20,20,2024-10-06,Finalizada
OP004890,P0083,34,34,2025-11-14,Finalizada
OP004891,P0164,19,19,2025-06-09,Finalizada
OP004892,P0177,22,22,2025-01-02,Finalizada
OP004893,P0100,2,2,2026-01-08,Finalizada
OP004894,P0433,3,3,2024-04-15,Finalizada
OP004895,P0144,20,20,2025-07-28,Finalizada
OP004896,P0384,24,24,2024-01-10,Finalizada
OP004897,P0019,27,27,2025-09-05,Finalizada
OP004898,P0206,33,33,2025-06-04,Finalizada
OP004899,P0048,52,52,2024-04-02,Finalizada
OP004900,P0270,29,29,2024-11-22,Finalizada
OP004901,P0035,17,17,2025-06-19,Finalizada
OP004902,P0455,13,13,2026-05-20,Finalizada
OP004903,P0456,26,26,2024-02-04,Finalizada
OP004904,P0372,47,47,2025-06-09,Finalizada
OP004905,P0273,36,36,2025-08-27,Finalizada
OP004906,P0022,41,41,2026-03-10,Finalizada
OP004907,P0246,26,26,2026-01-23,Finalizada
OP004908,P0107,41,41,2025-12-08,Finalizada
OP004909,P0442,23,23,2024-05-07,Finalizada
OP004910,P0412,51,51,2024-12-24,Finalizada
OP004911,P0163,18,18,2025-03-26,Finalizada
OP004912,P0270,39,39,2026-05-08,Finalizada
OP004913,P0447,8,8,2024-05-07,Finalizada
OP004914,P0414,26,26,2025-11-10,Finalizada
OP004915,P0142,37,37,2026-02-02,Finalizada
OP004916,P0083,3,3,2025-01-15,Finalizada
OP004917,P0491,25,25,2025-08-10,Finalizada
OP004918,P0026,35,35,2026-04-24,Finalizada
OP004919,P0261,51,51,2025-09-23,Finalizada
OP004920,P0363,26,26,2024-08-21,Finalizada
OP004921,P0102,6,6,2025-09-15,Finalizada
OP004922,P0095,36,36,2024-03-20,Finalizada
OP004923,P0060,45,45,2025-11-07,Finalizada
OP004924,P0211,52,52,2026-01-20,Finalizada
OP004925,P0434,30,30,2025-03-10,Finalizada
OP004926,P0410,12,12,2025-01-31,Finalizada
OP004927,P0380,12,12,2025-06-17,Finalizada
OP004928,P0118,52,52,2025-09-05,Finalizada
OP004929,P0052,13,13,2025-01-29,Finalizada
OP004930,P0394,42,42,2025-12-03,Finalizada
OP004931,P0314,3,3,2025-09-18,Finalizada
OP004932,P0182,13,13,2025-05-14,Finalizada
OP004933,P0305,26,26,2025-11-16,Finalizada
OP004934,P0485,29,29,2026-01-11,Finalizada
OP004935,P0388,40,40,2024-03-13,Finalizada
OP004936,P0169,13,13,2024-11-01,Finalizada
OP004937,P0275,37,37,2025-01-01,Finalizada
OP004938,P0088,19,19,2026-01-17,Finalizada
OP004939,P0044,39,39,2026-03-16,Finalizada
OP004940,P0098,31,31,2025-10-17,Finalizada
OP004941,P0493,30,30,2026-02-26,Finalizada
OP004942,P0277,18,18,2025-12-02,Finalizada
OP004943,P0020,29,29,2026-02-24,Finalizada
OP004944,P0265,3,3,2025-03-18,Finalizada
OP004945,P0323,53,53,2024-03-06,Finalizada
OP004946,P0342,31,31,2026-02-26,Finalizada
OP004947,P0341,53,53,2024-01-11,Finalizada
OP004948,P0434,14,14,2025-04-24,Finalizada
OP004949,P0209,53,53,2025-03-27,Finalizada
OP004950,P0398,9,9,2026-02-11,Finalizada
OP004951,P0491,16,16,2024-03-13,Finalizada
OP004952,P0404,18,18,2024-11-29,Finalizada
OP004953,P0149,8,8,2024-10-01,Finalizada
OP004954,P0359,2,2,2026-03-17,Finalizada
OP004955,P0170,11,11,2025-04-16,Finalizada
OP004956,P0424,11,11,2026-01-16,Finalizada
OP004957,P0300,46,46,2024-10-14,Finalizada
OP004958,P0198,19,19,2026-04-02,Finalizada
OP004959,P0027,16,16,2024-05-01,Finalizada
OP004960,P0049,30,30,2025-07-22,Finalizada
OP004961,P0100,36,36,2025-06-05,Finalizada
OP004962,P0353,25,25,2025-08-11,Finalizada
OP004963,P0035,36,36,2025-02-14,Finalizada
OP004964,P0149,1,1,2025-07-24,Finalizada
OP004965,P0022,28,28,2025-04-07,Finalizada
OP004966,P0226,16,16,2024-12-10,Finalizada
OP004967,P0206,4,4,2025-09-22,Finalizada
OP004968,P0358,3,3,2026-03-18,Finalizada
OP004969,P0038,8,8,2024-10-07,Finalizada
OP004970,P0343,48,48,2024-06-03,Finalizada
OP004971,P0082,47,47,2025-11-15,Finalizada
OP004972,P0202,46,46,2025-07-02,Finalizada
OP004973,P0252,23,23,2024-01-01,Finalizada
OP004974,P0476,11,11,2024-04-15,Finalizada
OP004975,P0122,52,52,2025-07-18,Finalizada
OP004976,P0166,38,38,2024-09-29,Finalizada
OP004977,P0489,30,30,2024-01-12,Finalizada
OP004978,P0236,17,17,2025-10-10,Finalizada
OP004979,P0117,27,27,2024-05-17,Finalizada
OP004980,P0418,7,7,2025-09-04,Finalizada
OP004981,P0149,11,11,2025-10-09,Finalizada
OP004982,P0059,18,18,2025-01-23,Finalizada
OP004983,P0287,16,16,2024-11-05,Finalizada
OP004984,P0104,8,8,2024-02-02,Finalizada
OP004985,P0067,53,53,2025-08-15,Finalizada
OP004986,P0422,16,16,2024-01-01,Finalizada
OP004987,P0409,52,52,2024-03-20,Finalizada
OP004988,P0382,6,6,2026-01-20,Finalizada
OP004989,P0489,44,44,2025-07-30,Finalizada
OP004990,P0014,51,51,2025-03-27,Finalizada
OP004991,P0103,1,1,2025-11-04,Finalizada
OP004992,P0288,20,20,2024-08-26,Finalizada
OP004993,P0014,13,13,2025-11-28,Finalizada
OP004994,P0458,52,52,2025-04-15,Finalizada
OP004995,P0108,4,4,2025-12-10,Finalizada
OP004996,P0408,13,13,2025-03-26,Finalizada
OP004997,P0383,8,8,2024-07-11,Finalizada
OP004998,P0451,16,16,2026-03-09,Finalizada
OP004999,P0045,53,53,2026-04-29,Finalizada
OP005000,P0099,16,16,2024-06-04,Finalizada
OP005001,P0486,41,41,2025-08-14,Finalizada
OP005002,P0306,44,44,2026-01-12,Finalizada
OP005003,P0365,53,53,2025-08-04,Finalizada
OP005004,P0375,19,19,2026-01-27,Finalizada
OP005005,P0422,45,45,2026-04-15,Finalizada
OP005006,P0021,14,14,2025-10-30,Finalizada
OP005007,P0156,36,36,2026-05-11,Finalizada
OP005008,P0073,45,45,2025-07-25,Finalizada
OP005009,P0089,20,20,2024-04-03,Finalizada
OP005010,P0445,24,24,2025-11-28,Finalizada
OP005011,P0030,40,40,2025-09-05,Finalizada
OP005012,P0129,14,14,2026-01-08,Finalizada
OP005013,P0496,5,5,2024-04-23,Finalizada
OP005014,P0214,52,52,2025-07-08,Finalizada
OP005015,P0150,5,5,2025-03-25,Finalizada
OP005016,P0022,42,42,2024-01-04,Finalizada
OP005017,P0405,34,34,2026-05-06,Finalizada
OP005018,P0500,17,17,2025-01-02,Finalizada
OP005019,P0219,17,17,2025-11-03,Finalizada
OP005020,P0362,49,49,2025-02-06,Finalizada
OP005021,P0123,7,7,2026-03-10,Finalizada
OP005022,P0133,41,41,2024-06-24,Finalizada
OP005023,P0452,23,23,2024-01-31,Finalizada
OP005024,P0396,9,9,2025-04-24,Finalizada
OP005025,P0264,53,53,2025-08-13,Finalizada
OP005026,P0251,30,30,2024-11-15,Finalizada
OP005027,P0060,34,34,2024-10-23,Finalizada
OP005028,P0325,6,6,2024-01-24,Finalizada
OP005029,P0245,23,23,2024-12-23,Finalizada
OP005030,P0385,37,37,2026-04-29,Finalizada
OP005031,P0200,25,25,2025-02-07,Finalizada
OP005032,P0154,19,19,2025-07-01,Finalizada
OP005033,P0107,25,25,2024-08-30,Finalizada
OP005034,P0227,15,15,2025-09-29,Finalizada
OP005035,P0471,28,28,2025-10-05,Finalizada
OP005036,P0284,27,27,2025-05-23,Finalizada
OP005037,P0417,1,1,2024-05-30,Finalizada
OP005038,P0098,36,36,2025-01-14,Finalizada
OP005039,P0160,14,14,2026-01-20,Finalizada
OP005040,P0056,17,17,2025-10-03,Finalizada
OP005041,P0395,36,36,2025-12-28,Finalizada
OP005042,P0030,35,35,2026-04-23,Finalizada
OP005043,P0388,28,28,2024-11-13,Finalizada
OP005044,P0437,5,5,2024-05-20,Finalizada
OP005045,P0217,46,46,2026-03-23,Finalizada
OP005046,P0207,23,23,2024-11-12,Finalizada
OP005047,P0024,4,4,2026-04-29,Finalizada
OP005048,P0424,13,13,2024-08-14,Finalizada
OP005049,P0078,6,6,2025-12-28,Finalizada
OP005050,P0120,31,31,2026-03-31,Finalizada
OP005051,P0096,8,8,2026-02-13,Finalizada
OP005052,P0392,7,7,2026-03-27,Finalizada
OP005053,P0260,15,15,2024-06-10,Finalizada
OP005054,P0410,38,38,2024-04-22,Finalizada
OP005055,P0163,11,11,2024-12-18,Finalizada
OP005056,P0138,45,45,2025-05-16,Finalizada
OP005057,P0340,41,41,2025-10-06,Finalizada
OP005058,P0008,38,38,2025-10-03,Finalizada
OP005059,P0183,16,16,2025-09-09,Finalizada
OP005060,P0402,19,19,2025-01-07,Finalizada
OP005061,P0307,2,2,2025-01-14,Finalizada
OP005062,P0360,12,12,2025-12-24,Finalizada
OP005063,P0328,28,28,2025-08-08,Finalizada
OP005064,P0428,25,25,2024-03-27,Finalizada
OP005065,P0384,33,33,2024-02-21,Finalizada
OP005066,P0477,41,41,2024-12-20,Finalizada
OP005067,P0280,24,24,2026-04-30,Finalizada
OP005068,P0182,40,40,2024-03-04,Finalizada
OP005069,P0368,29,29,2025-10-31,Finalizada
OP005070,P0122,35,35,2024-11-12,Finalizada
OP005071,P0117,49,49,2024-03-31,Finalizada
OP005072,P0325,24,24,2024-04-30,Finalizada
OP005073,P0447,16,16,2025-06-09,Finalizada
OP005074,P0268,22,22,2024-04-30,Finalizada
OP005075,P0219,28,28,2025-03-06,Finalizada
OP005076,P0243,25,25,2024-03-13,Finalizada
OP005077,P0176,39,39,2024-09-23,Finalizada
OP005078,P0066,29,29,2025-07-10,Finalizada
OP005079,P0288,24,24,2024-07-19,Finalizada
OP005080,P0364,23,23,2025-08-15,Finalizada
OP005081,P0157,16,16,2024-09-19,Finalizada
OP005082,P0497,36,36,2025-10-15,Finalizada
OP005083,P0438,29,29,2025-08-29,Finalizada
OP005084,P0112,3,3,2025-01-31,Finalizada
OP005085,P0500,14,14,2024-09-18,Finalizada
OP005086,P0365,19,19,2025-02-27,Finalizada
OP005087,P0193,14,14,2026-02-03,Finalizada
OP005088,P0182,29,29,2025-09-17,Finalizada
OP005089,P0132,48,48,2024-04-18,Finalizada
OP005090,P0141,16,16,2024-06-21,Finalizada
OP005091,P0465,44,44,2025-02-24,Finalizada
OP005092,P0135,27,27,2024-10-28,Finalizada
OP005093,P0112,26,26,2024-12-24,Finalizada
OP005094,P0016,20,20,2025-02-10,Finalizada
OP005095,P0327,13,13,2025-07-04,Finalizada
OP005096,P0023,35,35,2025-06-05,Finalizada
OP005097,P0333,52,52,2025-01-07,Finalizada
OP005098,P0254,41,41,2024-05-01,Finalizada
OP005099,P0300,34,34,2024-07-26,Finalizada
OP005100,P0021,52,52,2025-10-02,Finalizada
OP005101,P0179,42,42,2025-01-06,Finalizada
OP005102,P0025,39,39,2026-02-27,Finalizada
OP005103,P0376,52,52,2024-03-12,Finalizada
OP005104,P0303,31,31,2026-03-06,Finalizada
OP005105,P0324,42,42,2024-06-26,Finalizada
OP005106,P0209,14,14,2025-09-11,Finalizada
OP005107,P0169,9,9,2025-05-29,Finalizada
OP005108,P0061,11,11,2026-02-27,Finalizada
OP005109,P0057,31,31,2025-02-23,Finalizada
OP005110,P0270,2,2,2025-07-20,Finalizada
OP005111,P0099,16,16,2025-08-08,Finalizada
OP005112,P0306,16,16,2024-10-08,Finalizada
OP005113,P0255,24,24,2024-05-16,Finalizada
OP005114,P0275,29,29,2026-04-03,Finalizada
OP005115,P0500,19,19,2025-10-20,Finalizada
OP005116,P0415,27,27,2024-12-06,Finalizada
OP005117,P0318,34,34,2026-02-22,Finalizada
OP005118,P0193,31,31,2025-02-24,Finalizada
OP005119,P0248,20,20,2025-10-29,Finalizada
OP005120,P0259,7,7,2025-09-26,Finalizada
OP005121,P0278,27,27,2026-02-06,Finalizada
OP005122,P0148,37,37,2025-07-15,Finalizada
OP005123,P0133,38,38,2026-04-27,Finalizada
OP005124,P0415,39,39,2024-06-03,Finalizada
OP005125,P0019,35,35,2026-01-10,Finalizada
OP005126,P0470,6,6,2025-12-26,Finalizada
OP005127,P0175,7,7,2024-04-05,Finalizada
OP005128,P0282,40,40,2025-06-18,Finalizada
OP005129,P0225,26,26,2024-06-28,Finalizada
OP005130,P0432,53,53,2024-09-19,Finalizada
OP005131,P0246,36,36,2025-03-20,Finalizada
OP005132,P0439,24,24,2026-04-27,Finalizada
OP005133,P0195,5,5,2025-09-17,Finalizada
OP005134,P0245,9,9,2024-08-16,Finalizada
OP005135,P0340,20,20,2026-05-22,Finalizada
OP005136,P0277,30,30,2026-01-15,Finalizada
OP005137,P0044,19,19,2025-07-30,Finalizada
OP005138,P0277,52,52,2025-02-06,Finalizada
OP005139,P0154,27,27,2025-12-04,Finalizada
OP005140,P0256,48,48,2025-07-02,Finalizada
OP005141,P0211,24,24,2024-12-26,Finalizada
OP005142,P0473,19,19,2026-04-13,Finalizada
OP005143,P0152,34,34,2024-12-28,Finalizada
OP005144,P0292,19,19,2025-05-16,Finalizada
OP005145,P0139,46,46,2024-07-31,Finalizada
OP005146,P0427,13,13,2025-04-04,Finalizada
OP005147,P0327,53,53,2024-07-25,Finalizada
OP005148,P0426,27,27,2025-01-20,Finalizada
OP005149,P0165,25,25,2025-01-24,Finalizada
OP005150,P0221,16,16,2026-01-01,Finalizada
OP005151,P0054,47,47,2024-03-20,Finalizada
OP005152,P0017,6,6,2024-08-02,Finalizada
OP005153,P0221,46,46,2025-09-12,Finalizada
OP005154,P0270,53,53,2024-06-04,Finalizada
OP005155,P0326,49,49,2025-05-16,Finalizada
OP005156,P0204,33,33,2025-03-24,Finalizada
OP005157,P0372,17,17,2025-10-15,Finalizada
OP005158,P0408,47,47,2024-12-16,Finalizada
OP005159,P0028,53,53,2024-01-19,Finalizada
OP005160,P0486,26,26,2025-11-20,Finalizada
OP005161,P0010,16,16,2024-09-20,Finalizada
OP005162,P0177,27,27,2025-03-07,Finalizada
OP005163,P0288,35,35,2025-12-04,Finalizada
OP005164,P0215,28,28,2025-02-04,Finalizada
OP005165,P0341,38,38,2024-04-03,Finalizada
OP005166,P0178,35,35,2025-04-07,Finalizada
OP005167,P0018,42,42,2025-02-17,Finalizada
OP005168,P0340,5,5,2025-06-26,Finalizada
OP005169,P0095,15,15,2025-10-09,Finalizada
OP005170,P0445,14,14,2025-04-04,Finalizada
OP005171,P0019,9,9,2025-08-19,Finalizada
OP005172,P0026,45,45,2025-01-20,Finalizada
OP005173,P0081,9,9,2025-04-09,Finalizada
OP005174,P0216,26,26,2025-09-23,Finalizada
OP005175,P0191,41,41,2025-03-07,Finalizada
OP005176,P0435,22,22,2024-05-09,Finalizada
OP005177,P0318,12,12,2024-06-05,Finalizada
OP005178,P0318,49,49,2025-09-02,Finalizada
OP005179,P0356,40,40,2024-11-26,Finalizada
OP005180,P0389,48,48,2024-04-05,Finalizada
OP005181,P0465,15,15,2024-03-05,Finalizada
OP005182,P0192,34,34,2025-04-29,Finalizada
OP005183,P0393,30,30,2025-08-29,Finalizada
OP005184,P0150,19,19,2025-03-03,Finalizada
OP005185,P0304,27,27,2025-09-04,Finalizada
OP005186,P0054,46,46,2024-10-21,Finalizada
OP005187,P0085,31,31,2025-10-29,Finalizada
OP005188,P0348,29,29,2024-12-29,Finalizada
OP005189,P0124,29,29,2025-06-25,Finalizada
OP005190,P0304,28,28,2024-09-19,Finalizada
OP005191,P0408,35,35,2025-11-18,Finalizada
OP005192,P0385,24,24,2026-04-09,Finalizada
OP005193,P0225,27,27,2025-12-18,Finalizada
OP005194,P0331,42,42,2026-04-26,Finalizada
OP005195,P0318,23,23,2026-02-25,Finalizada
OP005196,P0137,7,7,2024-10-21,Finalizada
OP005197,P0217,38,38,2024-08-29,Finalizada
OP005198,P0168,27,27,2025-09-25,Finalizada
OP005199,P0011,44,44,2025-01-20,Finalizada
OP005200,P0228,3,3,2025-05-19,Finalizada
OP005201,P0093,18,18,2025-04-18,Finalizada
OP005202,P0243,33,33,2024-06-25,Finalizada
OP005203,P0274,39,39,2025-12-29,Finalizada
OP005204,P0485,38,38,2025-09-08,Finalizada
OP005205,P0115,51,51,2025-03-25,Finalizada
OP005206,P0263,35,35,2026-03-05,Finalizada
OP005207,P0309,50,50,2025-10-28,Finalizada
OP005208,P0085,25,25,2025-06-13,Finalizada
OP005209,P0306,35,35,2026-05-14,Finalizada
OP005210,P0126,37,37,2025-01-23,Finalizada
OP005211,P0316,1,1,2026-02-18,Finalizada
OP005212,P0062,5,5,2025-04-08,Finalizada
OP005213,P0036,20,20,2025-01-23,Finalizada
OP005214,P0009,24,24,2025-02-28,Finalizada
OP005215,P0350,5,5,2025-10-26,Finalizada
OP005216,P0478,24,24,2026-04-02,Finalizada
OP005217,P0180,46,46,2024-12-16,Finalizada
OP005218,P0025,25,25,2025-02-20,Finalizada
OP005219,P0382,15,15,2025-12-19,Finalizada
OP005220,P0444,24,24,2024-07-04,Finalizada
OP005221,P0116,38,38,2025-10-23,Finalizada
OP005222,P0212,28,28,2024-08-16,Finalizada
OP005223,P0137,45,45,2026-05-08,Finalizada
OP005224,P0411,7,7,2024-11-15,Finalizada
OP005225,P0024,36,36,2024-09-06,Finalizada
OP005226,P0367,14,14,2025-09-01,Finalizada
OP005227,P0095,22,22,2026-05-11,Finalizada
OP005228,P0410,33,33,2025-12-17,Finalizada
OP005229,P0336,11,11,2024-05-30,Finalizada
OP005230,P0257,15,15,2024-06-12,Finalizada
OP005231,P0365,26,26,2026-05-06,Finalizada
OP005232,P0180,40,40,2024-09-17,Finalizada
OP005233,P0213,29,29,2025-08-17,Finalizada
OP005234,P0272,23,23,2025-11-11,Finalizada
OP005235,P0331,16,16,2025-01-09,Finalizada
OP005236,P0246,44,44,2024-09-02,Finalizada
OP005237,P0158,19,19,2024-03-30,Finalizada
OP005238,P0027,8,8,2025-04-29,Finalizada
OP005239,P0436,8,8,2025-09-05,Finalizada
OP005240,P0112,20,20,2024-06-19,Finalizada
OP005241,P0355,25,25,2024-05-25,Finalizada
OP005242,P0056,16,16,2025-09-26,Finalizada
OP005243,P0019,2,2,2024-12-24,Finalizada
OP005244,P0481,12,12,2025-02-21,Finalizada
OP005245,P0146,40,40,2024-02-23,Finalizada
OP005246,P0267,8,8,2025-12-17,Finalizada
OP005247,P0478,48,48,2025-01-23,Finalizada
OP005248,P0102,52,52,2025-09-29,Finalizada
OP005249,P0196,40,40,2025-11-25,Finalizada
OP005250,P0353,42,42,2024-11-26,Finalizada
OP005251,P0420,33,33,2026-04-18,Finalizada
OP005252,P0265,17,17,2026-03-11,Finalizada
OP005253,P0397,30,30,2024-07-21,Finalizada
OP005254,P0404,30,30,2025-07-24,Finalizada
OP005255,P0478,25,25,2024-05-06,Finalizada
OP005256,P0225,30,30,2025-07-30,Finalizada
OP005257,P0308,2,2,2024-06-03,Finalizada
OP005258,P0304,53,53,2026-03-11,Finalizada
OP005259,P0408,8,8,2025-02-28,Finalizada
OP005260,P0366,14,14,2025-12-12,Finalizada
OP005261,P0034,16,16,2025-11-05,Finalizada
OP005262,P0453,2,2,2025-06-16,Finalizada
OP005263,P0051,37,37,2025-06-02,Finalizada
OP005264,P0302,49,49,2024-05-03,Finalizada
OP005265,P0235,35,35,2026-04-17,Finalizada
OP005266,P0105,51,51,2025-08-24,Finalizada
OP005267,P0350,48,48,2025-10-24,Finalizada
OP005268,P0351,28,28,2025-11-04,Finalizada
OP005269,P0380,19,19,2025-01-06,Finalizada
OP005270,P0342,15,15,2025-12-05,Finalizada
OP005271,P0231,17,17,2024-07-22,Finalizada
OP005272,P0219,30,30,2026-02-27,Finalizada
OP005273,P0057,31,31,2026-03-12,Finalizada
OP005274,P0445,34,34,2026-01-01,Finalizada
OP005275,P0253,12,12,2025-12-15,Finalizada
OP005276,P0280,26,26,2025-12-11,Finalizada
OP005277,P0402,39,39,2024-06-14,Finalizada
OP005278,P0480,15,15,2025-10-06,Finalizada
OP005279,P0361,22,22,2024-12-25,Finalizada
OP005280,P0108,41,41,2025-05-23,Finalizada
OP005281,P0091,33,33,2025-01-08,Finalizada
OP005282,P0014,48,48,2025-11-09,Finalizada
OP005283,P0024,3,3,2024-11-19,Finalizada
OP005284,P0492,17,17,2024-10-10,Finalizada
OP005285,P0024,20,20,2025-02-07,Finalizada
OP005286,P0284,48,48,2025-07-22,Finalizada
OP005287,P0187,29,29,2024-08-10,Finalizada
OP005288,P0485,31,31,2024-02-12,Finalizada
OP005289,P0437,12,12,2025-09-18,Finalizada
OP005290,P0259,22,22,2024-12-23,Finalizada
OP005291,P0485,5,5,2026-03-12,Finalizada
OP005292,P0353,1,1,2024-08-06,Finalizada
OP005293,P0225,7,7,2026-04-02,Finalizada
OP005294,P0115,45,45,2026-01-23,Finalizada
OP005295,P0320,19,19,2024-10-10,Finalizada
OP005296,P0002,51,51,2025-06-03,Finalizada
OP005297,P0414,42,42,2026-03-03,Finalizada
OP005298,P0115,29,29,2025-09-10,Finalizada
OP005299,P0090,42,42,2025-12-29,Finalizada
OP005300,P0040,53,53,2025-12-03,Finalizada
OP005301,P0115,45,45,2026-01-07,Finalizada
OP005302,P0323,27,27,2026-05-20,Finalizada
OP005303,P0426,28,28,2025-09-25,Finalizada
OP005304,P0178,3,3,2026-04-03,Finalizada
OP005305,P0008,47,47,2024-09-12,Finalizada
OP005306,P0364,15,15,2026-05-08,Finalizada
OP005307,P0161,25,25,2025-04-21,Finalizada
OP005308,P0064,8,8,2025-12-18,Finalizada
OP005309,P0108,23,23,2024-07-09,Finalizada
OP005310,P0215,38,38,2024-09-26,Finalizada
OP005311,P0279,3,3,2025-04-04,Finalizada
OP005312,P0304,40,40,2025-10-09,Finalizada
OP005313,P0277,49,49,2024-04-10,Finalizada
OP005314,P0255,16,16,2025-02-09,Finalizada
OP005315,P0131,24,24,2025-11-21,Finalizada
OP005316,P0489,16,16,2025-11-03,Finalizada
OP005317,P0289,44,44,2024-11-15,Finalizada
OP005318,P0162,52,52,2024-08-14,Finalizada
OP005319,P0054,6,6,2024-06-06,Finalizada
OP005320,P0014,24,24,2026-01-28,Finalizada
OP005321,P0286,38,38,2025-05-01,Finalizada
OP005322,P0014,17,17,2025-07-02,Finalizada
OP005323,P0169,42,42,2025-08-05,Finalizada
OP005324,P0403,33,33,2025-11-17,Finalizada
OP005325,P0307,36,36,2024-04-12,Finalizada
OP005326,P0138,12,12,2025-02-14,Finalizada
OP005327,P0338,24,24,2026-05-06,Finalizada
OP005328,P0187,22,22,2024-02-06,Finalizada
OP005329,P0363,24,24,2024-04-09,Finalizada
OP005330,P0079,48,48,2026-01-30,Finalizada
OP005331,P0146,8,8,2026-02-09,Finalizada
OP005332,P0164,20,20,2024-10-16,Finalizada
OP005333,P0056,8,8,2025-02-13,Finalizada
OP005334,P0317,42,42,2024-02-17,Finalizada
OP005335,P0012,35,35,2024-08-23,Finalizada
OP005336,P0336,53,53,2026-01-02,Finalizada
OP005337,P0207,7,7,2025-11-07,Finalizada
OP005338,P0137,39,39,2024-11-01,Finalizada
OP005339,P0421,6,6,2025-08-15,Finalizada
OP005340,P0495,46,46,2026-05-01,Finalizada
OP005341,P0028,11,11,2024-06-17,Finalizada
OP005342,P0152,46,46,2026-04-20,Finalizada
OP005343,P0239,5,5,2024-02-23,Finalizada
OP005344,P0259,41,41,2025-11-11,Finalizada
OP005345,P0078,40,40,2025-04-24,Finalizada
OP005346,P0431,35,35,2026-01-09,Finalizada
OP005347,P0309,25,25,2025-10-16,Finalizada
OP005348,P0021,45,45,2024-10-23,Finalizada
OP005349,P0440,39,39,2025-07-08,Finalizada
OP005350,P0145,38,38,2026-05-07,Finalizada
OP005351,P0107,22,22,2025-08-03,Finalizada
OP005352,P0340,53,53,2026-01-12,Finalizada
OP005353,P0213,27,27,2025-05-01,Finalizada
OP005354,P0204,15,15,2024-12-29,Finalizada
OP005355,P0450,50,50,2024-06-21,Finalizada
OP005356,P0218,30,30,2025-07-29,Finalizada
OP005357,P0494,28,28,2024-09-25,Finalizada
OP005358,P0294,16,16,2025-01-22,Finalizada
OP005359,P0414,38,38,2025-11-04,Finalizada
OP005360,P0082,17,17,2024-06-12,Finalizada
OP005361,P0446,24,24,2024-04-25,Finalizada
OP005362,P0141,6,6,2024-02-18,Finalizada
OP005363,P0286,38,38,2026-04-27,Finalizada
OP005364,P0200,28,28,2025-12-12,Finalizada
OP005365,P0252,49,49,2025-05-19,Finalizada
OP005366,P0386,24,24,2024-03-18,Finalizada
OP005367,P0335,48,48,2025-08-20,Finalizada
OP005368,P0413,46,46,2026-04-16,Finalizada
OP005369,P0208,50,50,2026-02-23,Finalizada
OP005370,P0434,3,3,2025-05-07,Finalizada
OP005371,P0344,49,49,2025-08-08,Finalizada
OP005372,P0425,28,28,2025-03-26,Finalizada
OP005373,P0416,12,12,2025-04-16,Finalizada
OP005374,P0323,7,7,2026-01-29,Finalizada
OP005375,P0287,2,2,2025-08-25,Finalizada
OP005376,P0189,6,6,2026-04-28,Finalizada
OP005377,P0185,3,3,2024-12-06,Finalizada
OP005378,P0416,31,31,2025-09-26,Finalizada
OP005379,P0374,35,35,2025-10-09,Finalizada
OP005380,P0398,36,36,2024-05-27,Finalizada
OP005381,P0480,22,22,2025-11-03,Finalizada
OP005382,P0444,40,40,2024-03-16,Finalizada
OP005383,P0365,34,34,2024-04-26,Finalizada
OP005384,P0350,47,47,2025-10-02,Finalizada
OP005385,P0358,42,42,2025-08-05,Finalizada
OP005386,P0187,34,34,2026-01-21,Finalizada
OP005387,P0309,37,37,2025-01-14,Finalizada
OP005388,P0389,30,30,2025-08-27,Finalizada
OP005389,P0146,44,44,2026-05-12,Finalizada
OP005390,P0430,33,33,2026-05-06,Finalizada
OP005391,P0347,52,52,2025-12-18,Finalizada
OP005392,P0272,4,4,2024-09-20,Finalizada
OP005393,P0065,39,39,2026-04-06,Finalizada
OP005394,P0386,5,5,2025-12-30,Finalizada
OP005395,P0242,12,12,2025-07-30,Finalizada
OP005396,P0042,45,45,2024-05-09,Finalizada
OP005397,P0479,46,46,2024-05-01,Finalizada
OP005398,P0312,13,13,2024-10-30,Finalizada
OP005399,P0019,50,50,2024-10-25,Finalizada
OP005400,P0185,48,48,2026-03-26,Finalizada
OP005401,P0110,8,8,2024-10-07,Finalizada
OP005402,P0392,30,30,2024-11-10,Finalizada
OP005403,P0037,18,18,2024-10-06,Finalizada
OP005404,P0095,52,52,2024-08-28,Finalizada
OP005405,P0036,51,51,2026-02-18,Finalizada
OP005406,P0397,39,39,2025-04-05,Finalizada
OP005407,P0237,50,50,2024-03-11,Finalizada
OP005408,P0069,11,11,2025-05-23,Finalizada
OP005409,P0399,53,53,2024-02-29,Finalizada
OP005410,P0144,2,2,2025-06-23,Finalizada
OP005411,P0151,29,29,2024-05-23,Finalizada
OP005412,P0328,40,40,2024-10-07,Finalizada
OP005413,P0250,52,52,2026-05-08,Finalizada
OP005414,P0090,22,22,2026-04-03,Finalizada
OP005415,P0023,20,20,2026-01-25,Finalizada
OP005416,P0262,19,19,2026-03-11,Finalizada
OP005417,P0063,42,42,2025-04-10,Finalizada
OP005418,P0376,39,39,2024-04-15,Finalizada
OP005419,P0460,51,51,2024-01-31,Finalizada
OP005420,P0285,24,24,2025-05-22,Finalizada
OP005421,P0054,5,5,2024-07-08,Finalizada
OP005422,P0225,35,35,2025-04-22,Finalizada
OP005423,P0496,48,48,2025-06-19,Finalizada
OP005424,P0240,1,1,2024-12-19,Finalizada
OP005425,P0469,4,4,2026-02-24,Finalizada
OP005426,P0225,17,17,2025-04-11,Finalizada
OP005427,P0460,18,18,2026-01-09,Finalizada
OP005428,P0498,26,26,2024-12-24,Finalizada
OP005429,P0481,52,52,2024-07-22,Finalizada
OP005430,P0419,27,27,2024-11-20,Finalizada
OP005431,P0176,36,36,2026-01-13,Finalizada
OP005432,P0001,12,12,2025-07-11,Finalizada
OP005433,P0417,8,8,2025-06-16,Finalizada
OP005434,P0154,39,39,2025-11-27,Finalizada
OP005435,P0314,35,35,2025-07-21,Finalizada
OP005436,P0386,20,20,2024-12-24,Finalizada
OP005437,P0283,19,19,2024-10-20,Finalizada
OP005438,P0050,29,29,2025-09-13,Finalizada
OP005439,P0324,28,28,2025-10-27,Finalizada
OP005440,P0258,9,9,2025-11-10,Finalizada
OP005441,P0307,39,39,2026-03-16,Finalizada
OP005442,P0396,15,15,2025-12-01,Finalizada
OP005443,P0359,53,53,2026-04-09,Finalizada
OP005444,P0487,23,23,2026-04-14,Finalizada
OP005445,P0289,53,53,2026-03-20,Finalizada
OP005446,P0294,4,4,2025-04-17,Finalizada
OP005447,P0030,42,42,2025-03-31,Finalizada
OP005448,P0312,16,16,2026-02-12,Finalizada
OP005449,P0320,17,17,2025-07-20,Finalizada
OP005450,P0250,31,31,2025-02-05,Finalizada
OP005451,P0109,47,47,2025-12-23,Finalizada
OP005452,P0232,1,1,2026-05-12,Finalizada
OP005453,P0375,4,4,2025-08-15,Finalizada
OP005454,P0131,12,12,2026-01-01,Finalizada
OP005455,P0152,33,33,2024-06-21,Finalizada
OP005456,P0213,24,24,2025-07-15,Finalizada
OP005457,P0002,19,19,2024-02-12,Finalizada
OP005458,P0072,11,11,2024-10-16,Finalizada
OP005459,P0477,22,22,2024-06-01,Finalizada
OP005460,P0142,6,6,2025-02-04,Finalizada
OP005461,P0242,40,40,2024-11-12,Finalizada
OP005462,P0385,28,28,2025-10-17,Finalizada
OP005463,P0175,51,51,2025-07-22,Finalizada
OP005464,P0026,2,2,2024-12-03,Finalizada
OP005465,P0033,36,36,2025-10-03,Finalizada
OP005466,P0376,12,12,2025-07-11,Finalizada
OP005467,P0347,35,35,2024-01-03,Finalizada
OP005468,P0458,19,19,2025-08-08,Finalizada
OP005469,P0334,6,6,2025-06-12,Finalizada
OP005470,P0260,35,35,2026-04-01,Finalizada
OP005471,P0219,50,50,2024-04-10,Finalizada
OP005472,P0216,24,24,2024-03-29,Finalizada
OP005473,P0150,24,24,2024-12-17,Finalizada
OP005474,P0115,11,11,2026-01-06,Finalizada
OP005475,P0042,5,5,2025-02-13,Finalizada
OP005476,P0366,8,8,2024-12-18,Finalizada
OP005477,P0081,38,38,2025-04-09,Finalizada
OP005478,P0482,18,18,2025-08-19,Finalizada
OP005479,P0315,37,37,2026-05-11,Finalizada
OP005480,P0469,26,26,2025-03-21,Finalizada
OP005481,P0004,35,35,2025-11-18,Finalizada
OP005482,P0059,16,16,2026-01-26,Finalizada
OP005483,P0030,49,49,2025-11-09,Finalizada
OP005484,P0264,34,34,2024-10-30,Finalizada
OP005485,P0239,20,20,2025-10-31,Finalizada
OP005486,P0161,30,30,2025-05-29,Finalizada
OP005487,P0434,34,34,2026-04-20,Finalizada
OP005488,P0248,50,50,2026-01-05,Finalizada
OP005489,P0133,38,38,2025-03-31,Finalizada
OP005490,P0307,19,19,2024-06-15,Finalizada
OP005491,P0446,37,37,2025-03-25,Finalizada
OP005492,P0474,1,1,2024-09-24,Finalizada
OP005493,P0168,34,34,2026-04-03,Finalizada
OP005494,P0035,7,7,2025-11-11,Finalizada
OP005495,P0011,28,28,2025-08-28,Finalizada
OP005496,P0036,47,47,2026-01-28,Finalizada
OP005497,P0035,22,22,2024-09-19,Finalizada
OP005498,P0424,22,22,2025-05-09,Finalizada
OP005499,P0297,48,48,2025-11-22,Finalizada
OP005500,P0017,25,25,2025-03-28,Finalizada
OP005501,P0486,41,41,2025-06-20,Finalizada
OP005502,P0141,12,12,2025-11-07,Finalizada
OP005503,P0038,14,14,2025-10-14,Finalizada
OP005504,P0306,19,19,2025-06-10,Finalizada
OP005505,P0497,23,23,2025-07-17,Finalizada
OP005506,P0442,11,11,2025-03-03,Finalizada
OP005507,P0017,11,11,2024-08-08,Finalizada
OP005508,P0159,3,3,2025-02-17,Finalizada
OP005509,P0314,27,27,2024-02-09,Finalizada
OP005510,P0347,28,28,2026-01-23,Finalizada
OP005511,P0069,19,19,2025-09-19,Finalizada
OP005512,P0271,37,37,2025-02-12,Finalizada
OP005513,P0473,1,1,2024-09-04,Finalizada
OP005514,P0181,25,25,2026-04-01,Finalizada
OP005515,P0041,28,28,2024-07-30,Finalizada
OP005516,P0258,22,22,2026-05-08,Finalizada
OP005517,P0008,9,9,2025-02-14,Finalizada
OP005518,P0309,19,19,2024-09-18,Finalizada
OP005519,P0499,37,37,2025-10-30,Finalizada
OP005520,P0102,11,11,2026-01-09,Finalizada
OP005521,P0024,38,38,2025-01-21,Finalizada
OP005522,P0076,7,7,2025-11-06,Finalizada
OP005523,P0384,40,40,2024-10-14,Finalizada
OP005524,P0076,14,14,2025-01-02,Finalizada
OP005525,P0037,17,17,2024-10-25,Finalizada
OP005526,P0404,6,6,2026-02-23,Finalizada
OP005527,P0154,25,25,2024-02-07,Finalizada
OP005528,P0248,46,46,2025-11-04,Finalizada
OP005529,P0116,20,20,2024-06-07,Finalizada
OP005530,P0188,20,20,2024-05-16,Finalizada
OP005531,P0376,24,24,2025-04-01,Finalizada
OP005532,P0071,52,52,2024-08-09,Finalizada
OP005533,P0028,33,33,2025-09-19,Finalizada
OP005534,P0479,7,7,2025-06-25,Finalizada
OP005535,P0475,45,45,2025-10-07,Finalizada
OP005536,P0425,4,4,2024-07-22,Finalizada
OP005537,P0072,20,20,2024-12-15,Finalizada
OP005538,P0112,33,33,2025-11-18,Finalizada
OP005539,P0022,36,36,2024-12-05,Finalizada
OP005540,P0442,35,35,2024-11-05,Finalizada
OP005541,P0321,17,17,2024-06-24,Finalizada
OP005542,P0296,44,44,2025-10-20,Finalizada
OP005543,P0247,19,19,2025-12-02,Finalizada
OP005544,P0021,48,48,2025-01-10,Finalizada
OP005545,P0385,3,3,2026-01-23,Finalizada
OP005546,P0231,20,20,2025-10-29,Finalizada
OP005547,P0255,47,47,2026-03-27,Finalizada
OP005548,P0206,6,6,2026-01-07,Finalizada
OP005549,P0454,14,14,2025-06-09,Finalizada
OP005550,P0120,6,6,2026-05-11,Finalizada
OP005551,P0415,40,40,2026-01-15,Finalizada
OP005552,P0211,33,33,2025-12-24,Finalizada
OP005553,P0209,36,36,2024-02-19,Finalizada
OP005554,P0154,47,47,2026-01-05,Finalizada
OP005555,P0371,18,18,2024-06-04,Finalizada
OP005556,P0422,15,15,2025-12-04,Finalizada
OP005557,P0358,4,4,2025-12-22,Finalizada
OP005558,P0492,47,47,2024-01-19,Finalizada
OP005559,P0337,39,39,2024-08-29,Finalizada
OP005560,P0418,34,34,2025-10-30,Finalizada
OP005561,P0106,49,49,2026-01-09,Finalizada
OP005562,P0391,16,16,2025-03-09,Finalizada
OP005563,P0065,36,36,2024-12-08,Finalizada
OP005564,P0082,47,47,2025-01-30,Finalizada
OP005565,P0296,30,30,2026-02-20,Finalizada
OP005566,P0394,14,14,2025-02-26,Finalizada
OP005567,P0116,53,53,2026-03-04,Finalizada
OP005568,P0401,14,14,2025-12-08,Finalizada
OP005569,P0134,22,22,2026-02-08,Finalizada
OP005570,P0385,52,52,2024-11-13,Finalizada
OP005571,P0006,18,18,2025-02-20,Finalizada
OP005572,P0462,5,5,2024-05-14,Finalizada
OP005573,P0331,40,40,2025-04-24,Finalizada
OP005574,P0060,2,2,2026-02-02,Finalizada
OP005575,P0231,45,45,2025-08-21,Finalizada
OP005576,P0175,38,38,2026-02-20,Finalizada
OP005577,P0376,11,11,2025-01-09,Finalizada
OP005578,P0228,4,4,2025-03-04,Finalizada
OP005579,P0012,31,31,2025-04-23,Finalizada
OP005580,P0431,42,42,2025-12-15,Finalizada
OP005581,P0188,50,50,2025-12-16,Finalizada
OP005582,P0050,41,41,2025-10-25,Finalizada
OP005583,P0315,41,41,2025-01-13,Finalizada
OP005584,P0057,29,29,2026-04-17,Finalizada
OP005585,P0142,14,14,2026-01-07,Finalizada
OP005586,P0126,49,49,2025-08-04,Finalizada
OP005587,P0443,29,29,2025-12-18,Finalizada
OP005588,P0093,25,25,2025-05-16,Finalizada
OP005589,P0166,28,28,2024-06-18,Finalizada
OP005590,P0364,18,18,2025-10-27,Finalizada
OP005591,P0245,5,5,2026-05-21,Finalizada
OP005592,P0491,40,40,2024-01-05,Finalizada
OP005593,P0438,37,37,2025-01-02,Finalizada
OP005594,P0219,45,45,2026-01-02,Finalizada
OP005595,P0012,50,50,2025-01-06,Finalizada
OP005596,P0173,12,12,2025-06-18,Finalizada
OP005597,P0264,33,33,2025-06-04,Finalizada
OP005598,P0164,16,16,2025-02-21,Finalizada
OP005599,P0357,30,30,2026-02-05,Finalizada
OP005600,P0354,15,15,2025-07-10,Finalizada
OP005601,P0039,1,1,2026-04-28,Finalizada
OP005602,P0229,17,17,2025-05-30,Finalizada
OP005603,P0439,23,23,2024-05-27,Finalizada
OP005604,P0436,53,53,2026-04-28,Finalizada
OP005605,P0457,15,15,2026-01-14,Finalizada
OP005606,P0081,30,30,2026-04-13,Finalizada
OP005607,P0491,40,40,2025-11-16,Finalizada
OP005608,P0228,11,11,2025-01-22,Finalizada
OP005609,P0442,16,16,2024-04-22,Finalizada
OP005610,P0490,34,34,2024-11-19,Finalizada
OP005611,P0280,26,26,2026-01-28,Finalizada
OP005612,P0044,45,45,2026-03-02,Finalizada
OP005613,P0492,53,53,2026-05-08,Finalizada
OP005614,P0282,40,40,2026-04-17,Finalizada
OP005615,P0075,26,26,2026-02-23,Finalizada
OP005616,P0219,48,48,2024-03-20,Finalizada
OP005617,P0414,20,20,2024-01-29,Finalizada
OP005618,P0334,17,17,2024-10-25,Finalizada
OP005619,P0293,30,30,2026-02-10,Finalizada
OP005620,P0186,23,23,2025-03-12,Finalizada
OP005621,P0191,15,15,2025-09-29,Finalizada
OP005622,P0452,41,41,2025-12-25,Finalizada
OP005623,P0020,48,48,2025-12-26,Finalizada
OP005624,P0126,39,39,2025-05-08,Finalizada
OP005625,P0003,26,26,2024-06-21,Finalizada
OP005626,P0337,7,7,2025-07-18,Finalizada
OP005627,P0265,24,24,2026-04-02,Finalizada
OP005628,P0439,15,15,2024-11-03,Finalizada
OP005629,P0454,2,2,2026-02-23,Finalizada
OP005630,P0446,41,41,2024-02-05,Finalizada
OP005631,P0284,49,49,2025-02-24,Finalizada
OP005632,P0148,20,20,2024-02-12,Finalizada
OP005633,P0362,44,44,2025-10-06,Finalizada
OP005634,P0337,29,29,2024-04-04,Finalizada
OP005635,P0377,52,52,2025-10-16,Finalizada
OP005636,P0168,17,17,2024-11-25,Finalizada
OP005637,P0134,35,35,2025-08-21,Finalizada
OP005638,P0229,3,3,2024-02-01,Finalizada
OP005639,P0144,45,45,2024-05-17,Finalizada
OP005640,P0143,4,4,2024-08-19,Finalizada
OP005641,P0175,31,31,2025-04-18,Finalizada
OP005642,P0479,48,48,2025-02-10,Finalizada
OP005643,P0292,38,38,2026-02-05,Finalizada
OP005644,P0226,22,22,2025-11-03,Finalizada
OP005645,P0156,48,48,2026-01-07,Finalizada
OP005646,P0190,48,48,2026-02-12,Finalizada
OP005647,P0199,35,35,2025-12-02,Finalizada
OP005648,P0091,2,2,2024-11-29,Finalizada
OP005649,P0103,20,20,2024-05-29,Finalizada
OP005650,P0001,46,46,2025-05-14,Finalizada
OP005651,P0214,37,37,2026-02-13,Finalizada
OP005652,P0221,3,3,2025-01-16,Finalizada
OP005653,P0148,6,6,2025-09-08,Finalizada
OP005654,P0413,38,38,2024-11-20,Finalizada
OP005655,P0415,40,40,2025-07-18,Finalizada
OP005656,P0281,30,30,2025-04-02,Finalizada
OP005657,P0325,5,5,2024-01-24,Finalizada
OP005658,P0493,22,22,2025-12-16,Finalizada
OP005659,P0194,39,39,2025-09-13,Finalizada
OP005660,P0412,2,2,2024-05-27,Finalizada
OP005661,P0011,30,30,2026-03-09,Finalizada
OP005662,P0200,46,46,2025-10-10,Finalizada
OP005663,P0162,50,50,2024-11-06,Finalizada
OP005664,P0130,33,33,2024-12-31,Finalizada
OP005665,P0056,5,5,2025-09-02,Finalizada
OP005666,P0062,39,39,2025-07-01,Finalizada
OP005667,P0200,12,12,2024-03-21,Finalizada
OP005668,P0148,25,25,2024-04-16,Finalizada
OP005669,P0167,27,27,2026-03-30,Finalizada
OP005670,P0080,2,2,2024-09-26,Finalizada
OP005671,P0360,4,4,2025-10-24,Finalizada
OP005672,P0261,26,26,2025-01-13,Finalizada
OP005673,P0493,14,14,2025-08-25,Finalizada
OP005674,P0471,48,48,2025-03-12,Finalizada
OP005675,P0376,39,39,2024-01-17,Finalizada
OP005676,P0088,16,16,2024-08-13,Finalizada
OP005677,P0434,40,40,2026-02-25,Finalizada
OP005678,P0419,26,26,2026-05-14,Finalizada
OP005679,P0093,36,36,2025-09-19,Finalizada
OP005680,P0002,7,7,2024-01-11,Finalizada
OP005681,P0150,28,28,2024-10-22,Finalizada
OP005682,P0447,35,35,2026-04-05,Finalizada
OP005683,P0333,46,46,2025-06-17,Finalizada
OP005684,P0305,7,7,2024-05-29,Finalizada
OP005685,P0011,51,51,2026-01-28,Finalizada
OP005686,P0425,20,20,2024-08-09,Finalizada
OP005687,P0237,42,42,2025-05-22,Finalizada
OP005688,P0441,24,24,2024-10-23,Finalizada
OP005689,P0139,1,1,2025-08-01,Finalizada
OP005690,P0405,3,3,2026-02-23,Finalizada
OP005691,P0278,24,24,2025-08-15,Finalizada
OP005692,P0139,46,46,2024-03-12,Finalizada
OP005693,P0474,22,22,2024-12-12,Finalizada
OP005694,P0047,2,2,2024-06-20,Finalizada
OP005695,P0301,7,7,2025-12-12,Finalizada
OP005696,P0185,34,34,2025-08-08,Finalizada
OP005697,P0409,16,16,2024-01-12,Finalizada
OP005698,P0189,46,46,2025-08-20,Finalizada
OP005699,P0450,19,19,2026-03-03,Finalizada
OP005700,P0486,13,13,2025-11-03,Finalizada
OP005701,P0429,42,42,2025-11-28,Finalizada
OP005702,P0266,46,46,2025-02-20,Finalizada
OP005703,P0221,16,16,2025-12-10,Finalizada
OP005704,P0387,40,40,2025-05-06,Finalizada
OP005705,P0039,12,12,2024-01-21,Finalizada
OP005706,P0004,20,20,2024-06-20,Finalizada
OP005707,P0135,7,7,2024-08-20,Finalizada
OP005708,P0123,49,49,2025-03-05,Finalizada
OP005709,P0438,46,46,2024-08-04,Finalizada
OP005710,P0291,34,34,2024-05-24,Finalizada
OP005711,P0257,50,50,2026-03-24,Finalizada
OP005712,P0280,33,33,2025-02-11,Finalizada
OP005713,P0056,38,38,2024-04-24,Finalizada
OP005714,P0406,15,15,2025-07-02,Finalizada
OP005715,P0015,28,28,2024-08-22,Finalizada
OP005716,P0349,18,18,2025-10-20,Finalizada
OP005717,P0192,8,8,2025-03-26,Finalizada
OP005718,P0217,28,28,2024-12-24,Finalizada
OP005719,P0416,5,5,2025-02-18,Finalizada
OP005720,P0434,37,37,2026-04-27,Finalizada
OP005721,P0020,14,14,2026-01-22,Finalizada
OP005722,P0106,41,41,2024-09-02,Finalizada
OP005723,P0163,13,13,2025-09-10,Finalizada
OP005724,P0500,50,50,2025-10-07,Finalizada
OP005725,P0089,53,53,2024-05-05,Finalizada
OP005726,P0316,17,17,2026-02-27,Finalizada
OP005727,P0419,4,4,2025-08-28,Finalizada
OP005728,P0086,27,27,2026-04-29,Finalizada
OP005729,P0400,11,11,2024-11-21,Finalizada
OP005730,P0080,47,47,2025-09-03,Finalizada
OP005731,P0074,25,25,2024-12-11,Finalizada
OP005732,P0367,47,47,2025-10-01,Finalizada
OP005733,P0007,41,41,2025-04-08,Finalizada
OP005734,P0050,27,27,2025-01-20,Finalizada
OP005735,P0372,51,51,2025-05-05,Finalizada
OP005736,P0125,46,46,2025-09-17,Finalizada
OP005737,P0153,41,41,2025-03-17,Finalizada
OP005738,P0253,40,40,2025-08-07,Finalizada
OP005739,P0133,25,25,2025-09-25,Finalizada
OP005740,P0406,52,52,2026-01-28,Finalizada
OP005741,P0083,18,18,2025-06-10,Finalizada
OP005742,P0174,18,18,2024-10-05,Finalizada
OP005743,P0024,42,42,2025-07-16,Finalizada
OP005744,P0215,51,51,2024-09-10,Finalizada
OP005745,P0279,45,45,2025-07-30,Finalizada
OP005746,P0419,26,26,2025-10-27,Finalizada
OP005747,P0117,15,15,2025-11-07,Finalizada
OP005748,P0465,36,36,2025-11-24,Finalizada
OP005749,P0362,8,8,2025-08-26,Finalizada
OP005750,P0326,19,19,2026-01-01,Finalizada
OP005751,P0044,28,28,2024-02-22,Finalizada
OP005752,P0333,3,3,2026-04-17,Finalizada
OP005753,P0465,39,39,2025-02-20,Finalizada
OP005754,P0182,15,15,2024-09-09,Finalizada
OP005755,P0395,47,47,2024-06-12,Finalizada
OP005756,P0276,47,47,2024-11-11,Finalizada
OP005757,P0084,41,41,2024-10-31,Finalizada
OP005758,P0401,42,42,2025-03-13,Finalizada
OP005759,P0267,17,17,2025-01-27,Finalizada
OP005760,P0443,45,45,2024-11-14,Finalizada
OP005761,P0036,22,22,2025-09-03,Finalizada
OP005762,P0090,8,8,2025-09-13,Finalizada
OP005763,P0451,14,14,2025-12-18,Finalizada
OP005764,P0480,49,49,2025-02-03,Finalizada
OP005765,P0107,5,5,2024-10-25,Finalizada
OP005766,P0356,42,42,2025-07-27,Finalizada
OP005767,P0245,51,51,2026-03-30,Finalizada
OP005768,P0475,12,12,2026-04-16,Finalizada
OP005769,P0015,42,42,2024-10-03,Finalizada
OP005770,P0220,44,44,2025-07-28,Finalizada
OP005771,P0497,37,37,2024-04-23,Finalizada
OP005772,P0332,33,33,2025-12-24,Finalizada
OP005773,P0383,14,14,2024-04-05,Finalizada
OP005774,P0018,8,8,2024-04-17,Finalizada
OP005775,P0212,9,9,2026-01-05,Finalizada
OP005776,P0269,39,39,2026-02-27,Finalizada
OP005777,P0444,37,37,2025-08-13,Finalizada
OP005778,P0325,39,39,2024-12-20,Finalizada
OP005779,P0034,31,31,2024-08-18,Finalizada
OP005780,P0030,15,15,2025-06-20,Finalizada
OP005781,P0206,6,6,2024-08-31,Finalizada
OP005782,P0065,39,39,2024-12-26,Finalizada
OP005783,P0474,19,19,2025-05-30,Finalizada
OP005784,P0275,2,2,2026-03-24,Finalizada
OP005785,P0438,38,38,2024-12-30,Finalizada
OP005786,P0183,33,33,2025-02-17,Finalizada
OP005787,P0195,49,49,2024-08-16,Finalizada
OP005788,P0166,26,26,2024-08-09,Finalizada
OP005789,P0472,47,47,2025-06-06,Finalizada
OP005790,P0066,4,4,2025-05-16,Finalizada
OP005791,P0312,35,35,2024-08-02,Finalizada
OP005792,P0486,9,9,2025-06-24,Finalizada
OP005793,P0284,36,36,2025-12-09,Finalizada
OP005794,P0288,45,45,2025-06-06,Finalizada
OP005795,P0181,5,5,2024-12-13,Finalizada
OP005796,P0465,52,52,2026-04-28,Finalizada
OP005797,P0145,27,27,2025-01-14,Finalizada
OP005798,P0420,11,11,2024-11-05,Finalizada
OP005799,P0077,4,4,2025-11-20,Finalizada
OP005800,P0171,17,17,2024-02-02,Finalizada
OP005801,P0077,7,7,2026-02-09,Finalizada
OP005802,P0316,2,2,2024-10-23,Finalizada
OP005803,P0309,17,17,2025-12-29,Finalizada
OP005804,P0294,19,19,2026-01-27,Finalizada
OP005805,P0262,8,8,2025-09-16,Finalizada
OP005806,P0070,12,12,2025-03-09,Finalizada
OP005807,P0352,51,51,2024-01-26,Finalizada
OP005808,P0255,4,4,2024-08-16,Finalizada
OP005809,P0391,13,13,2025-11-04,Finalizada
OP005810,P0269,28,28,2025-11-10,Finalizada
OP005811,P0474,38,38,2026-01-13,Finalizada
OP005812,P0197,36,36,2024-07-11,Finalizada
OP005813,P0233,24,24,2025-02-14,Finalizada
OP005814,P0163,48,48,2025-04-24,Finalizada
OP005815,P0151,9,9,2025-06-30,Finalizada
OP005816,P0183,52,52,2024-04-14,Finalizada
OP005817,P0070,25,25,2026-02-01,Finalizada
OP005818,P0340,35,35,2024-02-02,Finalizada
OP005819,P0371,41,41,2025-03-13,Finalizada
OP005820,P0273,33,33,2025-07-31,Finalizada
OP005821,P0354,24,24,2025-06-20,Finalizada
OP005822,P0262,46,46,2025-07-07,Finalizada
OP005823,P0080,42,42,2025-12-01,Finalizada
OP005824,P0028,49,49,2025-11-03,Finalizada
OP005825,P0399,34,34,2025-12-19,Finalizada
OP005826,P0238,33,33,2025-10-02,Finalizada
OP005827,P0402,41,41,2024-12-03,Finalizada
OP005828,P0206,5,5,2025-12-03,Finalizada
OP005829,P0476,5,5,2024-12-09,Finalizada
OP005830,P0422,44,44,2025-11-07,Finalizada
OP005831,P0448,34,34,2025-07-14,Finalizada
OP005832,P0424,9,9,2026-03-03,Finalizada
OP005833,P0164,24,24,2025-05-22,Finalizada
OP005834,P0288,50,50,2025-09-08,Finalizada
OP005835,P0109,14,14,2025-10-03,Finalizada
OP005836,P0177,15,15,2025-01-13,Finalizada
OP005837,P0476,33,33,2024-08-22,Finalizada
OP005838,P0483,45,45,2025-08-22,Finalizada
OP005839,P0145,20,20,2025-02-04,Finalizada
OP005840,P0087,8,8,2025-07-25,Finalizada
OP005841,P0101,14,14,2024-02-01,Finalizada
OP005842,P0243,8,8,2026-02-05,Finalizada
OP005843,P0280,2,2,2024-08-19,Finalizada
OP005844,P0027,53,53,2025-09-19,Finalizada
OP005845,P0155,23,23,2026-05-13,Finalizada
OP005846,P0423,23,23,2025-11-17,Finalizada
OP005847,P0156,26,26,2025-01-12,Finalizada
OP005848,P0299,27,27,2025-07-26,Finalizada
OP005849,P0153,23,23,2025-02-28,Finalizada
OP005850,P0488,15,15,2024-04-17,Finalizada
OP005851,P0128,40,40,2025-03-03,Finalizada
OP005852,P0024,30,30,2026-03-04,Finalizada
OP005853,P0102,5,5,2025-11-06,Finalizada
OP005854,P0384,53,53,2024-07-08,Finalizada
OP005855,P0447,53,53,2025-01-28,Finalizada
OP005856,P0374,51,51,2025-11-12,Finalizada
OP005857,P0011,33,33,2024-11-26,Finalizada
OP005858,P0199,26,26,2025-01-24,Finalizada
OP005859,P0281,28,28,2024-10-28,Finalizada
OP005860,P0475,4,4,2024-10-07,Finalizada
OP005861,P0371,12,12,2025-12-29,Finalizada
OP005862,P0067,48,48,2025-03-06,Finalizada
OP005863,P0485,51,51,2026-05-11,Finalizada
OP005864,P0386,50,50,2025-06-24,Finalizada
OP005865,P0138,31,31,2024-06-07,Finalizada
OP005866,P0231,22,22,2025-12-10,Finalizada
OP005867,P0447,27,27,2026-03-30,Finalizada
OP005868,P0179,20,20,2024-10-02,Finalizada
OP005869,P0153,12,12,2026-05-20,Finalizada
OP005870,P0368,2,2,2025-01-03,Finalizada
OP005871,P0048,13,13,2024-04-17,Finalizada
OP005872,P0098,25,25,2025-08-29,Finalizada
OP005873,P0280,12,12,2025-11-05,Finalizada
OP005874,P0176,11,11,2026-05-22,Finalizada
OP005875,P0370,25,25,2026-03-02,Finalizada
OP005876,P0063,34,34,2025-03-24,Finalizada
OP005877,P0030,44,44,2025-10-20,Finalizada
OP005878,P0128,49,49,2025-02-04,Finalizada
OP005879,P0010,27,27,2025-10-31,Finalizada
OP005880,P0344,15,15,2026-03-30,Finalizada
OP005881,P0283,6,6,2024-10-09,Finalizada
OP005882,P0425,31,31,2024-02-21,Finalizada
OP005883,P0473,2,2,2025-06-02,Finalizada
OP005884,P0159,36,36,2024-10-14,Finalizada
OP005885,P0455,12,12,2025-01-31,Finalizada
OP005886,P0396,31,31,2025-03-10,Finalizada
OP005887,P0048,26,26,2025-01-27,Finalizada
OP005888,P0173,29,29,2025-08-15,Finalizada
OP005889,P0036,50,50,2024-11-04,Finalizada
OP005890,P0053,7,7,2025-06-08,Finalizada
OP005891,P0429,6,6,2025-04-16,Finalizada
OP005892,P0109,36,36,2024-04-11,Finalizada
OP005893,P0255,14,14,2025-07-15,Finalizada
OP005894,P0273,8,8,2024-04-04,Finalizada
OP005895,P0010,26,26,2026-02-04,Finalizada
OP005896,P0339,5,5,2025-09-01,Finalizada
OP005897,P0238,8,8,2025-08-05,Finalizada
OP005898,P0334,12,12,2026-02-12,Finalizada
OP005899,P0085,16,16,2026-04-25,Finalizada
OP005900,P0204,50,50,2026-01-13,Finalizada
OP005901,P0494,34,34,2024-08-16,Finalizada
OP005902,P0354,28,28,2026-04-17,Finalizada
OP005903,P0223,7,7,2024-07-19,Finalizada
OP005904,P0020,40,40,2024-07-12,Finalizada
OP005905,P0117,26,26,2025-10-10,Finalizada
OP005906,P0034,13,13,2025-08-12,Finalizada
OP005907,P0277,35,35,2025-10-24,Finalizada
OP005908,P0086,13,13,2024-12-27,Finalizada
OP005909,P0172,14,14,2024-06-20,Finalizada
OP005910,P0306,41,41,2025-01-02,Finalizada
OP005911,P0128,33,33,2025-08-12,Finalizada
OP005912,P0164,41,41,2025-07-14,Finalizada
OP005913,P0008,1,1,2024-06-23,Finalizada
OP005914,P0222,9,9,2026-01-16,Finalizada
OP005915,P0492,16,16,2025-08-25,Finalizada
OP005916,P0264,34,34,2026-03-01,Finalizada
OP005917,P0118,44,44,2025-03-24,Finalizada
OP005918,P0124,25,25,2025-06-12,Finalizada
OP005919,P0376,52,52,2026-03-26,Finalizada
OP005920,P0032,38,38,2025-11-12,Finalizada
OP005921,P0438,22,22,2026-02-18,Finalizada
OP005922,P0173,42,42,2024-10-19,Finalizada
OP005923,P0220,7,7,2025-06-17,Finalizada
OP005924,P0235,18,18,2025-03-28,Finalizada
OP005925,P0353,12,12,2026-04-21,Finalizada
OP005926,P0264,14,14,2025-10-21,Finalizada
OP005927,P0163,30,30,2025-04-20,Finalizada
OP005928,P0143,25,25,2024-03-03,Finalizada
OP005929,P0070,8,8,2024-11-19,Finalizada
OP005930,P0072,14,14,2024-01-22,Finalizada
OP005931,P0229,29,29,2025-01-09,Finalizada
OP005932,P0245,29,29,2025-04-16,Finalizada
OP005933,P0025,24,24,2026-04-15,Finalizada
OP005934,P0354,44,44,2026-04-07,Finalizada
OP005935,P0121,42,42,2025-10-05,Finalizada
OP005936,P0060,8,8,2025-03-18,Finalizada
OP005937,P0196,49,49,2025-03-25,Finalizada
OP005938,P0420,8,8,2026-03-17,Finalizada
OP005939,P0219,42,42,2025-04-22,Finalizada
OP005940,P0437,47,47,2025-01-17,Finalizada
OP005941,P0252,2,2,2025-06-29,Finalizada
OP005942,P0319,34,34,2025-05-30,Finalizada
OP005943,P0184,13,13,2025-01-08,Finalizada
OP005944,P0098,30,30,2025-12-30,Finalizada
OP005945,P0186,41,41,2025-11-18,Finalizada
OP005946,P0199,45,45,2025-09-09,Finalizada
OP005947,P0222,7,7,2026-01-07,Finalizada
OP005948,P0455,40,40,2024-08-06,Finalizada
OP005949,P0202,35,35,2026-01-08,Finalizada
OP005950,P0298,12,12,2026-02-06,Finalizada
OP005951,P0372,16,16,2024-01-15,Finalizada
OP005952,P0124,18,18,2024-11-15,Finalizada
OP005953,P0075,23,23,2024-09-19,Finalizada
OP005954,P0263,52,52,2025-11-26,Finalizada
OP005955,P0092,12,12,2024-03-31,Finalizada
OP005956,P0112,31,31,2026-01-16,Finalizada
OP005957,P0390,2,2,2025-07-08,Finalizada
OP005958,P0459,50,50,2024-12-02,Finalizada
OP005959,P0184,8,8,2026-03-30,Finalizada
OP005960,P0050,36,36,2025-12-15,Finalizada
OP005961,P0416,15,15,2025-10-19,Finalizada
OP005962,P0288,23,23,2024-03-04,Finalizada
OP005963,P0029,41,41,2024-03-22,Finalizada
OP005964,P0218,7,7,2026-03-30,Finalizada
OP005965,P0390,3,3,2026-03-20,Finalizada
OP005966,P0093,7,7,2025-05-07,Finalizada
OP005967,P0122,18,18,2025-12-31,Finalizada
OP005968,P0261,16,16,2025-01-02,Finalizada
OP005969,P0209,46,46,2024-09-05,Finalizada
OP005970,P0119,30,30,2024-10-01,Finalizada
OP005971,P0281,11,11,2025-01-01,Finalizada
OP005972,P0239,8,8,2025-03-12,Finalizada
OP005973,P0330,42,42,2025-03-04,Finalizada
OP005974,P0020,35,35,2024-09-02,Finalizada
OP005975,P0219,12,12,2024-07-05,Finalizada
OP005976,P0360,13,13,2025-03-10,Finalizada
OP005977,P0305,44,44,2024-02-14,Finalizada
OP005978,P0119,1,1,2026-02-24,Finalizada
OP005979,P0098,39,39,2025-02-19,Finalizada
OP005980,P0007,24,24,2024-11-04,Finalizada
OP005981,P0061,15,15,2025-06-02,Finalizada
OP005982,P0122,6,6,2024-06-13,Finalizada
OP005983,P0284,26,26,2024-03-28,Finalizada
OP005984,P0136,18,18,2025-07-23,Finalizada
OP005985,P0163,22,22,2025-12-26,Finalizada
OP005986,P0432,15,15,2024-11-19,Finalizada
OP005987,P0026,14,14,2026-03-11,Finalizada
OP005988,P0171,38,38,2024-07-26,Finalizada
OP005989,P0355,50,50,2024-09-09,Finalizada
OP005990,P0493,8,8,2026-02-09,Finalizada
OP005991,P0237,11,11,2026-02-04,Finalizada
OP005992,P0357,19,19,2025-03-06,Finalizada
OP005993,P0474,46,46,2025-04-17,Finalizada
OP005994,P0035,36,36,2024-09-23,Finalizada
OP005995,P0112,13,13,2025-10-22,Finalizada
OP005996,P0340,3,3,2025-02-18,Finalizada
OP005997,P0072,44,44,2026-05-07,Finalizada
OP005998,P0423,24,24,2025-01-08,Finalizada
OP005999,P0221,38,38,2024-10-30,Finalizada
OP006000,P0221,14,14,2025-08-12,Finalizada
OP006001,P0041,39,39,2025-12-15,Finalizada
OP006002,P0292,7,7,2025-04-03,Finalizada
OP006003,P0001,38,38,2026-05-05,Finalizada
OP006004,P0272,15,15,2025-02-06,Finalizada
OP006005,P0329,38,38,2025-12-21,Finalizada
OP006006,P0399,31,31,2024-06-26,Finalizada
OP006007,P0256,31,31,2024-10-05,Finalizada
OP006008,P0381,25,25,2025-01-01,Finalizada
OP006009,P0399,19,19,2025-11-04,Finalizada
OP006010,P0488,51,51,2025-08-20,Finalizada
OP006011,P0113,34,34,2025-10-03,Finalizada
OP006012,P0012,14,14,2024-12-20,Finalizada
OP006013,P0478,36,36,2025-07-15,Finalizada
OP006014,P0385,6,6,2026-02-18,Finalizada
OP006015,P0413,13,13,2024-09-11,Finalizada
OP006016,P0121,8,8,2026-02-06,Finalizada
OP006017,P0278,46,46,2024-05-16,Finalizada
OP006018,P0109,2,2,2024-06-17,Finalizada
OP006019,P0065,22,22,2024-06-16,Finalizada
OP006020,P0326,11,11,2025-02-28,Finalizada
OP006021,P0170,52,52,2024-05-06,Finalizada
OP006022,P0209,8,8,2024-04-03,Finalizada
OP006023,P0329,44,44,2025-04-24,Finalizada
OP006024,P0173,22,22,2025-07-08,Finalizada
OP006025,P0252,27,27,2024-10-08,Finalizada
OP006026,P0488,42,42,2025-02-14,Finalizada
OP006027,P0153,27,27,2024-05-23,Finalizada
OP006028,P0440,41,41,2025-07-28,Finalizada
OP006029,P0279,50,50,2025-11-13,Finalizada
OP006030,P0048,33,33,2026-03-17,Finalizada
OP006031,P0198,1,1,2025-04-08,Finalizada
OP006032,P0006,49,49,2024-11-08,Finalizada
OP006033,P0361,53,53,2024-01-19,Finalizada
OP006034,P0114,26,26,2026-04-10,Finalizada
OP006035,P0016,51,51,2024-02-09,Finalizada
OP006036,P0182,8,8,2025-04-01,Finalizada
OP006037,P0083,11,11,2025-12-04,Finalizada
OP006038,P0428,44,44,2024-06-18,Finalizada
OP006039,P0304,50,50,2024-03-13,Finalizada
OP006040,P0290,46,46,2024-09-19,Finalizada
OP006041,P0403,5,5,2025-12-01,Finalizada
OP006042,P0200,41,41,2026-01-19,Finalizada
OP006043,P0106,40,40,2024-02-29,Finalizada
OP006044,P0288,22,22,2025-02-04,Finalizada
OP006045,P0357,5,5,2024-09-19,Finalizada
OP006046,P0012,11,11,2025-10-02,Finalizada
OP006047,P0028,33,33,2025-06-08,Finalizada
OP006048,P0328,34,34,2025-06-23,Finalizada
OP006049,P0088,42,42,2025-09-02,Finalizada
OP006050,P0499,34,34,2026-01-23,Finalizada
OP006051,P0116,38,38,2026-03-31,Finalizada
OP006052,P0299,40,40,2025-06-05,Finalizada
OP006053,P0253,23,23,2025-12-12,Finalizada
OP006054,P0213,34,34,2025-01-17,Finalizada
OP006055,P0399,3,3,2025-07-25,Finalizada
OP006056,P0394,31,31,2025-06-24,Finalizada
OP006057,P0187,51,51,2025-12-15,Finalizada
OP006058,P0057,4,4,2026-01-29,Finalizada
OP006059,P0414,27,27,2024-07-31,Finalizada
OP006060,P0110,4,4,2025-07-02,Finalizada
OP006061,P0041,14,14,2025-07-16,Finalizada
OP006062,P0477,17,17,2025-12-19,Finalizada
OP006063,P0026,13,13,2025-11-05,Finalizada
OP006064,P0028,17,17,2026-02-19,Finalizada
OP006065,P0341,23,23,2024-04-19,Finalizada
OP006066,P0253,22,22,2025-04-03,Finalizada
OP006067,P0020,50,50,2024-03-21,Finalizada
OP006068,P0001,34,34,2025-04-28,Finalizada
OP006069,P0017,20,20,2024-05-02,Finalizada
OP006070,P0400,15,15,2024-02-24,Finalizada
OP006071,P0181,41,41,2024-02-04,Finalizada
OP006072,P0250,33,33,2024-11-20,Finalizada
OP006073,P0262,52,52,2026-01-09,Finalizada
OP006074,P0463,31,31,2025-06-24,Finalizada
OP006075,P0072,27,27,2026-03-05,Finalizada
OP006076,P0111,19,19,2024-03-28,Finalizada
OP006077,P0013,41,41,2025-03-12,Finalizada
OP006078,P0347,5,5,2025-08-11,Finalizada
OP006079,P0091,20,20,2026-01-05,Finalizada
OP006080,P0426,3,3,2024-03-26,Finalizada
OP006081,P0047,16,16,2024-10-25,Finalizada
OP006082,P0438,38,38,2024-09-09,Finalizada
OP006083,P0461,28,28,2024-06-14,Finalizada
OP006084,P0405,7,7,2025-12-10,Finalizada
OP006085,P0290,2,2,2025-11-21,Finalizada
OP006086,P0485,45,45,2025-01-09,Finalizada
OP006087,P0010,31,31,2025-05-16,Finalizada
OP006088,P0148,9,9,2024-01-16,Finalizada
OP006089,P0028,23,23,2024-10-10,Finalizada
OP006090,P0018,4,4,2024-09-26,Finalizada
OP006091,P0304,47,47,2024-02-15,Finalizada
OP006092,P0157,40,40,2026-04-29,Finalizada
OP006093,P0005,1,1,2025-02-27,Finalizada
OP006094,P0490,48,48,2025-05-29,Finalizada
OP006095,P0006,26,26,2025-05-23,Finalizada
OP006096,P0167,1,1,2024-05-01,Finalizada
OP006097,P0084,22,22,2025-07-25,Finalizada
OP006098,P0420,12,12,2025-01-15,Finalizada
OP006099,P0493,35,35,2026-05-07,Finalizada
OP006100,P0151,52,52,2024-04-23,Finalizada
OP006101,P0085,48,48,2026-01-27,Finalizada
OP006102,P0150,14,14,2025-03-13,Finalizada
OP006103,P0329,48,48,2026-02-17,Finalizada
OP006104,P0271,37,37,2024-06-17,Finalizada
OP006105,P0465,23,23,2024-05-28,Finalizada
OP006106,P0306,20,20,2025-05-22,Finalizada
OP006107,P0014,40,40,2024-11-20,Finalizada
OP006108,P0316,17,17,2025-03-10,Finalizada
OP006109,P0334,4,4,2025-03-04,Finalizada
OP006110,P0253,53,53,2025-06-30,Finalizada
OP006111,P0312,51,51,2026-04-09,Finalizada
OP006112,P0104,6,6,2026-05-12,Finalizada
OP006113,P0098,40,40,2026-04-30,Finalizada
OP006114,P0453,22,22,2026-05-08,Finalizada
OP006115,P0462,35,35,2025-11-02,Finalizada
OP006116,P0164,26,26,2024-06-10,Finalizada
OP006117,P0010,52,52,2025-06-04,Finalizada
OP006118,P0100,24,24,2025-06-30,Finalizada
OP006119,P0196,45,45,2025-11-08,Finalizada
OP006120,P0307,46,46,2026-03-27,Finalizada
OP006121,P0020,42,42,2026-01-01,Finalizada
OP006122,P0390,18,18,2024-11-04,Finalizada
OP006123,P0280,34,34,2025-04-03,Finalizada
OP006124,P0242,44,44,2024-05-17,Finalizada
OP006125,P0392,41,41,2024-04-18,Finalizada
OP006126,P0444,20,20,2024-12-04,Finalizada
OP006127,P0122,40,40,2025-11-11,Finalizada
OP006128,P0350,6,6,2026-03-18,Finalizada
OP006129,P0169,18,18,2025-11-13,Finalizada
OP006130,P0039,47,47,2025-10-28,Finalizada
OP006131,P0408,31,31,2024-06-14,Finalizada
OP006132,P0461,30,30,2024-10-02,Finalizada
OP006133,P0269,29,29,2025-10-30,Finalizada
OP006134,P0202,25,25,2024-12-09,Finalizada
OP006135,P0261,5,5,2026-01-28,Finalizada
OP006136,P0366,23,23,2025-09-05,Finalizada
OP006137,P0186,14,14,2026-03-13,Finalizada
OP006138,P0279,48,48,2025-09-22,Finalizada
OP006139,P0419,20,20,2024-12-03,Finalizada
OP006140,P0487,23,23,2024-05-02,Finalizada
OP006141,P0405,39,39,2025-06-11,Finalizada
OP006142,P0431,5,5,2024-10-29,Finalizada
OP006143,P0436,30,30,2026-04-28,Finalizada
OP006144,P0125,49,49,2024-08-30,Finalizada
OP006145,P0225,31,31,2025-12-10,Finalizada
OP006146,P0274,38,38,2025-04-25,Finalizada
OP006147,P0494,4,4,2024-07-29,Finalizada
OP006148,P0053,46,46,2025-12-05,Finalizada
OP006149,P0271,35,35,2025-10-15,Finalizada
OP006150,P0470,13,13,2024-07-30,Finalizada
OP006151,P0092,12,12,2024-07-24,Finalizada
OP006152,P0198,35,35,2025-03-21,Finalizada
OP006153,P0465,51,51,2024-09-06,Finalizada
OP006154,P0242,6,6,2026-01-12,Finalizada
OP006155,P0039,2,2,2024-11-12,Finalizada
OP006156,P0155,19,19,2024-03-28,Finalizada
OP006157,P0081,25,25,2024-12-24,Finalizada
OP006158,P0378,5,5,2026-03-06,Finalizada
OP006159,P0336,19,19,2024-08-26,Finalizada
OP006160,P0111,37,37,2026-02-14,Finalizada
OP006161,P0032,29,29,2025-06-17,Finalizada
OP006162,P0020,53,53,2024-11-01,Finalizada
OP006163,P0227,39,39,2025-05-23,Finalizada
OP006164,P0291,39,39,2024-02-13,Finalizada
OP006165,P0008,3,3,2026-04-15,Finalizada
OP006166,P0487,41,41,2025-07-29,Finalizada
OP006167,P0143,45,45,2026-01-20,Finalizada
OP006168,P0173,19,19,2025-08-22,Finalizada
OP006169,P0009,37,37,2025-02-18,Finalizada
OP006170,P0034,5,5,2025-11-24,Finalizada
OP006171,P0041,23,23,2025-03-27,Finalizada
OP006172,P0101,25,25,2024-06-27,Finalizada
OP006173,P0126,4,4,2024-11-29,Finalizada
OP006174,P0072,12,12,2026-02-11,Finalizada
OP006175,P0203,29,29,2025-12-11,Finalizada
OP006176,P0399,30,30,2025-04-04,Finalizada
OP006177,P0172,33,33,2026-02-25,Finalizada
OP006178,P0052,16,16,2024-04-09,Finalizada
OP006179,P0049,37,37,2026-03-12,Finalizada
OP006180,P0376,36,36,2025-08-30,Finalizada
OP006181,P0473,46,46,2025-03-02,Finalizada
OP006182,P0073,31,31,2025-09-04,Finalizada
OP006183,P0357,14,14,2025-10-16,Finalizada
OP006184,P0327,27,27,2026-04-30,Finalizada
OP006185,P0385,35,35,2024-02-16,Finalizada
OP006186,P0368,26,26,2026-03-31,Finalizada
OP006187,P0326,33,33,2024-06-08,Finalizada
OP006188,P0278,50,50,2024-02-07,Finalizada
OP006189,P0315,50,50,2026-04-20,Finalizada
OP006190,P0114,28,28,2025-09-16,Finalizada
OP006191,P0128,31,31,2025-01-16,Finalizada
OP006192,P0400,16,16,2025-01-15,Finalizada
OP006193,P0123,27,27,2024-12-24,Finalizada
OP006194,P0262,4,4,2025-01-24,Finalizada
OP006195,P0191,53,53,2024-11-08,Finalizada
OP006196,P0170,46,46,2024-05-14,Finalizada
OP006197,P0108,41,41,2026-03-04,Finalizada
OP006198,P0236,24,24,2024-02-01,Finalizada
OP006199,P0431,16,16,2026-04-14,Finalizada
OP006200,P0336,39,39,2025-12-16,Finalizada
OP006201,P0220,28,28,2024-12-10,Finalizada
OP006202,P0414,14,14,2026-04-25,Finalizada
OP006203,P0230,53,53,2024-09-15,Finalizada
OP006204,P0422,37,37,2024-05-17,Finalizada
OP006205,P0221,11,11,2026-04-02,Finalizada
OP006206,P0448,14,14,2025-12-17,Finalizada
OP006207,P0461,38,38,2025-12-15,Finalizada
OP006208,P0319,45,45,2025-04-25,Finalizada
OP006209,P0058,7,7,2026-03-26,Finalizada
OP006210,P0085,13,13,2024-10-14,Finalizada
OP006211,P0369,40,40,2024-01-24,Finalizada
OP006212,P0429,3,3,2024-02-21,Finalizada
OP006213,P0254,28,28,2025-12-10,Finalizada
OP006214,P0186,6,6,2024-11-05,Finalizada
OP006215,P0478,31,31,2024-02-23,Finalizada
OP006216,P0339,19,19,2024-06-26,Finalizada
OP006217,P0422,7,7,2025-02-03,Finalizada
OP006218,P0227,23,23,2025-12-11,Finalizada
OP006219,P0092,22,22,2024-06-09,Finalizada
OP006220,P0036,4,4,2026-02-27,Finalizada
OP006221,P0271,19,19,2024-03-06,Finalizada
OP006222,P0296,48,48,2025-12-17,Finalizada
OP006223,P0420,6,6,2026-03-04,Finalizada
OP006224,P0488,19,19,2025-01-04,Finalizada
OP006225,P0019,16,16,2024-09-02,Finalizada
OP006226,P0222,16,16,2024-09-30,Finalizada
OP006227,P0055,7,7,2025-02-25,Finalizada
OP006228,P0175,8,8,2025-09-10,Finalizada
OP006229,P0104,40,40,2025-05-08,Finalizada
OP006230,P0251,42,42,2025-12-31,Finalizada
OP006231,P0280,15,15,2025-10-10,Finalizada
OP006232,P0029,3,3,2025-03-06,Finalizada
OP006233,P0153,26,26,2026-01-02,Finalizada
OP006234,P0496,28,28,2025-06-10,Finalizada
OP006235,P0301,9,9,2026-03-05,Finalizada
OP006236,P0442,51,51,2026-03-09,Finalizada
OP006237,P0020,53,53,2025-05-16,Finalizada
OP006238,P0430,35,35,2025-09-18,Finalizada
OP006239,P0179,28,28,2024-08-01,Finalizada
OP006240,P0420,24,24,2024-06-10,Finalizada
OP006241,P0188,30,30,2026-04-14,Finalizada
OP006242,P0410,36,36,2026-01-02,Finalizada
OP006243,P0429,1,1,2025-11-12,Finalizada
OP006244,P0386,6,6,2025-06-20,Finalizada
OP006245,P0320,42,42,2024-02-12,Finalizada
OP006246,P0173,29,29,2026-01-22,Finalizada
OP006247,P0152,8,8,2025-02-28,Finalizada
OP006248,P0241,33,33,2024-03-13,Finalizada
OP006249,P0130,3,3,2025-01-27,Finalizada
OP006250,P0291,53,53,2025-06-15,Finalizada
OP006251,P0378,33,33,2024-11-11,Finalizada
OP006252,P0022,28,28,2025-02-10,Finalizada
OP006253,P0048,29,29,2025-07-02,Finalizada
OP006254,P0205,50,50,2024-09-09,Finalizada
OP006255,P0123,51,51,2025-11-24,Finalizada
OP006256,P0408,26,26,2025-10-24,Finalizada
OP006257,P0300,44,44,2024-04-26,Finalizada
OP006258,P0245,19,19,2024-11-10,Finalizada
OP006259,P0238,30,30,2025-06-22,Finalizada
OP006260,P0471,33,33,2025-10-02,Finalizada
OP006261,P0024,22,22,2024-07-22,Finalizada
OP006262,P0309,30,30,2025-01-06,Finalizada
OP006263,P0448,51,51,2025-09-17,Finalizada
OP006264,P0270,35,35,2025-07-29,Finalizada
OP006265,P0441,11,11,2024-08-19,Finalizada
OP006266,P0319,13,13,2026-01-29,Finalizada
OP006267,P0456,20,20,2026-01-28,Finalizada
OP006268,P0264,23,23,2025-11-27,Finalizada
OP006269,P0169,44,44,2025-04-07,Finalizada
OP006270,P0216,48,48,2025-03-04,Finalizada
OP006271,P0356,36,36,2024-07-01,Finalizada
OP006272,P0074,1,1,2025-07-01,Finalizada
OP006273,P0417,38,38,2025-07-24,Finalizada
OP006274,P0083,18,18,2026-02-04,Finalizada
OP006275,P0117,53,53,2025-07-02,Finalizada
OP006276,P0379,36,36,2026-03-16,Finalizada
OP006277,P0137,40,40,2024-03-21,Finalizada
OP006278,P0326,11,11,2025-11-10,Finalizada
OP006279,P0157,41,41,2025-12-11,Finalizada
OP006280,P0205,39,39,2024-11-16,Finalizada
OP006281,P0434,45,45,2025-11-10,Finalizada
OP006282,P0429,39,39,2025-10-25,Finalizada
OP006283,P0245,9,9,2025-10-30,Finalizada
OP006284,P0074,42,42,2025-07-11,Finalizada
OP006285,P0194,47,47,2026-04-17,Finalizada
OP006286,P0176,49,49,2024-08-06,Finalizada
OP006287,P0386,53,53,2025-07-18,Finalizada
OP006288,P0320,7,7,2024-11-18,Finalizada
OP006289,P0285,44,44,2026-03-12,Finalizada
OP006290,P0202,48,48,2025-09-02,Finalizada
OP006291,P0419,4,4,2024-04-25,Finalizada
OP006292,P0323,36,36,2026-05-05,Finalizada
OP006293,P0411,18,18,2026-01-07,Finalizada
OP006294,P0193,48,48,2025-07-23,Finalizada
OP006295,P0386,38,38,2024-05-17,Finalizada
OP006296,P0406,3,3,2025-12-18,Finalizada
OP006297,P0230,24,24,2024-10-23,Finalizada
OP006298,P0217,4,4,2024-09-10,Finalizada
OP006299,P0143,19,19,2024-06-21,Finalizada
OP006300,P0271,8,8,2026-04-24,Finalizada
OP006301,P0193,35,35,2026-05-18,Finalizada
OP006302,P0343,23,23,2026-03-31,Finalizada
OP006303,P0366,2,2,2025-08-19,Finalizada
OP006304,P0478,24,24,2026-02-06,Finalizada
OP006305,P0095,34,34,2025-11-04,Finalizada
OP006306,P0319,28,28,2024-09-12,Finalizada
OP006307,P0056,22,22,2024-03-28,Finalizada
OP006308,P0274,42,42,2024-08-05,Finalizada
OP006309,P0111,5,5,2024-08-11,Finalizada
OP006310,P0174,44,44,2024-11-18,Finalizada
OP006311,P0062,30,30,2025-06-24,Finalizada
OP006312,P0065,44,44,2024-08-09,Finalizada
OP006313,P0261,36,36,2025-06-23,Finalizada
OP006314,P0307,39,39,2025-03-24,Finalizada
OP006315,P0151,18,18,2026-04-03,Finalizada
OP006316,P0421,20,20,2026-05-06,Finalizada
OP006317,P0445,18,18,2025-10-24,Finalizada
OP006318,P0345,52,52,2025-09-18,Finalizada
OP006319,P0176,41,41,2024-06-23,Finalizada
OP006320,P0065,31,31,2026-05-05,Finalizada
OP006321,P0486,15,15,2025-06-02,Finalizada
OP006322,P0148,50,50,2024-06-25,Finalizada
OP006323,P0198,12,12,2024-01-31,Finalizada
OP006324,P0400,23,23,2025-11-07,Finalizada
OP006325,P0489,49,49,2025-11-21,Finalizada
OP006326,P0419,19,19,2025-03-11,Finalizada
OP006327,P0063,35,35,2025-09-08,Finalizada
OP006328,P0448,19,19,2026-04-15,Finalizada
OP006329,P0228,39,39,2024-02-02,Finalizada
OP006330,P0034,51,51,2024-06-06,Finalizada
OP006331,P0265,30,30,2026-01-30,Finalizada
OP006332,P0180,48,48,2026-02-09,Finalizada
OP006333,P0158,46,46,2025-10-08,Finalizada
OP006334,P0468,33,33,2025-04-03,Finalizada
OP006335,P0220,29,29,2026-02-13,Finalizada
OP006336,P0404,31,31,2025-07-15,Finalizada
OP006337,P0182,6,6,2025-07-25,Finalizada
OP006338,P0143,11,11,2025-12-08,Finalizada
OP006339,P0213,19,19,2026-04-08,Finalizada
OP006340,P0178,31,31,2024-05-24,Finalizada
OP006341,P0492,1,1,2025-08-19,Finalizada
OP006342,P0401,33,33,2026-03-25,Finalizada
OP006343,P0121,35,35,2025-09-25,Finalizada
OP006344,P0022,48,48,2024-03-14,Finalizada
OP006345,P0351,29,29,2025-03-23,Finalizada
OP006346,P0098,3,3,2025-11-25,Finalizada
OP006347,P0367,8,8,2025-04-16,Finalizada
OP006348,P0289,13,13,2024-07-08,Finalizada
OP006349,P0270,7,7,2024-10-25,Finalizada
OP006350,P0348,29,29,2025-09-29,Finalizada
OP006351,P0007,47,47,2024-12-23,Finalizada
OP006352,P0272,24,24,2024-06-23,Finalizada
OP006353,P0054,14,14,2025-03-04,Finalizada
OP006354,P0171,30,30,2026-05-03,Finalizada
OP006355,P0343,7,7,2024-06-11,Finalizada
OP006356,P0313,34,34,2025-08-22,Finalizada
OP006357,P0176,40,40,2024-09-13,Finalizada
OP006358,P0311,3,3,2025-04-11,Finalizada
OP006359,P0067,40,40,2025-10-10,Finalizada
OP006360,P0435,22,22,2026-04-30,Finalizada
OP006361,P0408,53,53,2026-02-17,Finalizada
OP006362,P0341,20,20,2025-08-18,Finalizada
OP006363,P0304,41,41,2024-01-26,Finalizada
OP006364,P0030,29,29,2025-11-27,Finalizada
OP006365,P0496,26,26,2026-05-18,Finalizada
OP006366,P0009,30,30,2024-05-14,Finalizada
OP006367,P0227,27,27,2025-12-24,Finalizada
OP006368,P0223,37,37,2026-03-30,Finalizada
OP006369,P0140,52,52,2026-03-31,Finalizada
OP006370,P0342,14,14,2024-06-10,Finalizada
OP006371,P0082,48,48,2026-04-23,Finalizada
OP006372,P0436,29,29,2024-06-28,Finalizada
OP006373,P0017,11,11,2025-04-05,Finalizada
OP006374,P0227,36,36,2024-10-29,Finalizada
OP006375,P0489,18,18,2025-07-11,Finalizada
OP006376,P0184,42,42,2024-04-29,Finalizada
OP006377,P0308,1,1,2025-09-18,Finalizada
OP006378,P0444,39,39,2024-11-26,Finalizada
OP006379,P0265,45,45,2024-04-08,Finalizada
OP006380,P0136,25,25,2026-04-20,Finalizada
OP006381,P0421,29,29,2025-10-30,Finalizada
OP006382,P0134,13,13,2025-02-01,Finalizada
OP006383,P0050,52,52,2025-05-16,Finalizada
OP006384,P0413,33,33,2025-01-08,Finalizada
OP006385,P0383,25,25,2025-09-08,Finalizada
OP006386,P0001,30,30,2026-03-19,Finalizada
OP006387,P0069,34,34,2024-08-05,Finalizada
OP006388,P0298,37,37,2025-10-06,Finalizada
OP006389,P0422,41,41,2025-09-03,Finalizada
OP006390,P0203,46,46,2025-09-16,Finalizada
OP006391,P0319,35,35,2026-04-21,Finalizada
OP006392,P0018,33,33,2025-09-23,Finalizada
OP006393,P0480,4,4,2025-06-28,Finalizada
OP006394,P0259,23,23,2025-09-24,Finalizada
OP006395,P0374,25,25,2026-02-27,Finalizada
OP006396,P0149,37,37,2026-02-27,Finalizada
OP006397,P0242,53,53,2025-02-24,Finalizada
OP006398,P0411,39,39,2024-03-13,Finalizada
OP006399,P0448,34,34,2026-03-14,Finalizada
OP006400,P0470,30,30,2024-11-29,Finalizada
OP006401,P0250,53,53,2024-11-05,Finalizada
OP006402,P0249,15,15,2024-07-27,Finalizada
OP006403,P0176,27,27,2024-02-29,Finalizada
OP006404,P0123,15,15,2024-04-23,Finalizada
OP006405,P0492,33,33,2024-12-13,Finalizada
OP006406,P0132,34,34,2025-12-22,Finalizada
OP006407,P0041,52,52,2024-04-12,Finalizada
OP006408,P0058,35,35,2024-04-11,Finalizada
OP006409,P0365,15,15,2024-12-30,Finalizada
OP006410,P0266,48,48,2025-07-31,Finalizada
OP006411,P0222,12,12,2026-03-09,Finalizada
OP006412,P0288,35,35,2025-11-11,Finalizada
OP006413,P0266,4,4,2025-02-28,Finalizada
OP006414,P0290,34,34,2026-04-20,Finalizada
OP006415,P0322,49,49,2024-09-27,Finalizada
OP006416,P0426,35,35,2025-01-24,Finalizada
OP006417,P0375,17,17,2025-02-18,Finalizada
OP006418,P0004,7,7,2026-02-06,Finalizada
OP006419,P0041,37,37,2025-07-11,Finalizada
OP006420,P0469,13,13,2024-06-28,Finalizada
OP006421,P0335,12,12,2025-05-15,Finalizada
OP006422,P0139,20,20,2025-09-20,Finalizada
OP006423,P0032,35,35,2026-03-09,Finalizada
OP006424,P0141,4,4,2026-03-04,Finalizada
OP006425,P0254,19,19,2024-07-08,Finalizada
OP006426,P0130,15,15,2025-05-02,Finalizada
OP006427,P0212,9,9,2024-03-20,Finalizada
OP006428,P0035,15,15,2024-01-29,Finalizada
OP006429,P0187,11,11,2024-03-13,Finalizada
OP006430,P0205,2,2,2025-08-13,Finalizada
OP006431,P0286,29,29,2025-10-21,Finalizada
OP006432,P0085,18,18,2024-06-04,Finalizada
OP006433,P0092,36,36,2026-01-06,Finalizada
OP006434,P0149,12,12,2026-04-06,Finalizada
OP006435,P0434,40,40,2025-05-27,Finalizada
OP006436,P0192,5,5,2024-08-23,Finalizada
OP006437,P0364,26,26,2026-04-06,Finalizada
OP006438,P0234,2,2,2026-05-18,Finalizada
OP006439,P0062,53,53,2025-03-27,Finalizada
OP006440,P0251,42,42,2025-07-14,Finalizada
OP006441,P0379,16,16,2024-02-09,Finalizada
OP006442,P0177,22,22,2025-07-26,Finalizada
OP006443,P0244,49,49,2026-04-03,Finalizada
OP006444,P0113,17,17,2024-12-26,Finalizada
OP006445,P0340,28,28,2025-07-04,Finalizada
OP006446,P0436,30,30,2025-04-14,Finalizada
OP006447,P0497,19,19,2024-07-22,Finalizada
OP006448,P0213,1,1,2024-09-20,Finalizada
OP006449,P0247,23,23,2025-12-29,Finalizada
OP006450,P0227,2,2,2024-02-01,Finalizada
OP006451,P0499,5,5,2026-01-07,Finalizada
OP006452,P0048,13,13,2025-09-23,Finalizada
OP006453,P0327,18,18,2024-06-12,Finalizada
OP006454,P0373,30,30,2025-12-17,Finalizada
OP006455,P0494,11,11,2026-01-28,Finalizada
OP006456,P0001,49,49,2026-04-17,Finalizada
OP006457,P0450,15,15,2025-02-11,Finalizada
OP006458,P0192,53,53,2024-01-08,Finalizada
OP006459,P0132,12,12,2026-03-24,Finalizada
OP006460,P0479,3,3,2026-04-16,Finalizada
OP006461,P0483,16,16,2024-01-02,Finalizada
OP006462,P0064,25,25,2024-01-24,Finalizada
OP006463,P0059,3,3,2024-10-31,Finalizada
OP006464,P0372,26,26,2024-05-22,Finalizada
OP006465,P0359,36,36,2025-07-30,Finalizada
OP006466,P0058,27,27,2024-08-04,Finalizada
OP006467,P0104,18,18,2025-10-27,Finalizada
OP006468,P0468,3,3,2024-02-13,Finalizada
OP006469,P0453,5,5,2025-03-28,Finalizada
OP006470,P0430,42,42,2025-03-21,Finalizada
OP006471,P0235,20,20,2024-05-25,Finalizada
OP006472,P0415,51,51,2025-09-22,Finalizada
OP006473,P0254,4,4,2025-06-23,Finalizada
OP006474,P0364,14,14,2025-10-20,Finalizada
OP006475,P0399,4,4,2025-10-07,Finalizada
OP006476,P0413,15,15,2025-07-05,Finalizada
OP006477,P0421,39,39,2024-12-06,Finalizada
OP006478,P0293,41,41,2025-05-08,Finalizada
OP006479,P0198,37,37,2025-02-19,Finalizada
OP006480,P0475,19,19,2026-04-22,Finalizada
OP006481,P0459,46,46,2024-11-28,Finalizada
OP006482,P0268,36,36,2026-04-13,Finalizada
OP006483,P0407,30,30,2025-07-11,Finalizada
OP006484,P0151,5,5,2024-04-23,Finalizada
OP006485,P0481,44,44,2025-07-22,Finalizada
OP006486,P0089,5,5,2026-04-14,Finalizada
OP006487,P0109,50,50,2025-11-12,Finalizada
OP006488,P0417,23,23,2024-07-08,Finalizada
OP006489,P0092,9,9,2026-03-21,Finalizada
OP006490,P0457,18,18,2024-07-30,Finalizada
OP006491,P0041,22,22,2025-02-28,Finalizada
OP006492,P0364,53,53,2024-10-09,Finalizada
OP006493,P0033,42,42,2025-08-27,Finalizada
OP006494,P0140,42,42,2025-12-08,Finalizada
OP006495,P0181,7,7,2025-04-07,Finalizada
OP006496,P0081,18,18,2026-05-18,Finalizada
OP006497,P0316,53,53,2025-10-16,Finalizada
OP006498,P0326,25,25,2026-03-05,Finalizada
OP006499,P0448,51,51,2025-11-21,Finalizada
OP006500,P0384,48,48,2024-12-31,Finalizada
OP006501,P0309,34,34,2025-11-18,Finalizada
OP006502,P0285,42,42,2025-03-25,Finalizada
OP006503,P0032,1,1,2024-11-18,Finalizada
OP006504,P0221,30,30,2024-04-23,Finalizada
OP006505,P0434,27,27,2024-04-03,Finalizada
OP006506,P0235,16,16,2026-04-01,Finalizada
OP006507,P0324,14,14,2026-01-28,Finalizada
OP006508,P0316,12,12,2024-03-15,Finalizada
OP006509,P0300,24,24,2024-11-26,Finalizada
OP006510,P0070,12,12,2024-07-18,Finalizada
OP006511,P0408,41,41,2025-06-10,Finalizada
OP006512,P0462,30,30,2024-08-27,Finalizada
OP006513,P0098,24,24,2024-01-11,Finalizada
OP006514,P0297,46,46,2025-08-25,Finalizada
OP006515,P0187,20,20,2024-03-15,Finalizada
OP006516,P0420,28,28,2025-01-24,Finalizada
OP006517,P0190,36,36,2025-06-06,Finalizada
OP006518,P0022,46,46,2025-11-26,Finalizada
OP006519,P0029,40,40,2025-11-03,Finalizada
OP006520,P0208,50,50,2026-04-21,Finalizada
OP006521,P0109,53,53,2025-12-19,Finalizada
OP006522,P0449,22,22,2024-07-29,Finalizada
OP006523,P0434,27,27,2025-07-09,Finalizada
OP006524,P0271,19,19,2026-04-06,Finalizada
OP006525,P0013,49,49,2026-04-03,Finalizada
OP006526,P0411,39,39,2024-02-09,Finalizada
OP006527,P0101,13,13,2025-07-24,Finalizada
OP006528,P0203,51,51,2025-09-17,Finalizada
OP006529,P0242,12,12,2024-04-19,Finalizada
OP006530,P0153,20,20,2025-11-17,Finalizada
OP006531,P0258,53,53,2025-12-08,Finalizada
OP006532,P0500,34,34,2024-12-08,Finalizada
OP006533,P0439,34,34,2026-03-18,Finalizada
OP006534,P0475,29,29,2025-11-07,Finalizada
OP006535,P0436,3,3,2025-04-16,Finalizada
OP006536,P0357,53,53,2024-10-21,Finalizada
OP006537,P0219,30,30,2024-09-17,Finalizada
OP006538,P0319,38,38,2024-10-31,Finalizada
OP006539,P0368,11,11,2025-02-14,Finalizada
OP006540,P0343,33,33,2026-01-28,Finalizada
OP006541,P0232,14,14,2026-04-17,Finalizada
OP006542,P0183,48,48,2025-12-13,Finalizada
OP006543,P0353,1,1,2026-02-24,Finalizada
OP006544,P0108,37,37,2025-11-06,Finalizada
OP006545,P0358,24,24,2024-11-01,Finalizada
OP006546,P0166,46,46,2024-05-06,Finalizada
OP006547,P0178,19,19,2026-03-31,Finalizada
OP006548,P0370,11,11,2026-01-19,Finalizada
OP006549,P0474,28,28,2025-08-11,Finalizada
OP006550,P0255,49,49,2024-01-18,Finalizada
OP006551,P0149,27,27,2025-01-07,Finalizada
OP006552,P0361,31,31,2024-12-19,Finalizada
OP006553,P0130,8,8,2025-08-22,Finalizada
OP006554,P0379,45,45,2024-10-11,Finalizada
OP006555,P0379,8,8,2026-05-04,Finalizada
OP006556,P0123,3,3,2024-04-05,Finalizada
OP006557,P0405,52,52,2025-01-08,Finalizada
OP006558,P0462,1,1,2024-07-08,Finalizada
OP006559,P0347,9,9,2025-06-20,Finalizada
OP006560,P0468,9,9,2026-01-12,Finalizada
OP006561,P0261,33,33,2025-12-30,Finalizada
OP006562,P0002,3,3,2024-07-07,Finalizada
OP006563,P0480,20,20,2024-03-19,Finalizada
OP006564,P0291,25,25,2025-05-29,Finalizada
OP006565,P0224,15,15,2026-02-03,Finalizada
OP006566,P0192,25,25,2024-09-03,Finalizada
OP006567,P0096,18,18,2025-07-25,Finalizada
OP006568,P0058,4,4,2024-02-07,Finalizada
OP006569,P0135,49,49,2026-02-09,Finalizada
OP006570,P0235,18,18,2025-04-08,Finalizada
OP006571,P0406,46,46,2026-02-11,Finalizada
OP006572,P0107,28,28,2024-12-27,Finalizada
OP006573,P0209,45,45,2024-06-07,Finalizada
OP006574,P0090,50,50,2025-07-14,Finalizada
OP006575,P0004,41,41,2025-03-13,Finalizada
OP006576,P0482,23,23,2025-09-26,Finalizada
OP006577,P0338,41,41,2026-03-09,Finalizada
OP006578,P0077,25,25,2025-05-08,Finalizada
OP006579,P0380,53,53,2025-05-20,Finalizada
OP006580,P0046,27,27,2025-09-23,Finalizada
OP006581,P0408,35,35,2024-06-27,Finalizada
OP006582,P0219,29,29,2024-02-13,Finalizada
OP006583,P0053,23,23,2025-04-17,Finalizada
OP006584,P0022,51,51,2025-05-15,Finalizada
OP006585,P0254,17,17,2026-04-08,Finalizada
OP006586,P0127,13,13,2025-07-23,Finalizada
OP006587,P0378,37,37,2025-12-19,Finalizada
OP006588,P0318,35,35,2026-05-11,Finalizada
OP006589,P0207,24,24,2025-08-18,Finalizada
OP006590,P0215,45,45,2024-10-02,Finalizada
OP006591,P0409,8,8,2024-12-26,Finalizada
OP006592,P0200,12,12,2024-07-11,Finalizada
OP006593,P0139,27,27,2026-02-27,Finalizada
OP006594,P0151,30,30,2024-03-19,Finalizada
OP006595,P0112,16,16,2024-07-19,Finalizada
OP006596,P0335,37,37,2026-03-26,Finalizada
OP006597,P0253,52,52,2025-01-10,Finalizada
OP006598,P0360,1,1,2024-09-03,Finalizada
OP006599,P0380,4,4,2024-09-24,Finalizada
OP006600,P0252,1,1,2024-09-13,Finalizada
OP006601,P0333,40,40,2024-05-10,Finalizada
OP006602,P0439,39,39,2024-04-29,Finalizada
OP006603,P0341,44,44,2025-01-09,Finalizada
OP006604,P0239,53,53,2025-09-18,Finalizada
OP006605,P0017,3,3,2026-03-20,Finalizada
OP006606,P0317,44,44,2025-03-17,Finalizada
OP006607,P0028,35,35,2024-05-10,Finalizada
OP006608,P0366,2,2,2026-01-15,Finalizada
OP006609,P0251,38,38,2026-01-28,Finalizada
OP006610,P0091,11,11,2026-02-25,Finalizada
OP006611,P0175,5,5,2026-01-01,Finalizada
OP006612,P0261,52,52,2025-06-03,Finalizada
OP006613,P0056,53,53,2025-02-17,Finalizada
OP006614,P0404,11,11,2025-09-01,Finalizada
OP006615,P0281,18,18,2025-07-24,Finalizada
OP006616,P0367,25,25,2024-11-26,Finalizada
OP006617,P0328,22,22,2026-02-18,Finalizada
OP006618,P0288,45,45,2024-07-03,Finalizada
OP006619,P0251,52,52,2025-06-09,Finalizada
OP006620,P0356,30,30,2024-10-10,Finalizada
OP006621,P0404,8,8,2025-09-04,Finalizada
OP006622,P0127,37,37,2024-01-23,Finalizada
OP006623,P0390,12,12,2025-10-16,Finalizada
OP006624,P0067,15,15,2024-07-17,Finalizada
OP006625,P0485,2,2,2025-03-20,Finalizada
OP006626,P0412,23,23,2026-02-28,Finalizada
OP006627,P0304,16,16,2025-05-22,Finalizada
OP006628,P0198,45,45,2026-03-24,Finalizada
OP006629,P0137,20,20,2025-01-27,Finalizada
OP006630,P0156,34,34,2024-08-16,Finalizada
OP006631,P0251,30,30,2024-12-23,Finalizada
OP006632,P0384,29,29,2025-12-02,Finalizada
OP006633,P0238,27,27,2025-11-27,Finalizada
OP006634,P0357,24,24,2025-06-17,Finalizada
OP006635,P0301,51,51,2026-05-01,Finalizada
OP006636,P0042,28,28,2025-04-21,Finalizada
OP006637,P0492,19,19,2025-01-06,Finalizada
OP006638,P0248,39,39,2026-05-15,Finalizada
OP006639,P0132,15,15,2025-07-21,Finalizada
OP006640,P0341,39,39,2025-05-12,Finalizada
OP006641,P0241,47,47,2025-12-19,Finalizada
OP006642,P0319,41,41,2025-06-27,Finalizada
OP006643,P0070,50,50,2025-05-20,Finalizada
OP006644,P0026,48,48,2025-08-05,Finalizada
OP006645,P0235,33,33,2025-11-07,Finalizada
OP006646,P0003,11,11,2025-10-31,Finalizada
OP006647,P0488,29,29,2024-10-28,Finalizada
OP006648,P0343,5,5,2025-05-22,Finalizada
OP006649,P0491,15,15,2024-11-28,Finalizada
OP006650,P0080,48,48,2025-05-20,Finalizada
OP006651,P0489,46,46,2025-09-01,Finalizada
OP006652,P0276,24,24,2026-04-07,Finalizada
OP006653,P0156,35,35,2024-11-20,Finalizada
OP006654,P0465,16,16,2026-04-04,Finalizada
OP006655,P0164,6,6,2026-03-10,Finalizada
OP006656,P0428,5,5,2024-08-29,Finalizada
OP006657,P0138,12,12,2024-03-15,Finalizada
OP006658,P0014,41,41,2024-10-17,Finalizada
OP006659,P0019,1,1,2025-04-24,Finalizada
OP006660,P0141,4,4,2026-02-07,Finalizada
OP006661,P0285,4,4,2025-11-12,Finalizada
OP006662,P0223,53,53,2025-12-24,Finalizada
OP006663,P0030,1,1,2025-07-02,Finalizada
OP006664,P0129,40,40,2026-02-05,Finalizada
OP006665,P0455,8,8,2025-02-27,Finalizada
OP006666,P0133,29,29,2024-05-06,Finalizada
OP006667,P0138,31,31,2024-07-28,Finalizada
OP006668,P0043,5,5,2025-08-15,Finalizada
OP006669,P0100,42,42,2026-05-01,Finalizada
OP006670,P0066,49,49,2024-05-03,Finalizada
OP006671,P0244,5,5,2025-05-26,Finalizada
OP006672,P0101,1,1,2024-02-28,Finalizada
OP006673,P0123,7,7,2025-01-28,Finalizada
OP006674,P0238,38,38,2025-02-13,Finalizada
OP006675,P0334,41,41,2025-08-11,Finalizada
OP006676,P0286,48,48,2026-04-14,Finalizada
OP006677,P0409,6,6,2025-07-21,Finalizada
OP006678,P0020,52,52,2024-12-26,Finalizada
OP006679,P0092,37,37,2025-06-09,Finalizada
OP006680,P0127,40,40,2025-10-08,Finalizada
OP006681,P0065,31,31,2025-06-13,Finalizada
OP006682,P0255,5,5,2025-02-14,Finalizada
OP006683,P0111,17,17,2024-08-19,Finalizada
OP006684,P0358,20,20,2025-08-01,Finalizada
OP006685,P0220,22,22,2024-05-09,Finalizada
OP006686,P0271,7,7,2024-01-03,Finalizada
OP006687,P0148,50,50,2025-01-07,Finalizada
OP006688,P0168,53,53,2025-09-26,Finalizada
OP006689,P0047,17,17,2026-04-06,Finalizada
OP006690,P0362,52,52,2025-02-05,Finalizada
OP006691,P0386,6,6,2025-09-15,Finalizada
OP006692,P0303,29,29,2026-01-30,Finalizada
OP006693,P0094,13,13,2026-02-25,Finalizada
OP006694,P0266,30,30,2025-09-01,Finalizada
OP006695,P0154,2,2,2024-07-27,Finalizada
OP006696,P0456,9,9,2025-01-10,Finalizada
OP006697,P0100,42,42,2025-05-12,Finalizada
OP006698,P0060,48,48,2026-02-11,Finalizada
OP006699,P0022,6,6,2026-05-21,Finalizada
OP006700,P0141,40,40,2025-06-26,Finalizada
OP006701,P0043,16,16,2025-01-13,Finalizada
OP006702,P0186,19,19,2024-11-18,Finalizada
OP006703,P0359,51,51,2024-01-25,Finalizada
OP006704,P0246,18,18,2025-09-01,Finalizada
OP006705,P0110,17,17,2024-11-12,Finalizada
OP006706,P0354,12,12,2024-04-09,Finalizada
OP006707,P0087,53,53,2025-01-20,Finalizada
OP006708,P0450,36,36,2024-12-03,Finalizada
OP006709,P0457,41,41,2025-12-08,Finalizada
OP006710,P0007,18,18,2025-10-30,Finalizada
OP006711,P0419,49,49,2025-05-17,Finalizada
OP006712,P0420,30,30,2025-09-08,Finalizada
OP006713,P0099,20,20,2024-08-01,Finalizada
OP006714,P0266,30,30,2025-12-22,Finalizada
OP006715,P0215,40,40,2026-04-23,Finalizada
OP006716,P0377,3,3,2025-06-11,Finalizada
OP006717,P0225,1,1,2025-10-21,Finalizada
OP006718,P0311,18,18,2024-08-20,Finalizada
OP006719,P0003,33,33,2025-07-15,Finalizada
OP006720,P0047,39,39,2025-07-21,Finalizada
OP006721,P0156,7,7,2026-02-05,Finalizada
OP006722,P0426,50,50,2025-12-03,Finalizada
OP006723,P0018,27,27,2025-06-05,Finalizada
OP006724,P0037,3,3,2026-05-05,Finalizada
OP006725,P0253,22,22,2025-06-26,Finalizada
OP006726,P0403,14,14,2025-11-13,Finalizada
OP006727,P0145,14,14,2025-11-21,Finalizada
OP006728,P0381,33,33,2026-05-08,Finalizada
OP006729,P0458,50,50,2025-12-30,Finalizada
OP006730,P0453,16,16,2025-12-24,Finalizada
OP006731,P0281,47,47,2026-01-08,Finalizada
OP006732,P0358,16,16,2026-05-11,Finalizada
OP006733,P0026,7,7,2024-02-27,Finalizada
OP006734,P0393,18,18,2026-05-14,Finalizada
OP006735,P0040,17,17,2025-12-15,Finalizada
OP006736,P0424,41,41,2024-11-04,Finalizada
OP006737,P0410,15,15,2024-09-02,Finalizada
OP006738,P0222,5,5,2025-08-21,Finalizada
OP006739,P0338,33,33,2024-04-18,Finalizada
OP006740,P0301,28,28,2026-05-13,Finalizada
OP006741,P0234,41,41,2025-04-15,Finalizada
OP006742,P0108,18,18,2026-05-22,Finalizada
OP006743,P0432,13,13,2026-04-29,Finalizada
OP006744,P0401,44,44,2025-06-17,Finalizada
OP006745,P0154,39,39,2025-12-17,Finalizada
OP006746,P0059,15,15,2025-10-03,Finalizada
OP006747,P0184,27,27,2025-12-24,Finalizada
OP006748,P0046,53,53,2025-05-07,Finalizada
OP006749,P0082,46,46,2026-05-19,Finalizada
OP006750,P0018,14,14,2024-07-22,Finalizada
OP006751,P0093,31,31,2024-07-26,Finalizada
OP006752,P0272,52,52,2026-01-17,Finalizada
OP006753,P0181,47,47,2025-11-11,Finalizada
OP006754,P0374,16,16,2024-12-09,Finalizada
OP006755,P0068,45,45,2025-07-11,Finalizada
OP006756,P0375,41,41,2025-04-14,Finalizada
OP006757,P0011,17,17,2025-11-24,Finalizada
OP006758,P0370,37,37,2026-02-08,Finalizada
OP006759,P0090,51,51,2025-09-01,Finalizada
OP006760,P0251,18,18,2025-11-26,Finalizada
OP006761,P0215,34,34,2025-06-30,Finalizada
OP006762,P0393,8,8,2026-05-07,Finalizada
OP006763,P0073,24,24,2025-09-02,Finalizada
OP006764,P0398,9,9,2024-08-09,Finalizada
OP006765,P0167,39,39,2025-04-17,Finalizada
OP006766,P0106,12,12,2024-11-01,Finalizada
OP006767,P0464,49,49,2024-09-20,Finalizada
OP006768,P0042,24,24,2025-05-28,Finalizada
OP006769,P0335,23,23,2025-03-23,Finalizada
OP006770,P0041,12,12,2024-12-27,Finalizada
OP006771,P0261,7,7,2024-05-29,Finalizada
OP006772,P0396,1,1,2025-08-20,Finalizada
OP006773,P0227,37,37,2024-10-03,Finalizada
OP006774,P0205,34,34,2025-12-03,Finalizada
OP006775,P0312,45,45,2025-07-18,Finalizada
OP006776,P0024,13,13,2026-01-02,Finalizada
OP006777,P0077,35,35,2025-02-07,Finalizada
OP006778,P0046,52,52,2024-09-25,Finalizada
OP006779,P0274,24,24,2025-08-01,Finalizada
OP006780,P0232,53,53,2026-03-13,Finalizada
OP006781,P0193,25,25,2026-03-03,Finalizada
OP006782,P0475,1,1,2024-08-12,Finalizada
OP006783,P0340,45,45,2024-04-11,Finalizada
OP006784,P0377,13,13,2024-05-21,Finalizada
OP006785,P0463,23,23,2026-05-19,Finalizada
OP006786,P0363,1,1,2024-02-16,Finalizada
OP006787,P0246,52,52,2025-07-21,Finalizada
OP006788,P0454,4,4,2025-08-08,Finalizada
OP006789,P0114,23,23,2024-10-12,Finalizada
OP006790,P0423,53,53,2025-01-10,Finalizada
OP006791,P0007,3,3,2025-02-09,Finalizada
OP006792,P0170,31,31,2025-12-22,Finalizada
OP006793,P0467,38,38,2025-01-09,Finalizada
OP006794,P0095,26,26,2025-11-13,Finalizada
OP006795,P0184,3,3,2024-12-17,Finalizada
OP006796,P0365,12,12,2025-01-09,Finalizada
OP006797,P0249,13,13,2026-03-24,Finalizada
OP006798,P0379,38,38,2025-08-13,Finalizada
OP006799,P0203,42,42,2024-10-31,Finalizada
OP006800,P0293,50,50,2025-01-13,Finalizada
OP006801,P0211,39,39,2025-02-22,Finalizada
OP006802,P0020,36,36,2024-08-20,Finalizada
OP006803,P0004,44,44,2026-01-18,Finalizada
OP006804,P0144,24,24,2025-11-28,Finalizada
OP006805,P0086,29,29,2024-02-06,Finalizada
OP006806,P0241,34,34,2026-02-14,Finalizada
OP006807,P0394,31,31,2026-01-07,Finalizada
OP006808,P0066,13,13,2024-03-25,Finalizada
OP006809,P0277,13,13,2024-02-05,Finalizada
OP006810,P0051,36,36,2026-01-22,Finalizada
OP006811,P0210,20,20,2026-02-04,Finalizada
OP006812,P0310,20,20,2025-05-23,Finalizada
OP006813,P0167,7,7,2026-05-11,Finalizada
OP006814,P0485,8,8,2026-04-20,Finalizada
OP006815,P0126,8,8,2025-12-21,Finalizada
OP006816,P0211,23,23,2024-12-10,Finalizada
OP006817,P0337,51,51,2024-06-13,Finalizada
OP006818,P0129,24,24,2025-07-28,Finalizada
OP006819,P0367,33,33,2024-12-12,Finalizada
OP006820,P0330,39,39,2024-08-26,Finalizada
OP006821,P0445,30,30,2026-01-26,Finalizada
OP006822,P0155,49,49,2024-04-12,Finalizada
OP006823,P0469,46,46,2024-07-19,Finalizada
OP006824,P0105,7,7,2025-12-19,Finalizada
OP006825,P0259,36,36,2025-11-20,Finalizada
OP006826,P0477,30,30,2025-08-25,Finalizada
OP006827,P0214,5,5,2024-01-12,Finalizada
OP006828,P0251,12,12,2026-02-04,Finalizada
OP006829,P0394,9,9,2026-01-27,Finalizada
OP006830,P0133,14,14,2025-03-17,Finalizada
OP006831,P0086,25,25,2024-02-05,Finalizada
OP006832,P0345,30,30,2025-12-16,Finalizada
OP006833,P0398,28,28,2025-12-26,Finalizada
OP006834,P0100,2,2,2025-05-14,Finalizada
OP006835,P0143,52,52,2025-07-01,Finalizada
OP006836,P0017,51,51,2025-06-04,Finalizada
OP006837,P0121,11,11,2025-09-19,Finalizada
OP006838,P0325,29,29,2024-12-13,Finalizada
OP006839,P0469,30,30,2025-11-19,Finalizada
OP006840,P0215,47,47,2026-04-29,Finalizada
OP006841,P0342,23,23,2025-12-29,Finalizada
OP006842,P0379,47,47,2026-03-12,Finalizada
OP006843,P0399,29,29,2025-12-19,Finalizada
OP006844,P0430,28,28,2025-09-29,Finalizada
OP006845,P0180,4,4,2026-05-05,Finalizada
OP006846,P0315,2,2,2024-08-28,Finalizada
OP006847,P0381,6,6,2025-06-10,Finalizada
OP006848,P0426,47,47,2026-01-30,Finalizada
OP006849,P0058,19,19,2025-07-06,Finalizada
OP006850,P0404,24,24,2026-05-06,Finalizada
OP006851,P0312,23,23,2024-06-06,Finalizada
OP006852,P0069,8,8,2024-12-19,Finalizada
OP006853,P0264,39,39,2025-05-30,Finalizada
OP006854,P0217,52,52,2025-02-07,Finalizada
OP006855,P0244,19,19,2025-04-24,Finalizada
OP006856,P0227,19,19,2026-04-16,Finalizada
OP006857,P0188,22,22,2024-09-05,Finalizada
OP006858,P0045,8,8,2024-03-29,Finalizada
OP006859,P0357,45,45,2025-07-06,Finalizada
OP006860,P0325,35,35,2026-03-18,Finalizada
OP006861,P0307,39,39,2025-03-19,Finalizada
OP006862,P0439,3,3,2024-07-14,Finalizada
OP006863,P0195,42,42,2024-07-17,Finalizada
OP006864,P0378,35,35,2025-06-19,Finalizada
OP006865,P0205,30,30,2025-03-18,Finalizada
OP006866,P0237,20,20,2024-05-29,Finalizada
OP006867,P0221,19,19,2025-04-15,Finalizada
OP006868,P0150,17,17,2026-05-01,Finalizada
OP006869,P0058,18,18,2026-02-04,Finalizada
OP006870,P0195,48,48,2024-03-06,Finalizada
OP006871,P0490,48,48,2024-08-30,Finalizada
OP006872,P0158,18,18,2024-12-20,Finalizada
OP006873,P0191,46,46,2025-10-24,Finalizada
OP006874,P0472,2,2,2025-11-13,Finalizada
OP006875,P0043,13,13,2025-10-20,Finalizada
OP006876,P0061,29,29,2025-03-10,Finalizada
OP006877,P0163,2,2,2026-03-04,Finalizada
OP006878,P0263,48,48,2025-11-13,Finalizada
OP006879,P0067,29,29,2025-04-15,Finalizada
OP006880,P0047,8,8,2025-05-13,Finalizada
OP006881,P0496,47,47,2025-06-03,Finalizada
OP006882,P0364,40,40,2025-06-26,Finalizada
OP006883,P0220,5,5,2025-03-18,Finalizada
OP006884,P0214,52,52,2026-03-14,Finalizada
OP006885,P0497,33,33,2026-03-05,Finalizada
OP006886,P0217,25,25,2024-03-19,Finalizada
OP006887,P0023,41,41,2025-07-07,Finalizada
OP006888,P0062,1,1,2026-04-24,Finalizada
OP006889,P0408,53,53,2024-10-30,Finalizada
OP006890,P0172,39,39,2026-02-05,Finalizada
OP006891,P0015,37,37,2024-11-25,Finalizada
OP006892,P0206,22,22,2026-03-18,Finalizada
OP006893,P0205,44,44,2025-01-16,Finalizada
OP006894,P0450,39,39,2025-07-09,Finalizada
OP006895,P0193,13,13,2025-12-18,Finalizada
OP006896,P0189,23,23,2024-12-11,Finalizada
OP006897,P0340,19,19,2025-01-27,Finalizada
OP006898,P0092,50,50,2024-05-24,Finalizada
OP006899,P0101,24,24,2024-05-21,Finalizada
OP006900,P0295,5,5,2025-11-12,Finalizada
OP006901,P0412,46,46,2025-09-19,Finalizada
OP006902,P0330,2,2,2025-05-26,Finalizada
OP006903,P0167,11,11,2026-02-18,Finalizada
OP006904,P0047,33,33,2025-05-08,Finalizada
OP006905,P0152,39,39,2026-05-10,Finalizada
OP006906,P0307,12,12,2026-05-20,Finalizada
OP006907,P0351,35,35,2025-12-27,Finalizada
OP006908,P0303,20,20,2025-04-21,Finalizada
OP006909,P0345,45,45,2024-02-13,Finalizada
OP006910,P0025,1,1,2024-02-09,Finalizada
OP006911,P0003,53,53,2025-04-07,Finalizada
OP006912,P0344,29,29,2024-04-25,Finalizada
OP006913,P0046,3,3,2025-08-26,Finalizada
OP006914,P0325,19,19,2024-10-15,Finalizada
OP006915,P0105,51,51,2025-08-26,Finalizada
OP006916,P0156,28,28,2024-11-23,Finalizada
OP006917,P0213,28,28,2026-02-02,Finalizada
OP006918,P0019,42,42,2026-02-16,Finalizada
OP006919,P0256,51,51,2026-03-23,Finalizada
OP006920,P0053,24,24,2025-02-17,Finalizada
OP006921,P0233,38,38,2025-09-29,Finalizada
OP006922,P0365,20,20,2025-01-23,Finalizada
OP006923,P0342,17,17,2026-04-16,Finalizada
OP006924,P0187,33,33,2024-11-06,Finalizada
OP006925,P0064,4,4,2025-06-24,Finalizada
OP006926,P0161,51,51,2024-07-11,Finalizada
OP006927,P0125,9,9,2025-09-22,Finalizada
OP006928,P0493,15,15,2025-03-18,Finalizada
OP006929,P0362,13,13,2025-10-08,Finalizada
OP006930,P0012,20,20,2026-04-01,Finalizada
OP006931,P0419,1,1,2025-02-27,Finalizada
OP006932,P0399,24,24,2025-09-19,Finalizada
OP006933,P0192,9,9,2026-02-18,Finalizada
OP006934,P0357,34,34,2025-09-19,Finalizada
OP006935,P0404,48,48,2025-07-25,Finalizada
OP006936,P0106,51,51,2025-11-04,Finalizada
OP006937,P0128,27,27,2024-02-20,Finalizada
OP006938,P0337,42,42,2025-11-10,Finalizada
OP006939,P0018,36,36,2025-02-14,Finalizada
OP006940,P0153,24,24,2024-02-26,Finalizada
OP006941,P0428,25,25,2024-01-31,Finalizada
OP006942,P0495,30,30,2025-01-01,Finalizada
OP006943,P0392,25,25,2025-10-06,Finalizada
OP006944,P0456,11,11,2024-01-22,Finalizada
OP006945,P0058,14,14,2024-05-21,Finalizada
OP006946,P0397,42,42,2026-04-01,Finalizada
OP006947,P0066,35,35,2025-01-30,Finalizada
OP006948,P0287,18,18,2026-05-12,Finalizada
OP006949,P0324,4,4,2025-04-14,Finalizada
OP006950,P0047,35,35,2024-02-09,Finalizada
OP006951,P0039,15,15,2025-12-02,Finalizada
OP006952,P0042,49,49,2024-05-09,Finalizada
OP006953,P0276,18,18,2026-01-26,Finalizada
OP006954,P0343,36,36,2024-01-16,Finalizada
OP006955,P0500,13,13,2025-03-22,Finalizada
OP006956,P0304,24,24,2025-03-14,Finalizada
OP006957,P0059,34,34,2025-05-22,Finalizada
OP006958,P0096,39,39,2024-08-11,Finalizada
OP006959,P0215,13,13,2024-06-26,Finalizada
OP006960,P0259,44,44,2024-08-14,Finalizada
OP006961,P0241,37,37,2025-04-29,Finalizada
OP006962,P0208,2,2,2024-02-13,Finalizada
OP006963,P0102,15,15,2026-01-14,Finalizada
OP006964,P0194,29,29,2024-01-29,Finalizada
OP006965,P0387,31,31,2025-07-24,Finalizada
OP006966,P0005,9,9,2025-04-14,Finalizada
OP006967,P0054,26,26,2026-04-13,Finalizada
OP006968,P0194,46,46,2026-01-19,Finalizada
OP006969,P0117,42,42,2025-10-17,Finalizada
OP006970,P0177,1,1,2025-03-07,Finalizada
OP006971,P0058,19,19,2026-01-20,Finalizada
OP006972,P0290,11,11,2026-05-18,Finalizada
OP006973,P0346,25,25,2025-02-11,Finalizada
OP006974,P0338,18,18,2024-08-16,Finalizada
OP006975,P0274,8,8,2025-02-03,Finalizada
OP006976,P0135,45,45,2026-01-13,Finalizada
OP006977,P0038,48,48,2025-08-09,Finalizada
OP006978,P0115,29,29,2025-09-28,Finalizada
OP006979,P0379,24,24,2025-05-14,Finalizada
OP006980,P0225,26,26,2024-12-31,Finalizada
OP006981,P0039,26,26,2026-05-14,Finalizada
OP006982,P0008,49,49,2024-10-24,Finalizada
OP006983,P0422,15,15,2025-11-12,Finalizada
OP006984,P0310,11,11,2025-04-08,Finalizada
OP006985,P0383,14,14,2025-02-07,Finalizada
OP006986,P0010,38,38,2025-02-19,Finalizada
OP006987,P0055,33,33,2024-11-04,Finalizada
OP006988,P0429,39,39,2024-09-12,Finalizada
OP006989,P0255,7,7,2026-04-15,Finalizada
OP006990,P0478,14,14,2024-12-31,Finalizada
OP006991,P0020,36,36,2025-07-28,Finalizada
OP006992,P0133,5,5,2026-02-23,Finalizada
OP006993,P0384,34,34,2025-06-18,Finalizada
OP006994,P0304,45,45,2025-11-03,Finalizada
OP006995,P0385,22,22,2025-01-14,Finalizada
OP006996,P0478,3,3,2024-11-05,Finalizada
OP006997,P0451,23,23,2026-02-15,Finalizada
OP006998,P0078,9,9,2024-11-12,Finalizada
OP006999,P0207,40,40,2025-12-28,Finalizada
OP007000,P0064,53,53,2024-12-19,Finalizada
OP007001,P0330,38,38,2024-01-11,Finalizada
OP007002,P0459,9,9,2024-08-08,Finalizada
OP007003,P0076,39,39,2025-12-10,Finalizada
OP007004,P0045,47,47,2026-01-08,Finalizada
OP007005,P0037,34,34,2025-07-03,Finalizada
OP007006,P0337,53,53,2025-08-08,Finalizada
OP007007,P0270,48,48,2024-03-22,Finalizada
OP007008,P0220,36,36,2024-05-21,Finalizada
OP007009,P0156,41,41,2024-12-05,Finalizada
OP007010,P0104,53,53,2026-05-21,Finalizada
OP007011,P0252,9,9,2026-04-17,Finalizada
OP007012,P0170,48,48,2025-08-19,Finalizada
OP007013,P0189,17,17,2025-11-05,Finalizada
OP007014,P0433,51,51,2025-10-02,Finalizada
OP007015,P0424,4,4,2024-11-06,Finalizada
OP007016,P0018,3,3,2025-05-23,Finalizada
OP007017,P0031,12,12,2025-03-28,Finalizada
OP007018,P0383,28,28,2024-08-13,Finalizada
OP007019,P0389,23,23,2025-06-17,Finalizada
OP007020,P0094,4,4,2024-10-16,Finalizada
OP007021,P0149,1,1,2025-04-16,Finalizada
OP007022,P0228,48,48,2026-01-25,Finalizada
OP007023,P0446,34,34,2024-11-12,Finalizada
OP007024,P0499,36,36,2025-04-14,Finalizada
OP007025,P0151,18,18,2026-03-20,Finalizada
OP007026,P0132,38,38,2025-11-14,Finalizada
OP007027,P0201,15,15,2025-03-13,Finalizada
OP007028,P0444,29,29,2026-05-05,Finalizada
OP007029,P0068,27,27,2026-02-20,Finalizada
OP007030,P0338,13,13,2025-10-01,Finalizada
OP007031,P0288,14,14,2024-01-03,Finalizada
OP007032,P0092,22,22,2026-02-06,Finalizada
OP007033,P0379,51,51,2026-03-29,Finalizada
OP007034,P0363,31,31,2025-09-05,Finalizada
OP007035,P0033,14,14,2025-09-02,Finalizada
OP007036,P0200,45,45,2024-04-24,Finalizada
OP007037,P0237,8,8,2024-03-01,Finalizada
OP007038,P0386,50,50,2025-12-24,Finalizada
OP007039,P0420,44,44,2025-12-09,Finalizada
OP007040,P0251,49,49,2024-08-19,Finalizada
OP007041,P0420,7,7,2024-05-03,Finalizada
OP007042,P0120,29,29,2026-01-24,Finalizada
OP007043,P0062,52,52,2025-12-29,Finalizada
OP007044,P0369,16,16,2024-11-13,Finalizada
OP007045,P0493,17,17,2025-03-31,Finalizada
OP007046,P0072,18,18,2024-12-17,Finalizada
OP007047,P0034,15,15,2026-03-27,Finalizada
OP007048,P0089,23,23,2024-08-30,Finalizada
OP007049,P0104,23,23,2025-09-11,Finalizada
OP007050,P0197,49,49,2025-01-13,Finalizada
OP007051,P0464,47,47,2024-08-14,Finalizada
OP007052,P0486,28,28,2025-09-19,Finalizada
OP007053,P0439,48,48,2026-01-14,Finalizada
OP007054,P0462,17,17,2025-08-04,Finalizada
OP007055,P0392,28,28,2024-09-23,Finalizada
OP007056,P0419,9,9,2025-06-27,Finalizada
OP007057,P0219,15,15,2024-10-08,Finalizada
OP007058,P0477,37,37,2026-01-09,Finalizada
OP007059,P0392,27,27,2026-04-20,Finalizada
OP007060,P0039,48,48,2026-03-04,Finalizada
OP007061,P0177,6,6,2025-07-01,Finalizada
OP007062,P0386,9,9,2024-10-24,Finalizada
OP007063,P0421,51,51,2025-08-12,Finalizada
OP007064,P0422,28,28,2026-01-08,Finalizada
OP007065,P0425,31,31,2024-07-15,Finalizada
OP007066,P0339,18,18,2024-11-25,Finalizada
OP007067,P0248,35,35,2025-11-18,Finalizada
OP007068,P0048,33,33,2025-04-25,Finalizada
OP007069,P0446,48,48,2024-08-05,Finalizada
OP007070,P0234,38,38,2025-09-19,Finalizada
OP007071,P0283,31,31,2026-03-17,Finalizada
OP007072,P0405,8,8,2025-06-12,Finalizada
OP007073,P0468,7,7,2024-03-12,Finalizada
OP007074,P0346,52,52,2026-05-22,Finalizada
OP007075,P0201,15,15,2024-09-27,Finalizada
OP007076,P0472,50,50,2025-04-23,Finalizada
OP007077,P0448,9,9,2025-11-26,Finalizada
OP007078,P0030,49,49,2025-04-16,Finalizada
OP007079,P0090,36,36,2024-03-25,Finalizada
OP007080,P0020,38,38,2024-10-18,Finalizada
OP007081,P0358,40,40,2024-03-07,Finalizada
OP007082,P0102,1,1,2025-11-03,Finalizada
OP007083,P0328,20,20,2024-12-18,Finalizada
OP007084,P0277,38,38,2025-03-12,Finalizada
OP007085,P0129,33,33,2026-05-08,Finalizada
OP007086,P0300,8,8,2025-01-06,Finalizada
OP007087,P0294,23,23,2026-01-06,Finalizada
OP007088,P0042,9,9,2025-09-19,Finalizada
OP007089,P0039,9,9,2024-05-17,Finalizada
OP007090,P0382,8,8,2025-01-02,Finalizada
OP007091,P0426,42,42,2025-12-29,Finalizada
OP007092,P0030,23,23,2025-09-09,Finalizada
OP007093,P0412,5,5,2026-03-12,Finalizada
OP007094,P0393,16,16,2024-10-25,Finalizada
OP007095,P0345,46,46,2024-09-15,Finalizada
OP007096,P0412,42,42,2025-05-23,Finalizada
OP007097,P0457,46,46,2024-10-24,Finalizada
OP007098,P0391,8,8,2025-10-09,Finalizada
OP007099,P0274,6,6,2026-02-19,Finalizada
OP007100,P0103,18,18,2025-04-07,Finalizada
OP007101,P0074,27,27,2024-02-26,Finalizada
OP007102,P0169,35,35,2026-05-06,Finalizada
OP007103,P0064,39,39,2025-02-12,Finalizada
OP007104,P0128,4,4,2026-01-16,Finalizada
OP007105,P0386,47,47,2025-06-03,Finalizada
OP007106,P0493,35,35,2026-05-14,Finalizada
OP007107,P0092,40,40,2025-12-22,Finalizada
OP007108,P0284,1,1,2024-01-23,Finalizada
OP007109,P0020,8,8,2024-06-22,Finalizada
OP007110,P0318,12,12,2026-04-08,Finalizada
OP007111,P0172,27,27,2026-01-20,Finalizada
OP007112,P0082,18,18,2024-11-27,Finalizada
OP007113,P0318,27,27,2024-12-05,Finalizada
OP007114,P0285,34,34,2024-10-23,Finalizada
OP007115,P0103,42,42,2025-10-21,Finalizada
OP007116,P0082,48,48,2024-08-07,Finalizada
OP007117,P0296,15,15,2025-02-04,Finalizada
OP007118,P0386,37,37,2025-02-05,Finalizada
OP007119,P0262,14,14,2025-04-25,Finalizada
OP007120,P0133,19,19,2024-12-06,Finalizada
OP007121,P0257,44,44,2025-06-20,Finalizada
OP007122,P0455,35,35,2025-11-28,Finalizada
OP007123,P0308,18,18,2024-04-26,Finalizada
OP007124,P0487,25,25,2024-06-24,Finalizada
OP007125,P0002,4,4,2026-01-17,Finalizada
OP007126,P0344,46,46,2025-07-24,Finalizada
OP007127,P0429,12,12,2026-04-17,Finalizada
OP007128,P0117,34,34,2024-11-01,Finalizada
OP007129,P0052,22,22,2025-07-31,Finalizada
OP007130,P0399,38,38,2024-12-18,Finalizada
OP007131,P0226,40,40,2026-01-21,Finalizada
OP007132,P0001,48,48,2026-04-23,Finalizada
OP007133,P0156,22,22,2025-02-25,Finalizada
OP007134,P0060,7,7,2025-10-17,Finalizada
OP007135,P0352,15,15,2025-11-12,Finalizada
OP007136,P0328,45,45,2024-12-06,Finalizada
OP007137,P0029,42,42,2025-10-23,Finalizada
OP007138,P0466,40,40,2024-01-04,Finalizada
OP007139,P0108,1,1,2024-08-16,Finalizada
OP007140,P0100,37,37,2024-02-11,Finalizada
OP007141,P0241,25,25,2026-02-04,Finalizada
OP007142,P0451,47,47,2025-06-30,Finalizada
OP007143,P0335,26,26,2025-06-03,Finalizada
OP007144,P0382,44,44,2024-05-02,Finalizada
OP007145,P0080,41,41,2026-04-01,Finalizada
OP007146,P0357,53,53,2024-02-09,Finalizada
OP007147,P0409,47,47,2026-02-04,Finalizada
OP007148,P0210,50,50,2025-09-25,Finalizada
OP007149,P0078,11,11,2026-04-23,Finalizada
OP007150,P0072,4,4,2024-03-01,Finalizada
OP007151,P0004,42,42,2024-12-07,Finalizada
OP007152,P0457,33,33,2026-05-08,Finalizada
OP007153,P0295,16,16,2024-05-27,Finalizada
OP007154,P0264,33,33,2025-04-07,Finalizada
OP007155,P0014,29,29,2026-04-20,Finalizada
OP007156,P0047,46,46,2025-04-19,Finalizada
OP007157,P0244,38,38,2026-01-30,Finalizada
OP007158,P0483,17,17,2026-03-06,Finalizada
OP007159,P0487,20,20,2025-11-30,Finalizada
OP007160,P0070,36,36,2024-08-01,Finalizada
OP007161,P0078,26,26,2025-04-18,Finalizada
OP007162,P0369,52,52,2025-08-21,Finalizada
OP007163,P0447,1,1,2025-12-29,Finalizada
OP007164,P0076,4,4,2026-04-03,Finalizada
OP007165,P0262,41,41,2025-04-25,Finalizada
OP007166,P0062,17,17,2026-02-02,Finalizada
OP007167,P0050,45,45,2024-08-24,Finalizada
OP007168,P0240,15,15,2024-10-15,Finalizada
OP007169,P0035,25,25,2026-04-23,Finalizada
OP007170,P0338,19,19,2025-08-04,Finalizada
OP007171,P0069,20,20,2024-11-05,Finalizada
OP007172,P0065,45,45,2025-06-14,Finalizada
OP007173,P0466,12,12,2025-11-03,Finalizada
OP007174,P0214,52,52,2024-11-28,Finalizada
OP007175,P0266,48,48,2026-04-27,Finalizada
OP007176,P0308,13,13,2025-01-05,Finalizada
OP007177,P0004,12,12,2024-07-02,Finalizada
OP007178,P0496,28,28,2025-12-30,Finalizada
OP007179,P0440,49,49,2024-05-27,Finalizada
OP007180,P0401,47,47,2025-05-20,Finalizada
OP007181,P0333,33,33,2026-03-13,Finalizada
OP007182,P0240,38,38,2026-02-14,Finalizada
OP007183,P0216,28,28,2025-05-01,Finalizada
OP007184,P0430,8,8,2025-07-10,Finalizada
OP007185,P0466,28,28,2025-07-24,Finalizada
OP007186,P0366,7,7,2025-11-10,Finalizada
OP007187,P0066,17,17,2025-11-10,Finalizada
OP007188,P0433,4,4,2024-10-29,Finalizada
OP007189,P0411,20,20,2024-07-16,Finalizada
OP007190,P0317,31,31,2025-10-22,Finalizada
OP007191,P0082,31,31,2025-06-27,Finalizada
OP007192,P0099,44,44,2025-12-24,Finalizada
OP007193,P0372,20,20,2024-04-01,Finalizada
OP007194,P0186,46,46,2024-05-16,Finalizada
OP007195,P0008,27,27,2025-06-09,Finalizada
OP007196,P0122,52,52,2025-01-29,Finalizada
OP007197,P0497,47,47,2025-07-16,Finalizada
OP007198,P0303,13,13,2025-02-10,Finalizada
OP007199,P0475,44,44,2025-11-17,Finalizada
OP007200,P0185,35,35,2025-11-25,Finalizada
OP007201,P0319,1,1,2026-02-09,Finalizada
OP007202,P0012,27,27,2025-03-17,Finalizada
OP007203,P0357,44,44,2024-02-22,Finalizada
OP007204,P0158,51,51,2024-01-18,Finalizada
OP007205,P0039,5,5,2025-09-02,Finalizada
OP007206,P0427,27,27,2025-08-17,Finalizada
OP007207,P0122,6,6,2026-02-26,Finalizada
OP007208,P0284,16,16,2025-10-17,Finalizada
OP007209,P0108,23,23,2024-11-26,Finalizada
OP007210,P0257,23,23,2026-02-06,Finalizada
OP007211,P0495,30,30,2026-05-22,Finalizada
OP007212,P0398,46,46,2026-01-14,Finalizada
OP007213,P0057,30,30,2025-04-29,Finalizada
OP007214,P0133,13,13,2024-08-30,Finalizada
OP007215,P0396,22,22,2025-08-25,Finalizada
OP007216,P0379,46,46,2024-06-18,Finalizada
OP007217,P0485,9,9,2026-04-30,Finalizada
OP007218,P0400,14,14,2025-11-19,Finalizada
OP007219,P0431,23,23,2026-02-09,Finalizada
OP007220,P0037,18,18,2025-06-25,Finalizada
OP007221,P0359,11,11,2024-02-01,Finalizada
OP007222,P0373,50,50,2026-01-11,Finalizada
OP007223,P0262,42,42,2026-04-11,Finalizada
OP007224,P0237,37,37,2024-04-23,Finalizada
OP007225,P0407,41,41,2024-03-21,Finalizada
OP007226,P0172,48,48,2025-09-10,Finalizada
OP007227,P0488,9,9,2026-03-11,Finalizada
OP007228,P0016,35,35,2024-07-11,Finalizada
OP007229,P0177,11,11,2024-02-13,Finalizada
OP007230,P0211,15,15,2025-12-29,Finalizada
OP007231,P0370,8,8,2025-02-05,Finalizada
OP007232,P0067,35,35,2025-01-15,Finalizada
OP007233,P0358,42,42,2025-06-29,Finalizada
OP007234,P0217,14,14,2026-02-25,Finalizada
OP007235,P0241,23,23,2024-11-26,Finalizada
OP007236,P0043,33,33,2025-09-10,Finalizada
OP007237,P0059,38,38,2025-06-12,Finalizada
OP007238,P0130,19,19,2025-12-03,Finalizada
OP007239,P0420,52,52,2025-10-29,Finalizada
OP007240,P0351,38,38,2025-03-01,Finalizada
OP007241,P0460,8,8,2025-11-24,Finalizada
OP007242,P0047,1,1,2024-11-10,Finalizada
OP007243,P0245,20,20,2025-08-07,Finalizada
OP007244,P0230,23,23,2025-12-29,Finalizada
OP007245,P0065,3,3,2025-01-03,Finalizada
OP007246,P0271,20,20,2024-02-21,Finalizada
OP007247,P0140,17,17,2025-12-22,Finalizada
OP007248,P0436,47,47,2024-11-25,Finalizada
OP007249,P0119,26,26,2026-03-02,Finalizada
OP007250,P0497,23,23,2025-03-11,Finalizada
OP007251,P0375,9,9,2025-01-06,Finalizada
OP007252,P0276,51,51,2024-06-18,Finalizada
OP007253,P0238,35,35,2025-08-14,Finalizada
OP007254,P0248,27,27,2025-12-24,Finalizada
OP007255,P0436,45,45,2025-11-19,Finalizada
OP007256,P0332,13,13,2025-07-11,Finalizada
OP007257,P0310,27,27,2025-06-13,Finalizada
OP007258,P0335,3,3,2026-03-27,Finalizada
OP007259,P0023,48,48,2025-12-09,Finalizada
OP007260,P0422,51,51,2024-06-06,Finalizada
OP007261,P0314,37,37,2025-01-24,Finalizada
OP007262,P0256,2,2,2026-04-07,Finalizada
OP007263,P0079,45,45,2025-09-03,Finalizada
OP007264,P0288,26,26,2024-11-27,Finalizada
OP007265,P0166,16,16,2024-08-30,Finalizada
OP007266,P0182,6,6,2025-04-17,Finalizada
OP007267,P0202,29,29,2025-04-14,Finalizada
OP007268,P0195,47,47,2025-09-17,Finalizada
OP007269,P0269,52,52,2025-07-24,Finalizada
OP007270,P0419,9,9,2026-02-28,Finalizada
OP007271,P0496,9,9,2025-04-18,Finalizada
OP007272,P0430,6,6,2025-05-15,Finalizada
OP007273,P0104,6,6,2025-09-13,Finalizada
OP007274,P0231,9,9,2024-06-27,Finalizada
OP007275,P0234,40,40,2025-04-02,Finalizada
OP007276,P0191,46,46,2025-01-01,Finalizada
OP007277,P0120,13,13,2025-07-04,Finalizada
OP007278,P0253,38,38,2024-08-02,Finalizada
OP007279,P0055,33,33,2025-12-24,Finalizada
OP007280,P0124,36,36,2025-06-05,Finalizada
OP007281,P0091,18,18,2025-05-08,Finalizada
OP007282,P0215,46,46,2025-10-22,Finalizada
OP007283,P0341,45,45,2025-09-25,Finalizada
OP007284,P0124,46,46,2025-11-11,Finalizada
OP007285,P0341,46,46,2024-06-11,Finalizada
OP007286,P0016,52,52,2024-09-18,Finalizada
OP007287,P0163,33,33,2024-05-15,Finalizada
OP007288,P0373,51,51,2026-04-29,Finalizada
OP007289,P0418,19,19,2026-04-23,Finalizada
OP007290,P0077,40,40,2025-01-20,Finalizada
OP007291,P0432,18,18,2024-10-25,Finalizada
OP007292,P0399,48,48,2025-05-20,Finalizada
OP007293,P0239,50,50,2025-06-30,Finalizada
OP007294,P0100,4,4,2025-02-11,Finalizada
OP007295,P0297,9,9,2024-05-02,Finalizada
OP007296,P0015,31,31,2026-03-23,Finalizada
OP007297,P0500,34,34,2024-12-17,Finalizada
OP007298,P0232,33,33,2025-01-07,Finalizada
OP007299,P0316,52,52,2025-08-12,Finalizada
OP007300,P0424,3,3,2026-02-05,Finalizada
OP007301,P0141,53,53,2026-01-07,Finalizada
OP007302,P0450,18,18,2025-09-16,Finalizada
OP007303,P0391,14,14,2024-06-07,Finalizada
OP007304,P0367,31,31,2025-11-03,Finalizada
OP007305,P0123,45,45,2025-03-04,Finalizada
OP007306,P0089,6,6,2025-10-22,Finalizada
OP007307,P0148,28,28,2026-02-14,Finalizada
OP007308,P0438,3,3,2026-01-21,Finalizada
OP007309,P0303,51,51,2025-02-24,Finalizada
OP007310,P0180,23,23,2024-10-09,Finalizada
OP007311,P0409,49,49,2026-04-09,Finalizada
OP007312,P0287,15,15,2024-10-16,Finalizada
OP007313,P0362,45,45,2025-09-04,Finalizada
OP007314,P0088,5,5,2024-12-24,Finalizada
OP007315,P0013,22,22,2025-08-19,Finalizada
OP007316,P0063,42,42,2025-03-21,Finalizada
OP007317,P0308,28,28,2026-04-17,Finalizada
OP007318,P0152,44,44,2026-01-26,Finalizada
OP007319,P0320,3,3,2024-07-09,Finalizada
OP007320,P0319,1,1,2024-07-30,Finalizada
OP007321,P0176,18,18,2025-01-24,Finalizada
OP007322,P0202,8,8,2024-12-09,Finalizada
OP007323,P0175,14,14,2025-05-23,Finalizada
OP007324,P0370,23,23,2025-01-17,Finalizada
OP007325,P0140,40,40,2024-09-27,Finalizada
OP007326,P0459,31,31,2025-06-13,Finalizada
OP007327,P0472,14,14,2024-09-03,Finalizada
OP007328,P0013,6,6,2024-10-30,Finalizada
OP007329,P0028,23,23,2026-05-06,Finalizada
OP007330,P0315,11,11,2026-01-08,Finalizada
OP007331,P0399,22,22,2024-09-27,Finalizada
OP007332,P0462,3,3,2025-05-27,Finalizada
OP007333,P0204,39,39,2024-12-19,Finalizada
OP007334,P0051,50,50,2024-12-25,Finalizada
OP007335,P0031,2,2,2025-11-20,Finalizada
OP007336,P0084,34,34,2025-07-02,Finalizada
OP007337,P0263,15,15,2025-11-21,Finalizada
OP007338,P0187,53,53,2025-08-06,Finalizada
OP007339,P0378,42,42,2024-02-07,Finalizada
OP007340,P0031,40,40,2025-10-01,Finalizada
OP007341,P0147,42,42,2025-04-03,Finalizada
OP007342,P0113,51,51,2024-11-11,Finalizada
OP007343,P0282,4,4,2024-06-29,Finalizada
OP007344,P0353,26,26,2024-10-03,Finalizada
OP007345,P0446,38,38,2025-02-03,Finalizada
OP007346,P0114,23,23,2024-02-07,Finalizada
OP007347,P0024,13,13,2025-07-14,Finalizada
OP007348,P0185,31,31,2026-02-13,Finalizada
OP007349,P0065,30,30,2024-09-06,Finalizada
OP007350,P0385,44,44,2024-01-02,Finalizada
OP007351,P0237,12,12,2024-06-07,Finalizada
OP007352,P0408,3,3,2025-12-25,Finalizada
OP007353,P0404,38,38,2025-01-30,Finalizada
OP007354,P0212,23,23,2026-03-13,Finalizada
OP007355,P0020,16,16,2026-02-04,Finalizada
OP007356,P0144,16,16,2024-01-11,Finalizada
OP007357,P0215,31,31,2025-07-16,Finalizada
OP007358,P0397,37,37,2026-05-07,Finalizada
OP007359,P0461,49,49,2024-04-23,Finalizada
OP007360,P0078,14,14,2025-06-05,Finalizada
OP007361,P0083,8,8,2025-12-02,Finalizada
OP007362,P0299,51,51,2025-06-10,Finalizada
OP007363,P0202,27,27,2025-02-05,Finalizada
OP007364,P0046,6,6,2024-11-14,Finalizada
OP007365,P0085,35,35,2025-03-07,Finalizada
OP007366,P0285,23,23,2025-09-10,Finalizada
OP007367,P0309,29,29,2024-09-06,Finalizada
OP007368,P0403,35,35,2024-11-28,Finalizada
OP007369,P0258,47,47,2024-11-04,Finalizada
OP007370,P0262,4,4,2024-11-24,Finalizada
OP007371,P0018,12,12,2025-10-29,Finalizada
OP007372,P0486,29,29,2025-03-27,Finalizada
OP007373,P0243,6,6,2025-03-20,Finalizada
OP007374,P0257,22,22,2024-09-28,Finalizada
OP007375,P0371,53,53,2026-02-07,Finalizada
OP007376,P0306,40,40,2025-06-10,Finalizada
OP007377,P0062,36,36,2025-02-18,Finalizada
OP007378,P0171,47,47,2026-01-02,Finalizada
OP007379,P0472,23,23,2025-02-14,Finalizada
OP007380,P0375,17,17,2024-10-23,Finalizada
OP007381,P0388,19,19,2025-09-17,Finalizada
OP007382,P0354,48,48,2025-09-03,Finalizada
OP007383,P0270,42,42,2026-05-14,Finalizada
OP007384,P0435,19,19,2024-03-18,Finalizada
OP007385,P0437,42,42,2026-03-19,Finalizada
OP007386,P0111,38,38,2025-08-12,Finalizada
OP007387,P0084,7,7,2026-05-12,Finalizada
OP007388,P0271,45,45,2026-01-16,Finalizada
OP007389,P0492,30,30,2026-05-01,Finalizada
OP007390,P0218,14,14,2026-02-04,Finalizada
OP007391,P0437,40,40,2025-08-26,Finalizada
OP007392,P0210,19,19,2024-02-05,Finalizada
OP007393,P0194,29,29,2026-01-21,Finalizada
OP007394,P0156,14,14,2024-02-23,Finalizada
OP007395,P0014,27,27,2025-09-30,Finalizada
OP007396,P0269,24,24,2024-02-20,Finalizada
OP007397,P0207,46,46,2024-12-30,Finalizada
OP007398,P0287,18,18,2025-01-15,Finalizada
OP007399,P0380,3,3,2025-09-30,Finalizada
OP007400,P0445,35,35,2026-04-01,Finalizada
OP007401,P0423,14,14,2025-05-20,Finalizada
OP007402,P0476,11,11,2024-06-26,Finalizada
OP007403,P0164,37,37,2026-01-25,Finalizada
OP007404,P0042,4,4,2024-09-11,Finalizada
OP007405,P0327,5,5,2025-11-14,Finalizada
OP007406,P0179,18,18,2025-12-12,Finalizada
OP007407,P0406,25,25,2026-05-15,Finalizada
OP007408,P0049,19,19,2024-11-14,Finalizada
OP007409,P0236,48,48,2024-11-22,Finalizada
OP007410,P0114,8,8,2026-03-30,Finalizada
OP007411,P0182,23,23,2026-03-13,Finalizada
OP007412,P0002,2,2,2025-04-18,Finalizada
OP007413,P0266,40,40,2024-11-19,Finalizada
OP007414,P0213,19,19,2025-12-17,Finalizada
OP007415,P0112,3,3,2025-01-02,Finalizada
OP007416,P0001,7,7,2024-08-03,Finalizada
OP007417,P0121,8,8,2024-09-11,Finalizada
OP007418,P0340,31,31,2026-01-01,Finalizada
OP007419,P0409,33,33,2025-09-29,Finalizada
OP007420,P0166,22,22,2024-12-13,Finalizada
OP007421,P0370,48,48,2025-05-30,Finalizada
OP007422,P0454,37,37,2025-02-14,Finalizada
OP007423,P0334,33,33,2024-05-20,Finalizada
OP007424,P0407,47,47,2025-11-21,Finalizada
OP007425,P0014,48,48,2025-03-24,Finalizada
OP007426,P0303,52,52,2024-11-18,Finalizada
OP007427,P0316,11,11,2024-05-19,Finalizada
OP007428,P0388,37,37,2024-12-18,Finalizada
OP007429,P0397,28,28,2025-12-02,Finalizada
OP007430,P0127,13,13,2026-03-16,Finalizada
OP007431,P0067,20,20,2024-12-09,Finalizada
OP007432,P0373,20,20,2024-04-01,Finalizada
OP007433,P0145,13,13,2025-02-10,Finalizada
OP007434,P0190,4,4,2024-12-12,Finalizada
OP007435,P0063,19,19,2024-10-25,Finalizada
OP007436,P0466,42,42,2025-01-14,Finalizada
OP007437,P0284,42,42,2025-03-27,Finalizada
OP007438,P0110,6,6,2026-03-18,Finalizada
OP007439,P0405,24,24,2024-12-05,Finalizada
OP007440,P0442,28,28,2025-12-15,Finalizada
OP007441,P0170,22,22,2025-11-13,Finalizada
OP007442,P0484,31,31,2025-04-28,Finalizada
OP007443,P0109,17,17,2025-04-18,Finalizada
OP007444,P0246,40,40,2024-08-14,Finalizada
OP007445,P0235,48,48,2026-04-29,Finalizada
OP007446,P0221,34,34,2024-07-27,Finalizada
OP007447,P0441,26,26,2025-10-16,Finalizada
OP007448,P0225,29,29,2025-12-10,Finalizada
OP007449,P0450,30,30,2026-04-23,Finalizada
OP007450,P0050,38,38,2026-03-16,Finalizada
OP007451,P0197,44,44,2025-03-04,Finalizada
OP007452,P0127,17,17,2026-03-26,Finalizada
OP007453,P0419,20,20,2025-12-31,Finalizada
OP007454,P0025,22,22,2025-11-14,Finalizada
OP007455,P0388,28,28,2025-02-21,Finalizada
OP007456,P0439,48,48,2026-04-20,Finalizada
OP007457,P0219,18,18,2025-07-17,Finalizada
OP007458,P0247,46,46,2026-02-11,Finalizada
OP007459,P0161,47,47,2026-02-10,Finalizada
OP007460,P0333,42,42,2025-12-11,Finalizada
OP007461,P0068,23,23,2025-11-26,Finalizada
OP007462,P0109,41,41,2024-12-31,Finalizada
OP007463,P0017,7,7,2025-11-04,Finalizada
OP007464,P0251,50,50,2024-03-24,Finalizada
OP007465,P0169,49,49,2025-02-12,Finalizada
OP007466,P0446,30,30,2024-11-20,Finalizada
OP007467,P0090,45,45,2025-11-27,Finalizada
OP007468,P0264,47,47,2026-03-05,Finalizada
OP007469,P0324,2,2,2025-02-26,Finalizada
OP007470,P0232,47,47,2025-04-23,Finalizada
OP007471,P0353,44,44,2026-02-10,Finalizada
OP007472,P0100,41,41,2024-02-01,Finalizada
OP007473,P0339,11,11,2026-02-24,Finalizada
OP007474,P0295,18,18,2024-11-28,Finalizada
OP007475,P0220,46,46,2026-02-19,Finalizada
OP007476,P0162,2,2,2024-09-04,Finalizada
OP007477,P0265,51,51,2024-12-17,Finalizada
OP007478,P0349,26,26,2025-03-05,Finalizada
OP007479,P0206,2,2,2024-10-15,Finalizada
OP007480,P0357,45,45,2026-02-06,Finalizada
OP007481,P0026,17,17,2025-12-04,Finalizada
OP007482,P0216,6,6,2026-03-10,Finalizada
OP007483,P0214,1,1,2025-05-07,Finalizada
OP007484,P0172,38,38,2025-07-15,Finalizada
OP007485,P0324,31,31,2025-05-19,Finalizada
OP007486,P0358,42,42,2024-09-18,Finalizada
OP007487,P0203,8,8,2026-05-22,Finalizada
OP007488,P0427,44,44,2024-12-20,Finalizada
OP007489,P0413,12,12,2025-06-12,Finalizada
OP007490,P0481,25,25,2025-04-14,Finalizada
OP007491,P0463,11,11,2025-02-26,Finalizada
OP007492,P0447,40,40,2025-07-03,Finalizada
OP007493,P0160,26,26,2026-01-28,Finalizada
OP007494,P0016,17,17,2026-05-12,Finalizada
OP007495,P0312,40,40,2024-09-09,Finalizada
OP007496,P0023,35,35,2024-04-11,Finalizada
OP007497,P0222,28,28,2024-01-27,Finalizada
OP007498,P0428,41,41,2025-11-19,Finalizada
OP007499,P0244,6,6,2026-01-14,Finalizada
OP007500,P0350,36,36,2026-04-27,Finalizada
OP007501,P0488,30,30,2026-04-28,Finalizada
OP007502,P0415,31,31,2025-06-30,Finalizada
OP007503,P0166,18,18,2025-12-24,Finalizada
OP007504,P0182,4,4,2026-02-06,Finalizada
OP007505,P0245,29,29,2026-01-29,Finalizada
OP007506,P0193,41,41,2024-04-09,Finalizada
OP007507,P0484,53,53,2025-06-19,Finalizada
OP007508,P0234,38,38,2025-09-24,Finalizada
OP007509,P0427,24,24,2024-06-05,Finalizada
OP007510,P0153,4,4,2026-03-06,Finalizada
OP007511,P0462,49,49,2025-01-20,Finalizada
OP007512,P0010,28,28,2026-01-25,Finalizada
OP007513,P0209,4,4,2025-07-18,Finalizada
OP007514,P0256,23,23,2026-04-22,Finalizada
OP007515,P0349,2,2,2025-04-23,Finalizada
OP007516,P0274,4,4,2025-08-19,Finalizada
OP007517,P0118,13,13,2025-11-26,Finalizada
OP007518,P0177,49,49,2026-03-18,Finalizada
OP007519,P0145,47,47,2026-02-02,Finalizada
OP007520,P0318,29,29,2025-01-16,Finalizada
OP007521,P0395,1,1,2026-04-29,Finalizada
OP007522,P0402,31,31,2025-11-27,Finalizada
OP007523,P0170,12,12,2025-10-23,Finalizada
OP007524,P0039,46,46,2025-02-04,Finalizada
OP007525,P0355,47,47,2025-08-05,Finalizada
OP007526,P0437,39,39,2025-12-25,Finalizada
OP007527,P0315,22,22,2026-01-02,Finalizada
OP007528,P0285,51,51,2026-02-19,Finalizada
OP007529,P0305,37,37,2025-05-07,Finalizada
OP007530,P0246,23,23,2025-08-01,Finalizada
OP007531,P0065,51,51,2025-12-19,Finalizada
OP007532,P0247,51,51,2025-06-16,Finalizada
OP007533,P0189,19,19,2024-06-06,Finalizada
OP007534,P0181,28,28,2025-11-24,Finalizada
OP007535,P0298,14,14,2026-04-10,Finalizada
OP007536,P0176,18,18,2024-11-11,Finalizada
OP007537,P0370,22,22,2025-03-09,Finalizada
OP007538,P0408,45,45,2025-10-01,Finalizada
OP007539,P0052,49,49,2025-12-11,Finalizada
OP007540,P0472,15,15,2026-01-07,Finalizada
OP007541,P0266,40,40,2026-03-03,Finalizada
OP007542,P0346,41,41,2024-03-25,Finalizada
OP007543,P0347,19,19,2026-02-17,Finalizada
OP007544,P0023,23,23,2025-07-08,Finalizada
OP007545,P0318,40,40,2025-11-14,Finalizada
OP007546,P0270,30,30,2024-10-16,Finalizada
OP007547,P0071,48,48,2025-11-04,Finalizada
OP007548,P0466,26,26,2024-11-21,Finalizada
OP007549,P0209,13,13,2025-04-18,Finalizada
OP007550,P0465,39,39,2026-05-08,Finalizada
OP007551,P0376,33,33,2025-04-17,Finalizada
OP007552,P0448,34,34,2026-01-07,Finalizada
OP007553,P0438,22,22,2024-03-14,Finalizada
OP007554,P0018,23,23,2025-06-09,Finalizada
OP007555,P0042,35,35,2024-05-19,Finalizada
OP007556,P0182,5,5,2025-12-20,Finalizada
OP007557,P0191,17,17,2025-09-26,Finalizada
OP007558,P0233,28,28,2024-09-11,Finalizada
OP007559,P0459,46,46,2025-05-13,Finalizada
OP007560,P0400,16,16,2026-01-09,Finalizada
OP007561,P0011,46,46,2025-08-07,Finalizada
OP007562,P0356,48,48,2026-03-04,Finalizada
OP007563,P0444,50,50,2026-04-21,Finalizada
OP007564,P0414,41,41,2025-12-05,Finalizada
OP007565,P0275,40,40,2024-09-26,Finalizada
OP007566,P0483,15,15,2024-03-13,Finalizada
OP007567,P0260,11,11,2025-07-04,Finalizada
OP007568,P0433,18,18,2026-05-18,Finalizada
OP007569,P0048,14,14,2024-06-20,Finalizada
OP007570,P0058,33,33,2026-02-23,Finalizada
OP007571,P0249,16,16,2024-07-01,Finalizada
OP007572,P0453,40,40,2024-02-05,Finalizada
OP007573,P0479,23,23,2025-11-07,Finalizada
OP007574,P0017,36,36,2024-01-26,Finalizada
OP007575,P0362,11,11,2025-08-01,Finalizada
OP007576,P0355,11,11,2024-02-01,Finalizada
OP007577,P0409,27,27,2025-11-19,Finalizada
OP007578,P0121,35,35,2024-02-16,Finalizada
OP007579,P0219,39,39,2025-07-17,Finalizada
OP007580,P0220,49,49,2026-01-23,Finalizada
OP007581,P0031,31,31,2025-12-22,Finalizada
OP007582,P0051,35,35,2024-06-25,Finalizada
OP007583,P0266,4,4,2025-03-06,Finalizada
OP007584,P0280,7,7,2025-09-01,Finalizada
OP007585,P0207,25,25,2024-02-16,Finalizada
OP007586,P0429,7,7,2024-03-22,Finalizada
OP007587,P0077,26,26,2024-03-30,Finalizada
OP007588,P0216,46,46,2025-10-17,Finalizada
OP007589,P0050,6,6,2024-05-17,Finalizada
OP007590,P0466,38,38,2025-09-08,Finalizada
OP007591,P0358,13,13,2026-02-02,Finalizada
OP007592,P0224,25,25,2024-06-04,Finalizada
OP007593,P0063,24,24,2025-11-28,Finalizada
OP007594,P0215,30,30,2026-02-19,Finalizada
OP007595,P0246,14,14,2025-11-14,Finalizada
OP007596,P0349,39,39,2025-07-04,Finalizada
OP007597,P0077,28,28,2025-09-11,Finalizada
OP007598,P0127,25,25,2024-10-02,Finalizada
OP007599,P0357,36,36,2026-02-27,Finalizada
OP007600,P0203,31,31,2025-12-30,Finalizada
OP007601,P0287,19,19,2026-04-29,Finalizada
OP007602,P0104,42,42,2024-01-29,Finalizada
OP007603,P0349,19,19,2025-12-02,Finalizada
OP007604,P0030,36,36,2024-12-23,Finalizada
OP007605,P0218,16,16,2025-02-12,Finalizada
OP007606,P0161,33,33,2025-12-01,Finalizada
OP007607,P0203,46,46,2024-01-10,Finalizada
OP007608,P0302,26,26,2025-12-29,Finalizada
OP007609,P0359,30,30,2026-04-08,Finalizada
OP007610,P0212,37,37,2026-03-03,Finalizada
OP007611,P0268,26,26,2024-08-02,Finalizada
OP007612,P0388,8,8,2026-04-02,Finalizada
OP007613,P0176,52,52,2024-11-26,Finalizada
OP007614,P0216,4,4,2025-04-14,Finalizada
OP007615,P0102,47,47,2025-08-30,Finalizada
OP007616,P0055,51,51,2026-05-20,Finalizada
OP007617,P0136,40,40,2025-02-06,Finalizada
OP007618,P0438,50,50,2025-11-20,Finalizada
OP007619,P0420,38,38,2024-02-28,Finalizada
OP007620,P0220,25,25,2024-12-25,Finalizada
OP007621,P0136,52,52,2026-02-11,Finalizada
OP007622,P0296,47,47,2025-01-29,Finalizada
OP007623,P0230,16,16,2026-05-03,Finalizada
OP007624,P0192,5,5,2024-12-09,Finalizada
OP007625,P0499,52,52,2025-11-26,Finalizada
OP007626,P0015,44,44,2024-07-17,Finalizada
OP007627,P0191,12,12,2024-01-30,Finalizada
OP007628,P0394,14,14,2025-10-07,Finalizada
OP007629,P0078,1,1,2025-12-24,Finalizada
OP007630,P0096,41,41,2026-01-23,Finalizada
OP007631,P0350,49,49,2024-12-13,Finalizada
OP007632,P0118,24,24,2025-02-25,Finalizada
OP007633,P0421,6,6,2025-11-04,Finalizada
OP007634,P0360,51,51,2025-05-12,Finalizada
OP007635,P0464,1,1,2024-06-26,Finalizada
OP007636,P0182,22,22,2026-02-20,Finalizada
OP007637,P0218,33,33,2025-03-13,Finalizada
OP007638,P0257,52,52,2026-04-09,Finalizada
OP007639,P0353,8,8,2025-12-30,Finalizada
OP007640,P0130,9,9,2024-12-18,Finalizada
OP007641,P0085,52,52,2025-04-24,Finalizada
OP007642,P0049,15,15,2025-01-17,Finalizada
OP007643,P0304,49,49,2025-02-21,Finalizada
OP007644,P0277,4,4,2024-05-23,Finalizada
OP007645,P0105,35,35,2025-11-15,Finalizada
OP007646,P0106,31,31,2026-04-27,Finalizada
OP007647,P0038,4,4,2026-04-09,Finalizada
OP007648,P0417,35,35,2024-10-15,Finalizada
OP007649,P0024,11,11,2024-07-26,Finalizada
OP007650,P0273,36,36,2025-04-01,Finalizada
OP007651,P0136,26,26,2025-02-17,Finalizada
OP007652,P0141,15,15,2024-10-08,Finalizada
OP007653,P0210,46,46,2026-01-05,Finalizada
OP007654,P0433,38,38,2026-05-15,Finalizada
OP007655,P0343,23,23,2025-12-26,Finalizada
OP007656,P0491,45,45,2025-11-10,Finalizada
OP007657,P0500,42,42,2025-01-29,Finalizada
OP007658,P0446,15,15,2025-05-12,Finalizada
OP007659,P0417,37,37,2024-04-05,Finalizada
OP007660,P0440,13,13,2025-02-12,Finalizada
OP007661,P0393,16,16,2025-09-04,Finalizada
OP007662,P0071,28,28,2024-09-30,Finalizada
OP007663,P0249,53,53,2024-08-02,Finalizada
OP007664,P0040,9,9,2026-03-08,Finalizada
OP007665,P0299,23,23,2025-12-05,Finalizada
OP007666,P0189,40,40,2025-06-20,Finalizada
OP007667,P0420,13,13,2025-05-28,Finalizada
OP007668,P0044,52,52,2024-06-06,Finalizada
OP007669,P0047,27,27,2024-07-01,Finalizada
OP007670,P0498,51,51,2025-04-04,Finalizada
OP007671,P0011,1,1,2024-06-02,Finalizada
OP007672,P0259,48,48,2025-11-13,Finalizada
OP007673,P0321,19,19,2025-04-07,Finalizada
OP007674,P0495,35,35,2024-05-30,Finalizada
OP007675,P0031,44,44,2025-12-04,Finalizada
OP007676,P0335,9,9,2025-11-05,Finalizada
OP007677,P0006,35,35,2025-11-04,Finalizada
OP007678,P0396,36,36,2025-11-23,Finalizada
OP007679,P0199,24,24,2025-10-17,Finalizada
OP007680,P0263,8,8,2025-09-25,Finalizada
OP007681,P0210,12,12,2025-11-19,Finalizada
OP007682,P0398,42,42,2026-01-26,Finalizada
OP007683,P0137,40,40,2026-02-24,Finalizada
OP007684,P0312,27,27,2026-03-03,Finalizada
OP007685,P0380,34,34,2024-06-11,Finalizada
OP007686,P0159,6,6,2024-03-18,Finalizada
OP007687,P0369,13,13,2024-01-18,Finalizada
OP007688,P0309,46,46,2026-04-21,Finalizada
OP007689,P0043,41,41,2026-05-20,Finalizada
OP007690,P0140,48,48,2025-02-20,Finalizada
OP007691,P0007,31,31,2025-06-13,Finalizada
OP007692,P0182,52,52,2024-04-22,Finalizada
OP007693,P0022,39,39,2025-11-24,Finalizada
OP007694,P0060,44,44,2026-05-19,Finalizada
OP007695,P0022,27,27,2026-05-21,Finalizada
OP007696,P0021,11,11,2025-09-15,Finalizada
OP007697,P0156,30,30,2024-05-28,Finalizada
OP007698,P0114,15,15,2026-03-06,Finalizada
OP007699,P0353,53,53,2026-04-03,Finalizada
OP007700,P0057,42,42,2024-06-11,Finalizada
OP007701,P0385,44,44,2026-01-15,Finalizada
OP007702,P0413,33,33,2025-04-29,Finalizada
OP007703,P0177,23,23,2024-10-11,Finalizada
OP007704,P0471,26,26,2025-04-22,Finalizada
OP007705,P0234,7,7,2026-02-20,Finalizada
OP007706,P0463,3,3,2025-06-16,Finalizada
OP007707,P0010,26,26,2024-12-08,Finalizada
OP007708,P0197,17,17,2024-07-25,Finalizada
OP007709,P0313,23,23,2025-11-17,Finalizada
OP007710,P0011,7,7,2026-03-18,Finalizada
OP007711,P0154,20,20,2025-04-30,Finalizada
OP007712,P0037,27,27,2025-08-12,Finalizada
OP007713,P0002,5,5,2024-05-21,Finalizada
OP007714,P0061,38,38,2025-05-09,Finalizada
OP007715,P0194,31,31,2025-10-09,Finalizada
OP007716,P0283,47,47,2025-01-08,Finalizada
OP007717,P0485,22,22,2025-08-25,Finalizada
OP007718,P0137,7,7,2025-01-20,Finalizada
OP007719,P0446,34,34,2026-05-01,Finalizada
OP007720,P0084,16,16,2026-05-08,Finalizada
OP007721,P0339,42,42,2024-10-28,Finalizada
OP007722,P0114,53,53,2024-12-10,Finalizada
OP007723,P0492,34,34,2024-12-17,Finalizada
OP007724,P0163,13,13,2025-06-06,Finalizada
OP007725,P0257,37,37,2025-06-03,Finalizada
OP007726,P0327,33,33,2025-01-01,Finalizada
OP007727,P0095,46,46,2024-03-15,Finalizada
OP007728,P0351,11,11,2025-02-24,Finalizada
OP007729,P0085,6,6,2025-12-25,Finalizada
OP007730,P0186,47,47,2026-02-25,Finalizada
OP007731,P0118,50,50,2024-06-28,Finalizada
OP007732,P0237,50,50,2024-02-14,Finalizada
OP007733,P0251,51,51,2025-04-18,Finalizada
OP007734,P0014,38,38,2024-04-30,Finalizada
OP007735,P0416,5,5,2025-11-12,Finalizada
OP007736,P0375,26,26,2025-05-08,Finalizada
OP007737,P0028,22,22,2025-07-09,Finalizada
OP007738,P0125,13,13,2025-08-19,Finalizada
OP007739,P0105,18,18,2024-06-19,Finalizada
OP007740,P0198,40,40,2026-01-16,Finalizada
OP007741,P0468,42,42,2026-02-24,Finalizada
OP007742,P0433,45,45,2026-02-23,Finalizada
OP007743,P0467,18,18,2026-05-22,Finalizada
OP007744,P0418,19,19,2025-09-30,Finalizada
OP007745,P0384,30,30,2026-02-14,Finalizada
OP007746,P0067,37,37,2024-01-24,Finalizada
OP007747,P0050,4,4,2025-03-03,Finalizada
OP007748,P0254,14,14,2025-09-10,Finalizada
OP007749,P0025,18,18,2024-12-19,Finalizada
OP007750,P0462,20,20,2026-03-06,Finalizada
OP007751,P0416,38,38,2025-05-05,Finalizada
OP007752,P0282,40,40,2025-09-07,Finalizada
OP007753,P0290,49,49,2026-03-30,Finalizada
OP007754,P0168,24,24,2024-09-09,Finalizada
OP007755,P0160,15,15,2025-03-31,Finalizada
OP007756,P0016,30,30,2025-10-17,Finalizada
OP007757,P0304,50,50,2025-12-15,Finalizada
OP007758,P0342,4,4,2026-05-08,Finalizada
OP007759,P0042,41,41,2026-04-17,Finalizada
OP007760,P0398,15,15,2026-01-27,Finalizada
OP007761,P0258,9,9,2026-02-05,Finalizada
OP007762,P0371,12,12,2025-11-13,Finalizada
OP007763,P0042,29,29,2025-01-03,Finalizada
OP007764,P0323,12,12,2025-04-18,Finalizada
OP007765,P0467,13,13,2024-06-12,Finalizada
OP007766,P0276,28,28,2025-04-04,Finalizada
OP007767,P0467,29,29,2024-03-22,Finalizada
OP007768,P0099,40,40,2024-06-29,Finalizada
OP007769,P0179,1,1,2026-03-24,Finalizada
OP007770,P0490,5,5,2026-04-08,Finalizada
OP007771,P0425,49,49,2025-07-05,Finalizada
OP007772,P0295,29,29,2026-03-21,Finalizada
OP007773,P0096,7,7,2024-09-13,Finalizada
OP007774,P0349,47,47,2026-02-23,Finalizada
OP007775,P0039,49,49,2025-08-29,Finalizada
OP007776,P0447,4,4,2026-04-02,Finalizada
OP007777,P0172,30,30,2024-06-26,Finalizada
OP007778,P0170,12,12,2025-03-18,Finalizada
OP007779,P0478,29,29,2026-04-07,Finalizada
OP007780,P0186,50,50,2025-02-27,Finalizada
OP007781,P0461,6,6,2024-12-28,Finalizada
OP007782,P0355,2,2,2024-07-22,Finalizada
OP007783,P0382,37,37,2026-02-03,Finalizada
OP007784,P0192,6,6,2024-11-11,Finalizada
OP007785,P0238,47,47,2025-11-03,Finalizada
OP007786,P0401,40,40,2025-01-21,Finalizada
OP007787,P0422,46,46,2025-10-29,Finalizada
OP007788,P0330,12,12,2024-07-18,Finalizada
OP007789,P0183,23,23,2025-12-17,Finalizada
OP007790,P0112,1,1,2025-07-07,Finalizada
OP007791,P0045,49,49,2026-03-13,Finalizada
OP007792,P0087,48,48,2025-03-04,Finalizada
OP007793,P0217,16,16,2026-01-06,Finalizada
OP007794,P0062,45,45,2024-04-12,Finalizada
OP007795,P0317,50,50,2024-07-05,Finalizada
OP007796,P0104,17,17,2024-10-02,Finalizada
OP007797,P0267,47,47,2025-08-12,Finalizada
OP007798,P0232,45,45,2025-09-05,Finalizada
OP007799,P0219,47,47,2026-03-18,Finalizada
OP007800,P0437,1,1,2025-02-20,Finalizada
OP007801,P0042,19,19,2025-04-15,Finalizada
OP007802,P0195,38,38,2026-03-02,Finalizada
OP007803,P0043,35,35,2026-05-12,Finalizada
OP007804,P0428,39,39,2024-10-24,Finalizada
OP007805,P0408,53,53,2026-03-26,Finalizada
OP007806,P0198,2,2,2025-01-30,Finalizada
OP007807,P0328,26,26,2024-12-11,Finalizada
OP007808,P0333,50,50,2025-08-06,Finalizada
OP007809,P0452,17,17,2025-07-16,Finalizada
OP007810,P0331,35,35,2026-05-12,Finalizada
OP007811,P0450,4,4,2025-07-22,Finalizada
OP007812,P0138,18,18,2025-11-06,Finalizada
OP007813,P0085,6,6,2025-12-16,Finalizada
OP007814,P0367,49,49,2024-03-04,Finalizada
OP007815,P0497,19,19,2025-11-17,Finalizada
OP007816,P0430,39,39,2024-01-25,Finalizada
OP007817,P0015,31,31,2024-12-09,Finalizada
OP007818,P0026,14,14,2025-10-14,Finalizada
OP007819,P0124,31,31,2025-10-17,Finalizada
OP007820,P0415,26,26,2026-03-13,Finalizada
OP007821,P0187,38,38,2025-04-08,Finalizada
OP007822,P0229,24,24,2025-09-08,Finalizada
OP007823,P0269,26,26,2024-11-28,Finalizada
OP007824,P0121,3,3,2026-02-23,Finalizada
OP007825,P0456,45,45,2024-05-08,Finalizada
OP007826,P0091,44,44,2025-07-22,Finalizada
OP007827,P0094,33,33,2024-10-16,Finalizada
OP007828,P0085,41,41,2025-05-30,Finalizada
OP007829,P0252,11,11,2026-02-26,Finalizada
OP007830,P0382,2,2,2025-05-16,Finalizada
OP007831,P0026,16,16,2026-02-13,Finalizada
OP007832,P0022,8,8,2024-12-06,Finalizada
OP007833,P0062,41,41,2026-02-26,Finalizada
OP007834,P0235,26,26,2024-06-03,Finalizada
OP007835,P0309,13,13,2025-12-23,Finalizada
OP007836,P0219,26,26,2025-07-26,Finalizada
OP007837,P0447,39,39,2026-03-24,Finalizada
OP007838,P0345,13,13,2025-07-17,Finalizada
OP007839,P0184,25,25,2025-12-28,Finalizada
OP007840,P0127,3,3,2024-01-29,Finalizada
OP007841,P0198,42,42,2026-02-25,Finalizada
OP007842,P0465,3,3,2025-03-25,Finalizada
OP007843,P0311,25,25,2025-11-19,Finalizada
OP007844,P0231,7,7,2025-05-15,Finalizada
OP007845,P0161,39,39,2024-05-22,Finalizada
OP007846,P0489,30,30,2025-03-05,Finalizada
OP007847,P0085,17,17,2025-09-16,Finalizada
OP007848,P0102,42,42,2025-09-03,Finalizada
OP007849,P0059,4,4,2024-11-15,Finalizada
OP007850,P0383,50,50,2026-01-06,Finalizada
OP007851,P0123,14,14,2025-03-21,Finalizada
OP007852,P0477,6,6,2025-02-27,Finalizada
OP007853,P0421,40,40,2024-12-13,Finalizada
OP007854,P0476,34,34,2026-01-12,Finalizada
OP007855,P0163,19,19,2025-12-23,Finalizada
OP007856,P0119,23,23,2026-01-09,Finalizada
OP007857,P0376,33,33,2025-10-16,Finalizada
OP007858,P0100,36,36,2025-12-06,Finalizada
OP007859,P0353,15,15,2026-04-23,Finalizada
OP007860,P0079,40,40,2024-10-12,Finalizada
OP007861,P0293,35,35,2026-05-12,Finalizada
OP007862,P0456,7,7,2025-11-18,Finalizada
OP007863,P0116,41,41,2026-01-13,Finalizada
OP007864,P0327,52,52,2024-09-16,Finalizada
OP007865,P0225,23,23,2025-10-21,Finalizada
OP007866,P0082,23,23,2025-11-12,Finalizada
OP007867,P0147,31,31,2025-06-09,Finalizada
OP007868,P0204,45,45,2024-05-16,Finalizada
OP007869,P0029,40,40,2024-05-09,Finalizada
OP007870,P0049,52,52,2025-04-09,Finalizada
OP007871,P0230,37,37,2025-10-21,Finalizada
OP007872,P0363,42,42,2025-09-19,Finalizada
OP007873,P0075,38,38,2024-10-04,Finalizada
OP007874,P0189,47,47,2024-03-23,Finalizada
OP007875,P0129,1,1,2025-11-10,Finalizada
OP007876,P0468,27,27,2026-04-25,Finalizada
OP007877,P0024,13,13,2024-02-02,Finalizada
OP007878,P0436,7,7,2025-02-07,Finalizada
OP007879,P0395,28,28,2024-08-19,Finalizada
OP007880,P0407,24,24,2024-04-25,Finalizada
OP007881,P0137,28,28,2025-06-27,Finalizada
OP007882,P0479,27,27,2025-05-05,Finalizada
OP007883,P0262,17,17,2025-06-03,Finalizada
OP007884,P0274,7,7,2024-05-06,Finalizada
OP007885,P0078,14,14,2025-07-10,Finalizada
OP007886,P0322,50,50,2024-02-27,Finalizada
OP007887,P0164,31,31,2025-08-01,Finalizada
OP007888,P0323,35,35,2025-12-15,Finalizada
OP007889,P0411,35,35,2025-10-13,Finalizada
OP007890,P0410,53,53,2025-10-08,Finalizada
OP007891,P0069,49,49,2026-04-06,Finalizada
OP007892,P0006,4,4,2024-11-08,Finalizada
OP007893,P0111,20,20,2025-11-28,Finalizada
OP007894,P0018,7,7,2024-05-17,Finalizada
OP007895,P0499,7,7,2024-11-27,Finalizada
OP007896,P0037,42,42,2025-06-09,Finalizada
OP007897,P0227,48,48,2025-09-19,Finalizada
OP007898,P0101,18,18,2025-09-09,Finalizada
OP007899,P0217,2,2,2025-09-30,Finalizada
OP007900,P0487,31,31,2024-11-24,Finalizada
OP007901,P0034,36,36,2024-01-01,Finalizada
OP007902,P0321,11,11,2024-04-22,Finalizada
OP007903,P0060,39,39,2025-09-26,Finalizada
OP007904,P0411,46,46,2024-11-12,Finalizada
OP007905,P0346,5,5,2024-12-19,Finalizada
OP007906,P0428,42,42,2025-11-07,Finalizada
OP007907,P0256,4,4,2024-04-24,Finalizada
OP007908,P0045,44,44,2026-04-22,Finalizada
OP007909,P0113,23,23,2024-11-08,Finalizada
OP007910,P0351,47,47,2024-07-18,Finalizada
OP007911,P0463,30,30,2025-05-27,Finalizada
OP007912,P0475,38,38,2025-08-11,Finalizada
OP007913,P0040,42,42,2024-02-08,Finalizada
OP007914,P0110,26,26,2025-12-16,Finalizada
OP007915,P0225,12,12,2025-09-12,Finalizada
OP007916,P0401,6,6,2025-05-29,Finalizada
OP007917,P0388,37,37,2024-01-05,Finalizada
OP007918,P0497,45,45,2026-01-15,Finalizada
OP007919,P0151,15,15,2024-11-08,Finalizada
OP007920,P0036,47,47,2026-04-10,Finalizada
OP007921,P0396,18,18,2024-07-25,Finalizada
OP007922,P0092,8,8,2025-05-05,Finalizada
OP007923,P0078,51,51,2024-08-25,Finalizada
OP007924,P0190,20,20,2025-08-19,Finalizada
OP007925,P0422,51,51,2026-04-14,Finalizada
OP007926,P0216,19,19,2026-01-14,Finalizada
OP007927,P0267,49,49,2025-05-02,Finalizada
OP007928,P0324,48,48,2024-08-15,Finalizada
OP007929,P0126,23,23,2025-11-13,Finalizada
OP007930,P0468,37,37,2025-07-09,Finalizada
OP007931,P0362,48,48,2024-12-05,Finalizada
OP007932,P0138,28,28,2025-03-11,Finalizada
OP007933,P0460,41,41,2024-06-11,Finalizada
OP007934,P0018,15,15,2026-03-11,Finalizada
OP007935,P0224,7,7,2026-04-22,Finalizada
OP007936,P0264,2,2,2026-02-13,Finalizada
OP007937,P0380,30,30,2025-12-04,Finalizada
OP007938,P0413,18,18,2024-07-04,Finalizada
OP007939,P0210,16,16,2024-10-10,Finalizada
OP007940,P0048,19,19,2024-12-18,Finalizada
OP007941,P0101,40,40,2024-10-25,Finalizada
OP007942,P0105,48,48,2026-04-30,Finalizada
OP007943,P0342,17,17,2024-04-08,Finalizada
OP007944,P0346,14,14,2024-12-29,Finalizada
OP007945,P0179,23,23,2026-01-05,Finalizada
OP007946,P0206,17,17,2025-07-14,Finalizada
OP007947,P0228,42,42,2026-03-25,Finalizada
OP007948,P0029,11,11,2026-01-12,Finalizada
OP007949,P0264,3,3,2026-05-20,Finalizada
OP007950,P0088,44,44,2025-11-10,Finalizada
OP007951,P0144,7,7,2025-12-29,Finalizada
OP007952,P0298,47,47,2024-05-31,Finalizada
OP007953,P0036,5,5,2026-05-20,Finalizada
OP007954,P0088,38,38,2024-02-06,Finalizada
OP007955,P0358,30,30,2024-06-20,Finalizada
OP007956,P0356,22,22,2025-09-24,Finalizada
OP007957,P0052,47,47,2025-07-10,Finalizada
OP007958,P0262,40,40,2026-03-31,Finalizada
OP007959,P0211,14,14,2025-07-25,Finalizada
OP007960,P0050,14,14,2025-01-06,Finalizada
OP007961,P0140,1,1,2024-12-05,Finalizada
OP007962,P0230,45,45,2025-01-04,Finalizada
OP007963,P0070,36,36,2024-04-19,Finalizada
OP007964,P0072,6,6,2024-07-19,Finalizada
OP007965,P0161,48,48,2025-10-05,Finalizada
OP007966,P0209,42,42,2025-01-29,Finalizada
OP007967,P0171,27,27,2025-02-05,Finalizada
OP007968,P0183,2,2,2026-01-29,Finalizada
OP007969,P0061,22,22,2026-03-23,Finalizada
OP007970,P0180,40,40,2025-08-08,Finalizada
OP007971,P0369,9,9,2024-12-03,Finalizada
OP007972,P0325,42,42,2026-02-03,Finalizada
OP007973,P0116,4,4,2026-01-22,Finalizada
OP007974,P0429,38,38,2025-12-04,Finalizada
OP007975,P0231,23,23,2025-05-20,Finalizada
OP007976,P0034,49,49,2024-04-04,Finalizada
OP007977,P0247,20,20,2026-04-09,Finalizada
OP007978,P0307,30,30,2025-11-27,Finalizada
OP007979,P0184,53,53,2025-10-31,Finalizada
OP007980,P0285,45,45,2024-11-17,Finalizada
OP007981,P0490,20,20,2026-03-17,Finalizada
OP007982,P0498,14,14,2026-01-19,Finalizada
OP007983,P0433,28,28,2024-05-14,Finalizada
OP007984,P0114,35,35,2024-09-11,Finalizada
OP007985,P0216,51,51,2026-02-03,Finalizada
OP007986,P0369,1,1,2026-05-21,Finalizada
OP007987,P0089,17,17,2025-02-03,Finalizada
OP007988,P0027,39,39,2026-03-27,Finalizada
OP007989,P0274,9,9,2025-06-19,Finalizada
OP007990,P0397,27,27,2024-11-27,Finalizada
OP007991,P0021,39,39,2024-11-18,Finalizada
OP007992,P0262,1,1,2025-02-13,Finalizada
OP007993,P0411,13,13,2025-12-08,Finalizada
OP007994,P0444,14,14,2024-06-01,Finalizada
OP007995,P0092,11,11,2025-05-06,Finalizada
OP007996,P0059,8,8,2026-01-17,Finalizada
OP007997,P0093,42,42,2025-04-08,Finalizada
OP007998,P0474,4,4,2025-01-22,Finalizada
OP007999,P0118,35,35,2025-09-30,Finalizada
OP008000,P0018,11,11,2025-01-27,Finalizada
OP008001,P0467,20,20,2025-11-18,Finalizada
OP008002,P0202,4,4,2025-04-15,Finalizada
OP008003,P0165,35,35,2024-04-05,Finalizada
OP008004,P0416,41,41,2026-03-02,Finalizada
OP008005,P0397,34,34,2025-11-22,Finalizada
OP008006,P0497,30,30,2024-03-07,Finalizada
OP008007,P0389,27,27,2025-05-12,Finalizada
OP008008,P0101,47,47,2025-02-28,Finalizada
OP008009,P0480,8,8,2025-06-05,Finalizada
OP008010,P0403,27,27,2025-02-27,Finalizada
OP008011,P0321,8,8,2025-04-16,Finalizada
OP008012,P0059,6,6,2025-12-08,Finalizada
OP008013,P0413,17,17,2026-02-23,Finalizada
OP008014,P0475,35,35,2025-06-12,Finalizada
OP008015,P0191,28,28,2026-01-30,Finalizada
OP008016,P0335,6,6,2025-08-12,Finalizada
OP008017,P0338,18,18,2024-12-03,Finalizada
OP008018,P0191,14,14,2024-03-01,Finalizada
OP008019,P0256,22,22,2025-09-04,Finalizada
OP008020,P0278,3,3,2024-03-20,Finalizada
OP008021,P0129,25,25,2024-04-11,Finalizada
OP008022,P0188,7,7,2024-02-02,Finalizada
OP008023,P0161,38,38,2024-12-10,Finalizada
OP008024,P0324,20,20,2026-02-06,Finalizada
OP008025,P0026,52,52,2024-03-29,Finalizada
OP008026,P0227,29,29,2024-07-05,Finalizada
OP008027,P0255,29,29,2025-11-19,Finalizada
OP008028,P0310,28,28,2025-04-18,Finalizada
OP008029,P0144,14,14,2025-01-31,Finalizada
OP008030,P0094,31,31,2026-05-21,Finalizada
OP008031,P0194,46,46,2026-05-07,Finalizada
OP008032,P0221,35,35,2026-04-30,Finalizada
OP008033,P0042,5,5,2025-09-17,Finalizada
OP008034,P0462,18,18,2026-01-23,Finalizada
OP008035,P0025,36,36,2025-11-01,Finalizada
OP008036,P0074,18,18,2026-05-20,Finalizada
OP008037,P0358,24,24,2025-02-06,Finalizada
OP008038,P0053,2,2,2026-03-30,Finalizada
OP008039,P0298,12,12,2026-05-09,Finalizada
OP008040,P0348,48,48,2024-01-04,Finalizada
OP008041,P0216,26,26,2025-06-27,Finalizada
OP008042,P0010,35,35,2025-05-29,Finalizada
OP008043,P0089,38,38,2025-12-03,Finalizada
OP008044,P0276,42,42,2025-03-19,Finalizada
OP008045,P0058,7,7,2026-01-17,Finalizada
OP008046,P0242,36,36,2025-12-30,Finalizada
OP008047,P0414,24,24,2025-11-05,Finalizada
OP008048,P0063,47,47,2025-01-13,Finalizada
OP008049,P0387,44,44,2024-10-17,Finalizada
OP008050,P0459,3,3,2025-09-30,Finalizada
OP008051,P0293,16,16,2024-06-11,Finalizada
OP008052,P0337,52,52,2024-03-12,Finalizada
OP008053,P0264,51,51,2026-01-23,Finalizada
OP008054,P0163,4,4,2025-12-11,Finalizada
OP008055,P0056,42,42,2024-06-13,Finalizada
OP008056,P0328,46,46,2024-05-29,Finalizada
OP008057,P0275,24,24,2025-12-12,Finalizada
OP008058,P0262,31,31,2024-05-28,Finalizada
OP008059,P0051,7,7,2026-01-15,Finalizada
OP008060,P0004,37,37,2025-03-06,Finalizada
OP008061,P0145,18,18,2024-07-29,Finalizada
OP008062,P0095,38,38,2024-08-14,Finalizada
OP008063,P0449,26,26,2025-07-29,Finalizada
OP008064,P0149,31,31,2026-03-28,Finalizada
OP008065,P0329,46,46,2025-09-16,Finalizada
OP008066,P0005,15,15,2024-11-06,Finalizada
OP008067,P0172,23,23,2025-01-01,Finalizada
OP008068,P0349,29,29,2026-05-05,Finalizada
OP008069,P0461,47,47,2024-10-21,Finalizada
OP008070,P0131,46,46,2025-08-01,Finalizada
OP008071,P0417,14,14,2025-06-08,Finalizada
OP008072,P0108,3,3,2024-01-26,Finalizada
OP008073,P0348,4,4,2025-08-22,Finalizada
OP008074,P0094,6,6,2025-07-11,Finalizada
OP008075,P0272,2,2,2026-01-13,Finalizada
OP008076,P0142,2,2,2025-09-21,Finalizada
OP008077,P0297,31,31,2026-01-16,Finalizada
OP008078,P0312,33,33,2026-04-02,Finalizada
OP008079,P0415,17,17,2024-12-12,Finalizada
OP008080,P0199,50,50,2024-04-16,Finalizada
OP008081,P0207,24,24,2024-02-22,Finalizada
OP008082,P0049,15,15,2025-12-08,Finalizada
OP008083,P0064,47,47,2025-09-22,Finalizada
OP008084,P0154,13,13,2025-04-03,Finalizada
OP008085,P0399,6,6,2025-08-23,Finalizada
OP008086,P0041,11,11,2024-11-01,Finalizada
OP008087,P0135,11,11,2025-10-09,Finalizada
OP008088,P0299,8,8,2025-01-27,Finalizada
OP008089,P0161,30,30,2024-02-05,Finalizada
OP008090,P0024,2,2,2026-03-06,Finalizada
OP008091,P0027,7,7,2025-05-23,Finalizada
OP008092,P0098,51,51,2026-03-06,Finalizada
OP008093,P0330,36,36,2025-12-14,Finalizada
OP008094,P0497,20,20,2025-05-22,Finalizada
OP008095,P0489,18,18,2024-06-19,Finalizada
OP008096,P0136,11,11,2025-11-04,Finalizada
OP008097,P0214,37,37,2024-11-18,Finalizada
OP008098,P0233,17,17,2026-04-06,Finalizada
OP008099,P0035,24,24,2024-03-29,Finalizada
OP008100,P0279,51,51,2024-09-24,Finalizada
OP008101,P0287,44,44,2025-05-29,Finalizada
OP008102,P0447,19,19,2025-04-07,Finalizada
OP008103,P0429,14,14,2025-10-27,Finalizada
OP008104,P0462,27,27,2025-11-17,Finalizada
OP008105,P0021,25,25,2024-07-29,Finalizada
OP008106,P0040,15,15,2025-08-15,Finalizada
OP008107,P0117,11,11,2025-09-09,Finalizada
OP008108,P0235,53,53,2025-11-17,Finalizada
OP008109,P0187,22,22,2026-05-04,Finalizada
OP008110,P0077,5,5,2026-02-25,Finalizada
OP008111,P0328,23,23,2024-10-15,Finalizada
OP008112,P0107,51,51,2026-02-13,Finalizada
OP008113,P0358,16,16,2025-07-30,Finalizada
OP008114,P0284,35,35,2025-10-13,Finalizada
OP008115,P0487,29,29,2024-03-13,Finalizada
OP008116,P0493,36,36,2025-01-20,Finalizada
OP008117,P0443,38,38,2025-03-21,Finalizada
OP008118,P0035,3,3,2025-02-28,Finalizada
OP008119,P0066,33,33,2025-10-06,Finalizada
OP008120,P0196,28,28,2024-09-02,Finalizada
OP008121,P0265,46,46,2025-10-14,Finalizada
OP008122,P0053,26,26,2025-03-28,Finalizada
OP008123,P0043,29,29,2025-11-07,Finalizada
OP008124,P0233,25,25,2025-09-10,Finalizada
OP008125,P0343,35,35,2026-05-20,Finalizada
OP008126,P0315,8,8,2024-02-07,Finalizada
OP008127,P0068,5,5,2024-12-31,Finalizada
OP008128,P0352,41,41,2025-03-25,Finalizada
OP008129,P0124,2,2,2026-05-06,Finalizada
OP008130,P0077,15,15,2025-04-15,Finalizada
OP008131,P0443,41,41,2025-01-05,Finalizada
OP008132,P0099,11,11,2024-01-23,Finalizada
OP008133,P0148,22,22,2026-02-18,Finalizada
OP008134,P0069,27,27,2026-04-17,Finalizada
OP008135,P0320,16,16,2026-02-19,Finalizada
OP008136,P0439,22,22,2026-01-24,Finalizada
OP008137,P0334,7,7,2025-01-20,Finalizada
OP008138,P0364,50,50,2026-04-10,Finalizada
OP008139,P0248,14,14,2025-10-08,Finalizada
OP008140,P0128,20,20,2026-01-12,Finalizada
OP008141,P0460,50,50,2025-05-09,Finalizada
OP008142,P0344,30,30,2024-02-20,Finalizada
OP008143,P0008,16,16,2025-11-24,Finalizada
OP008144,P0035,8,8,2025-09-10,Finalizada
OP008145,P0104,18,18,2026-01-26,Finalizada
OP008146,P0397,29,29,2025-02-12,Finalizada
OP008147,P0471,5,5,2026-01-08,Finalizada
OP008148,P0279,47,47,2025-04-30,Finalizada
OP008149,P0434,48,48,2025-02-27,Finalizada
OP008150,P0359,14,14,2024-03-02,Finalizada
OP008151,P0046,44,44,2024-01-17,Finalizada
OP008152,P0308,1,1,2024-06-13,Finalizada
OP008153,P0368,44,44,2025-11-20,Finalizada
OP008154,P0445,4,4,2025-12-08,Finalizada
OP008155,P0081,29,29,2024-11-13,Finalizada
OP008156,P0200,33,33,2024-11-11,Finalizada
OP008157,P0308,24,24,2026-02-23,Finalizada
OP008158,P0159,28,28,2024-11-22,Finalizada
OP008159,P0163,27,27,2025-08-29,Finalizada
OP008160,P0017,19,19,2026-01-05,Finalizada
OP008161,P0495,27,27,2026-03-04,Finalizada
OP008162,P0319,39,39,2025-03-05,Finalizada
OP008163,P0208,40,40,2026-04-05,Finalizada
OP008164,P0496,37,37,2024-10-23,Finalizada
OP008165,P0275,19,19,2024-03-14,Finalizada
OP008166,P0445,34,34,2024-10-04,Finalizada
OP008167,P0491,46,46,2025-01-13,Finalizada
OP008168,P0140,35,35,2025-06-22,Finalizada
OP008169,P0427,12,12,2024-03-14,Finalizada
OP008170,P0389,20,20,2025-04-10,Finalizada
OP008171,P0101,52,52,2025-09-05,Finalizada
OP008172,P0359,18,18,2025-05-12,Finalizada
OP008173,P0194,15,15,2025-07-25,Finalizada
OP008174,P0144,19,19,2025-07-22,Finalizada
OP008175,P0286,31,31,2026-04-24,Finalizada
OP008176,P0248,52,52,2024-01-12,Finalizada
OP008177,P0292,5,5,2026-05-11,Finalizada
OP008178,P0371,28,28,2025-05-13,Finalizada
OP008179,P0395,3,3,2024-12-14,Finalizada
OP008180,P0079,40,40,2024-05-23,Finalizada
OP008181,P0281,25,25,2024-05-27,Finalizada
OP008182,P0237,7,7,2026-03-13,Finalizada
OP008183,P0496,30,30,2026-05-14,Finalizada
OP008184,P0291,36,36,2025-11-07,Finalizada
OP008185,P0166,41,41,2025-11-20,Finalizada
OP008186,P0009,45,45,2025-12-25,Finalizada
OP008187,P0074,40,40,2026-03-04,Finalizada
OP008188,P0038,6,6,2025-09-17,Finalizada
OP008189,P0161,15,15,2025-02-12,Finalizada
OP008190,P0198,37,37,2026-03-16,Finalizada
OP008191,P0321,7,7,2024-02-06,Finalizada
OP008192,P0123,3,3,2026-04-28,Finalizada
OP008193,P0115,6,6,2026-05-18,Finalizada
OP008194,P0420,31,31,2024-01-23,Finalizada
OP008195,P0089,25,25,2026-03-04,Finalizada
OP008196,P0480,45,45,2026-04-24,Finalizada
OP008197,P0316,6,6,2025-01-09,Finalizada
OP008198,P0234,30,30,2025-06-30,Finalizada
OP008199,P0024,6,6,2025-03-31,Finalizada
OP008200,P0232,18,18,2024-07-23,Finalizada
OP008201,P0087,47,47,2024-07-30,Finalizada
OP008202,P0196,30,30,2026-03-24,Finalizada
OP008203,P0291,48,48,2024-09-09,Finalizada
OP008204,P0135,44,44,2024-06-06,Finalizada
OP008205,P0324,13,13,2024-01-25,Finalizada
OP008206,P0157,20,20,2026-01-16,Finalizada
OP008207,P0025,8,8,2024-03-26,Finalizada
OP008208,P0097,1,1,2024-04-11,Finalizada
OP008209,P0125,47,47,2026-02-23,Finalizada
OP008210,P0267,5,5,2025-09-02,Finalizada
OP008211,P0497,12,12,2025-08-25,Finalizada
OP008212,P0251,4,4,2024-03-26,Finalizada
OP008213,P0374,45,45,2025-09-28,Finalizada
OP008214,P0457,7,7,2026-03-17,Finalizada
OP008215,P0141,19,19,2026-01-08,Finalizada
OP008216,P0295,36,36,2025-06-30,Finalizada
OP008217,P0014,2,2,2026-03-27,Finalizada
OP008218,P0300,33,33,2026-01-29,Finalizada
OP008219,P0453,28,28,2025-09-22,Finalizada
OP008220,P0454,17,17,2025-09-24,Finalizada
OP008221,P0270,16,16,2026-03-15,Finalizada
OP008222,P0430,16,16,2026-01-01,Finalizada
OP008223,P0269,27,27,2025-08-22,Finalizada
OP008224,P0212,46,46,2026-03-31,Finalizada
OP008225,P0357,1,1,2026-03-31,Finalizada
OP008226,P0445,2,2,2024-11-04,Finalizada
OP008227,P0010,31,31,2026-01-01,Finalizada
OP008228,P0284,40,40,2024-01-12,Finalizada
OP008229,P0242,42,42,2026-02-19,Finalizada
OP008230,P0067,11,11,2024-09-07,Finalizada
OP008231,P0486,29,29,2024-01-15,Finalizada
OP008232,P0494,51,51,2025-10-23,Finalizada
OP008233,P0387,48,48,2026-04-26,Finalizada
OP008234,P0213,42,42,2026-01-27,Finalizada
OP008235,P0328,3,3,2026-03-15,Finalizada
OP008236,P0320,42,42,2024-10-16,Finalizada
OP008237,P0470,38,38,2024-12-03,Finalizada
OP008238,P0188,26,26,2025-03-02,Finalizada
OP008239,P0390,25,25,2025-07-24,Finalizada
OP008240,P0248,8,8,2026-03-06,Finalizada
OP008241,P0275,8,8,2024-12-27,Finalizada
OP008242,P0165,29,29,2025-09-23,Finalizada
OP008243,P0078,13,13,2024-05-27,Finalizada
OP008244,P0136,6,6,2024-03-11,Finalizada
OP008245,P0489,35,35,2025-01-17,Finalizada
OP008246,P0397,15,15,2024-09-24,Finalizada
OP008247,P0461,4,4,2025-06-05,Finalizada
OP008248,P0365,28,28,2024-06-25,Finalizada
OP008249,P0062,34,34,2024-09-06,Finalizada
OP008250,P0158,24,24,2025-01-31,Finalizada
OP008251,P0211,8,8,2025-09-05,Finalizada
OP008252,P0203,5,5,2024-08-26,Finalizada
OP008253,P0137,41,41,2024-03-04,Finalizada
OP008254,P0216,19,19,2025-10-17,Finalizada
OP008255,P0021,2,2,2025-08-19,Finalizada
OP008256,P0347,44,44,2025-05-26,Finalizada
OP008257,P0375,26,26,2025-08-15,Finalizada
OP008258,P0092,49,49,2024-02-02,Finalizada
OP008259,P0356,40,40,2024-11-23,Finalizada
OP008260,P0149,22,22,2024-02-26,Finalizada
OP008261,P0281,8,8,2025-12-08,Finalizada
OP008262,P0011,36,36,2026-05-12,Finalizada
OP008263,P0225,4,4,2024-05-06,Finalizada
OP008264,P0050,31,31,2025-03-01,Finalizada
OP008265,P0415,3,3,2025-03-20,Finalizada
OP008266,P0139,45,45,2024-06-18,Finalizada
OP008267,P0089,51,51,2026-01-01,Finalizada
OP008268,P0453,9,9,2025-07-10,Finalizada
OP008269,P0219,3,3,2026-01-29,Finalizada
OP008270,P0103,15,15,2025-01-21,Finalizada
OP008271,P0058,44,44,2024-06-03,Finalizada
OP008272,P0103,48,48,2025-12-16,Finalizada
OP008273,P0222,25,25,2026-02-12,Finalizada
OP008274,P0471,7,7,2026-02-25,Finalizada
OP008275,P0431,1,1,2026-03-23,Finalizada
OP008276,P0484,25,25,2024-12-12,Finalizada
OP008277,P0262,33,33,2024-10-15,Finalizada
OP008278,P0486,45,45,2025-08-20,Finalizada
OP008279,P0462,11,11,2025-06-16,Finalizada
OP008280,P0046,48,48,2025-12-29,Finalizada
OP008281,P0183,12,12,2024-08-27,Finalizada
OP008282,P0371,4,4,2026-01-09,Finalizada
OP008283,P0039,17,17,2025-03-26,Finalizada
OP008284,P0317,19,19,2024-09-02,Finalizada
OP008285,P0037,11,11,2025-12-15,Finalizada
OP008286,P0402,31,31,2026-03-05,Finalizada
OP008287,P0411,4,4,2024-10-06,Finalizada
OP008288,P0017,48,48,2024-09-05,Finalizada
OP008289,P0440,29,29,2025-06-15,Finalizada
OP008290,P0433,16,16,2024-02-13,Finalizada
OP008291,P0292,29,29,2025-04-18,Finalizada
OP008292,P0034,36,36,2025-02-11,Finalizada
OP008293,P0447,48,48,2025-03-22,Finalizada
OP008294,P0284,14,14,2026-05-21,Finalizada
OP008295,P0328,2,2,2025-03-07,Finalizada
OP008296,P0310,37,37,2024-05-31,Finalizada
OP008297,P0421,3,3,2024-12-14,Finalizada
OP008298,P0146,44,44,2025-04-14,Finalizada
OP008299,P0279,44,44,2024-10-22,Finalizada
OP008300,P0377,14,14,2024-07-22,Finalizada
OP008301,P0249,47,47,2025-03-03,Finalizada
OP008302,P0410,8,8,2025-09-30,Finalizada
OP008303,P0010,45,45,2025-05-25,Finalizada
OP008304,P0424,20,20,2025-01-28,Finalizada
OP008305,P0343,46,46,2024-03-30,Finalizada
OP008306,P0266,30,30,2026-03-06,Finalizada
OP008307,P0304,49,49,2024-10-03,Finalizada
OP008308,P0429,41,41,2025-01-27,Finalizada
OP008309,P0426,17,17,2025-05-05,Finalizada
OP008310,P0292,26,26,2024-12-04,Finalizada
OP008311,P0311,38,38,2026-04-20,Finalizada
OP008312,P0350,39,39,2025-07-17,Finalizada
OP008313,P0166,27,27,2025-06-04,Finalizada
OP008314,P0401,14,14,2025-12-24,Finalizada
OP008315,P0047,9,9,2024-06-04,Finalizada
OP008316,P0343,20,20,2024-08-07,Finalizada
OP008317,P0441,14,14,2024-03-28,Finalizada
OP008318,P0295,30,30,2024-09-18,Finalizada
OP008319,P0003,36,36,2026-05-21,Finalizada
OP008320,P0117,13,13,2026-05-22,Finalizada
OP008321,P0025,11,11,2024-05-15,Finalizada
OP008322,P0253,14,14,2024-10-03,Finalizada
OP008323,P0421,18,18,2025-07-23,Finalizada
OP008324,P0483,1,1,2025-08-01,Finalizada
OP008325,P0155,7,7,2025-03-12,Finalizada
OP008326,P0469,25,25,2025-06-19,Finalizada
OP008327,P0220,27,27,2025-08-08,Finalizada
OP008328,P0156,8,8,2025-06-23,Finalizada
OP008329,P0349,2,2,2026-05-20,Finalizada
OP008330,P0488,13,13,2025-06-24,Finalizada
OP008331,P0337,17,17,2025-02-07,Finalizada
OP008332,P0223,47,47,2026-01-28,Finalizada
OP008333,P0122,50,50,2025-12-23,Finalizada
OP008334,P0296,39,39,2025-04-28,Finalizada
OP008335,P0377,44,44,2025-06-23,Finalizada
OP008336,P0415,45,45,2024-07-05,Finalizada
OP008337,P0160,33,33,2026-04-13,Finalizada
OP008338,P0150,7,7,2025-08-22,Finalizada
OP008339,P0495,19,19,2026-04-06,Finalizada
OP008340,P0474,27,27,2024-07-11,Finalizada
OP008341,P0027,50,50,2025-03-25,Finalizada
OP008342,P0112,48,48,2025-02-22,Finalizada
OP008343,P0483,1,1,2025-02-19,Finalizada
OP008344,P0338,41,41,2024-05-07,Finalizada
OP008345,P0093,26,26,2025-06-23,Finalizada
OP008346,P0134,2,2,2025-04-18,Finalizada
OP008347,P0425,48,48,2025-01-22,Finalizada
OP008348,P0329,17,17,2025-12-26,Finalizada
OP008349,P0259,27,27,2025-01-19,Finalizada
OP008350,P0419,23,23,2026-05-04,Finalizada
OP008351,P0008,49,49,2025-10-10,Finalizada
OP008352,P0100,41,41,2026-03-20,Finalizada
OP008353,P0127,53,53,2025-09-22,Finalizada
OP008354,P0192,11,11,2025-11-24,Finalizada
OP008355,P0366,19,19,2025-05-18,Finalizada
OP008356,P0222,35,35,2025-12-29,Finalizada
OP008357,P0191,31,31,2026-03-18,Finalizada
OP008358,P0239,18,18,2026-04-17,Finalizada
OP008359,P0389,52,52,2024-02-07,Finalizada
OP008360,P0282,23,23,2026-04-07,Finalizada
OP008361,P0294,15,15,2025-08-06,Finalizada
OP008362,P0042,53,53,2025-01-14,Finalizada
OP008363,P0364,52,52,2025-08-21,Finalizada
OP008364,P0107,29,29,2026-04-08,Finalizada
OP008365,P0403,44,44,2025-10-22,Finalizada
OP008366,P0250,8,8,2024-08-21,Finalizada
OP008367,P0191,1,1,2026-05-12,Finalizada
OP008368,P0124,53,53,2026-02-02,Finalizada
OP008369,P0447,14,14,2024-11-24,Finalizada
OP008370,P0093,50,50,2024-02-28,Finalizada
OP008371,P0170,51,51,2026-05-17,Finalizada
OP008372,P0164,13,13,2024-06-02,Finalizada
OP008373,P0488,26,26,2026-01-20,Finalizada
OP008374,P0410,51,51,2025-03-13,Finalizada
OP008375,P0306,38,38,2025-10-22,Finalizada
OP008376,P0272,26,26,2024-08-01,Finalizada
OP008377,P0102,17,17,2024-12-25,Finalizada
OP008378,P0331,2,2,2026-01-22,Finalizada
OP008379,P0103,24,24,2025-05-12,Finalizada
OP008380,P0386,4,4,2025-09-09,Finalizada
OP008381,P0223,18,18,2025-09-08,Finalizada
OP008382,P0221,33,33,2025-11-17,Finalizada
OP008383,P0051,49,49,2024-12-03,Finalizada
OP008384,P0330,23,23,2025-04-23,Finalizada
OP008385,P0384,15,15,2026-03-28,Finalizada
OP008386,P0106,39,39,2025-01-21,Finalizada
OP008387,P0063,40,40,2025-05-31,Finalizada
OP008388,P0411,7,7,2024-07-29,Finalizada
OP008389,P0060,30,30,2025-09-15,Finalizada
OP008390,P0123,1,1,2025-01-02,Finalizada
OP008391,P0291,22,22,2026-04-03,Finalizada
OP008392,P0385,19,19,2025-10-14,Finalizada
OP008393,P0218,12,12,2024-12-06,Finalizada
OP008394,P0459,7,7,2026-05-21,Finalizada
OP008395,P0045,9,9,2024-03-11,Finalizada
OP008396,P0404,25,25,2025-12-03,Finalizada
OP008397,P0342,51,51,2025-11-04,Finalizada
OP008398,P0004,7,7,2025-01-15,Finalizada
OP008399,P0445,7,7,2024-11-03,Finalizada
OP008400,P0391,48,48,2025-06-11,Finalizada
OP008401,P0226,15,15,2024-06-05,Finalizada
OP008402,P0051,1,1,2025-04-04,Finalizada
OP008403,P0205,7,7,2025-07-23,Finalizada
OP008404,P0230,20,20,2024-02-27,Finalizada
OP008405,P0148,35,35,2024-01-30,Finalizada
OP008406,P0113,23,23,2025-01-17,Finalizada
OP008407,P0489,27,27,2024-03-22,Finalizada
OP008408,P0399,28,28,2024-06-12,Finalizada
OP008409,P0123,52,52,2024-10-06,Finalizada
OP008410,P0496,18,18,2024-05-24,Finalizada
OP008411,P0329,18,18,2026-02-10,Finalizada
OP008412,P0425,22,22,2025-06-17,Finalizada
OP008413,P0146,28,28,2025-12-08,Finalizada
OP008414,P0106,15,15,2024-03-12,Finalizada
OP008415,P0020,42,42,2025-11-24,Finalizada
OP008416,P0447,25,25,2025-05-12,Finalizada
OP008417,P0466,41,41,2026-02-02,Finalizada
OP008418,P0314,12,12,2025-07-22,Finalizada
OP008419,P0021,25,25,2024-01-01,Finalizada
OP008420,P0218,33,33,2026-02-13,Finalizada
OP008421,P0017,16,16,2025-05-07,Finalizada
OP008422,P0224,14,14,2025-05-30,Finalizada
OP008423,P0296,16,16,2024-04-03,Finalizada
OP008424,P0097,31,31,2026-02-03,Finalizada
OP008425,P0064,34,34,2025-06-19,Finalizada
OP008426,P0118,52,52,2025-10-20,Finalizada
OP008427,P0022,46,46,2025-03-28,Finalizada
OP008428,P0266,50,50,2026-03-09,Finalizada
OP008429,P0271,39,39,2024-05-10,Finalizada
OP008430,P0226,49,49,2024-05-29,Finalizada
OP008431,P0194,7,7,2025-12-11,Finalizada
OP008432,P0084,41,41,2026-02-02,Finalizada
OP008433,P0214,18,18,2024-10-02,Finalizada
OP008434,P0174,47,47,2025-06-09,Finalizada
OP008435,P0211,14,14,2025-10-06,Finalizada
OP008436,P0282,38,38,2025-02-18,Finalizada
OP008437,P0112,24,24,2025-06-04,Finalizada
OP008438,P0449,36,36,2026-01-12,Finalizada
OP008439,P0123,18,18,2025-06-09,Finalizada
OP008440,P0453,27,27,2025-05-30,Finalizada
OP008441,P0133,19,19,2025-11-12,Finalizada
OP008442,P0309,29,29,2024-06-10,Finalizada
OP008443,P0477,11,11,2025-10-15,Finalizada
OP008444,P0129,29,29,2024-12-20,Finalizada
OP008445,P0069,30,30,2025-03-27,Finalizada
OP008446,P0162,46,46,2025-04-21,Finalizada
OP008447,P0108,22,22,2026-03-16,Finalizada
OP008448,P0010,41,41,2025-03-19,Finalizada
OP008449,P0455,25,25,2025-07-31,Finalizada
OP008450,P0441,31,31,2024-03-13,Finalizada
OP008451,P0489,49,49,2026-05-06,Finalizada
OP008452,P0418,18,18,2025-01-08,Finalizada
OP008453,P0021,52,52,2024-05-07,Finalizada
OP008454,P0409,9,9,2025-11-24,Finalizada
OP008455,P0423,49,49,2026-01-30,Finalizada
OP008456,P0249,33,33,2025-12-11,Finalizada
OP008457,P0394,37,37,2026-03-23,Finalizada
OP008458,P0153,20,20,2026-02-09,Finalizada
OP008459,P0245,23,23,2024-08-14,Finalizada
OP008460,P0034,23,23,2024-11-19,Finalizada
OP008461,P0096,28,28,2026-01-10,Finalizada
OP008462,P0216,12,12,2025-01-20,Finalizada
OP008463,P0381,28,28,2025-12-11,Finalizada
OP008464,P0090,50,50,2024-07-19,Finalizada
OP008465,P0391,52,52,2025-12-27,Finalizada
OP008466,P0440,5,5,2026-03-05,Finalizada
OP008467,P0429,50,50,2024-01-19,Finalizada
OP008468,P0066,48,48,2024-12-05,Finalizada
OP008469,P0255,4,4,2024-12-16,Finalizada
OP008470,P0021,30,30,2025-08-04,Finalizada
OP008471,P0156,47,47,2025-11-27,Finalizada
OP008472,P0288,23,23,2025-09-22,Finalizada
OP008473,P0067,14,14,2026-03-02,Finalizada
OP008474,P0444,49,49,2024-12-17,Finalizada
OP008475,P0065,9,9,2024-07-02,Finalizada
OP008476,P0019,17,17,2024-04-01,Finalizada
OP008477,P0166,17,17,2024-05-08,Finalizada
OP008478,P0166,15,15,2026-04-28,Finalizada
OP008479,P0243,25,25,2026-03-26,Finalizada
OP008480,P0103,4,4,2024-04-03,Finalizada
OP008481,P0356,29,29,2026-02-17,Finalizada
OP008482,P0392,5,5,2025-05-28,Finalizada
OP008483,P0197,53,53,2026-02-12,Finalizada
OP008484,P0265,17,17,2025-09-30,Finalizada
OP008485,P0208,53,53,2025-09-29,Finalizada
OP008486,P0101,41,41,2025-01-22,Finalizada
OP008487,P0473,3,3,2024-06-06,Finalizada
OP008488,P0319,17,17,2024-08-03,Finalizada
OP008489,P0264,4,4,2026-03-24,Finalizada
OP008490,P0107,53,53,2025-02-19,Finalizada
OP008491,P0268,13,13,2026-02-06,Finalizada
OP008492,P0244,6,6,2025-01-01,Finalizada
OP008493,P0154,11,11,2024-02-13,Finalizada
OP008494,P0184,22,22,2024-02-27,Finalizada
OP008495,P0052,4,4,2025-05-12,Finalizada
OP008496,P0120,12,12,2024-08-02,Finalizada
OP008497,P0240,11,11,2025-10-08,Finalizada
OP008498,P0342,38,38,2024-03-21,Finalizada
OP008499,P0424,38,38,2025-09-19,Finalizada
OP008500,P0484,23,23,2026-04-20,Finalizada
OP008501,P0484,45,45,2025-01-31,Finalizada
OP008502,P0120,33,33,2024-09-04,Finalizada
OP008503,P0026,2,2,2024-04-10,Finalizada
OP008504,P0352,27,27,2025-02-18,Finalizada
OP008505,P0234,1,1,2026-01-23,Finalizada
OP008506,P0245,14,14,2024-11-25,Finalizada
OP008507,P0463,47,47,2025-11-27,Finalizada
OP008508,P0246,22,22,2025-01-20,Finalizada
OP008509,P0023,22,22,2024-06-26,Finalizada
OP008510,P0331,20,20,2024-07-17,Finalizada
OP008511,P0035,6,6,2025-11-05,Finalizada
OP008512,P0303,46,46,2024-06-21,Finalizada
OP008513,P0458,42,42,2025-06-16,Finalizada
OP008514,P0474,12,12,2026-05-11,Finalizada
OP008515,P0017,4,4,2026-03-16,Finalizada
OP008516,P0283,15,15,2025-10-24,Finalizada
OP008517,P0288,50,50,2025-10-07,Finalizada
OP008518,P0030,6,6,2026-01-01,Finalizada
OP008519,P0143,36,36,2024-01-10,Finalizada
OP008520,P0461,18,18,2024-02-27,Finalizada
OP008521,P0209,48,48,2024-02-22,Finalizada
OP008522,P0211,22,22,2024-10-04,Finalizada
OP008523,P0294,50,50,2024-12-02,Finalizada
OP008524,P0405,20,20,2024-04-09,Finalizada
OP008525,P0131,1,1,2026-03-15,Finalizada
OP008526,P0395,37,37,2025-02-28,Finalizada
OP008527,P0403,38,38,2026-05-15,Finalizada
OP008528,P0397,37,37,2025-02-26,Finalizada
OP008529,P0248,18,18,2026-03-03,Finalizada
OP008530,P0282,11,11,2026-03-11,Finalizada
OP008531,P0235,3,3,2024-02-19,Finalizada
OP008532,P0014,44,44,2024-12-07,Finalizada
OP008533,P0031,18,18,2025-02-18,Finalizada
OP008534,P0111,28,28,2024-05-07,Finalizada
OP008535,P0038,18,18,2026-02-16,Finalizada
OP008536,P0326,27,27,2025-10-06,Finalizada
OP008537,P0027,9,9,2025-08-01,Finalizada
OP008538,P0130,9,9,2026-03-15,Finalizada
OP008539,P0203,4,4,2024-07-08,Finalizada
OP008540,P0437,44,44,2024-05-31,Finalizada
OP008541,P0057,49,49,2024-04-30,Finalizada
OP008542,P0284,33,33,2026-02-12,Finalizada
OP008543,P0092,6,6,2025-04-17,Finalizada
OP008544,P0179,45,45,2025-09-09,Finalizada
OP008545,P0098,30,30,2024-10-22,Finalizada
OP008546,P0398,24,24,2025-07-11,Finalizada
OP008547,P0422,8,8,2024-03-01,Finalizada
OP008548,P0107,15,15,2025-10-09,Finalizada
OP008549,P0123,26,26,2024-10-19,Finalizada
OP008550,P0387,6,6,2024-11-07,Finalizada
OP008551,P0426,44,44,2024-02-19,Finalizada
OP008552,P0394,31,31,2024-08-02,Finalizada
OP008553,P0012,35,35,2025-03-05,Finalizada
OP008554,P0481,12,12,2024-12-03,Finalizada
OP008555,P0395,27,27,2025-02-19,Finalizada
OP008556,P0296,53,53,2025-08-24,Finalizada
OP008557,P0365,40,40,2026-04-01,Finalizada
OP008558,P0356,11,11,2024-06-11,Finalizada
OP008559,P0010,2,2,2024-06-24,Finalizada
OP008560,P0461,11,11,2025-11-26,Finalizada
OP008561,P0126,15,15,2025-04-10,Finalizada
OP008562,P0431,44,44,2026-01-20,Finalizada
OP008563,P0231,9,9,2025-04-22,Finalizada
OP008564,P0264,29,29,2026-01-06,Finalizada
OP008565,P0494,30,30,2025-10-10,Finalizada
OP008566,P0111,2,2,2026-03-31,Finalizada
OP008567,P0411,46,46,2026-02-09,Finalizada
OP008568,P0354,39,39,2025-12-14,Finalizada
OP008569,P0314,47,47,2026-03-16,Finalizada
OP008570,P0046,4,4,2026-04-17,Finalizada
OP008571,P0465,25,25,2025-06-16,Finalizada
OP008572,P0135,1,1,2024-09-30,Finalizada
OP008573,P0454,4,4,2024-10-28,Finalizada
OP008574,P0095,52,52,2025-11-25,Finalizada
OP008575,P0010,36,36,2026-01-12,Finalizada
OP008576,P0387,15,15,2026-03-24,Finalizada
OP008577,P0221,36,36,2025-02-12,Finalizada
OP008578,P0200,28,28,2024-03-01,Finalizada
OP008579,P0127,18,18,2025-07-15,Finalizada
OP008580,P0418,50,50,2026-03-18,Finalizada
OP008581,P0352,30,30,2024-06-21,Finalizada
OP008582,P0246,16,16,2024-02-26,Finalizada
OP008583,P0012,11,11,2024-03-17,Finalizada
OP008584,P0421,6,6,2026-04-20,Finalizada
OP008585,P0083,1,1,2026-05-05,Finalizada
OP008586,P0289,52,52,2025-12-22,Finalizada
OP008587,P0037,8,8,2024-04-26,Finalizada
OP008588,P0470,34,34,2025-12-24,Finalizada
OP008589,P0078,28,28,2025-09-22,Finalizada
OP008590,P0164,14,14,2026-04-27,Finalizada
OP008591,P0258,9,9,2026-04-23,Finalizada
OP008592,P0168,8,8,2026-01-23,Finalizada
OP008593,P0394,31,31,2025-03-10,Finalizada
OP008594,P0378,17,17,2026-03-27,Finalizada
OP008595,P0079,45,45,2025-02-19,Finalizada
OP008596,P0105,16,16,2025-07-23,Finalizada
OP008597,P0408,46,46,2025-10-25,Finalizada
OP008598,P0302,30,30,2024-08-22,Finalizada
OP008599,P0256,30,30,2025-11-10,Finalizada
OP008600,P0328,8,8,2024-10-21,Finalizada
OP008601,P0472,48,48,2025-11-05,Finalizada
OP008602,P0330,12,12,2025-08-18,Finalizada
OP008603,P0004,45,45,2025-09-23,Finalizada
OP008604,P0095,11,11,2025-01-14,Finalizada
OP008605,P0471,24,24,2025-07-11,Finalizada
OP008606,P0057,45,45,2026-02-02,Finalizada
OP008607,P0100,52,52,2025-12-14,Finalizada
OP008608,P0052,39,39,2025-09-10,Finalizada
OP008609,P0439,46,46,2025-08-15,Finalizada
OP008610,P0117,19,19,2024-11-01,Finalizada
OP008611,P0431,53,53,2026-04-03,Finalizada
OP008612,P0371,40,40,2026-05-21,Finalizada
OP008613,P0428,7,7,2026-02-16,Finalizada
OP008614,P0215,46,46,2024-03-22,Finalizada
OP008615,P0272,42,42,2026-01-28,Finalizada
OP008616,P0402,24,24,2026-04-28,Finalizada
OP008617,P0231,26,26,2024-01-05,Finalizada
OP008618,P0411,13,13,2025-02-03,Finalizada
OP008619,P0410,1,1,2025-01-25,Finalizada
OP008620,P0290,53,53,2025-04-09,Finalizada
OP008621,P0445,22,22,2025-05-22,Finalizada
OP008622,P0231,24,24,2024-07-15,Finalizada
OP008623,P0273,34,34,2024-07-01,Finalizada
OP008624,P0216,51,51,2025-08-28,Finalizada
OP008625,P0253,37,37,2025-10-21,Finalizada
OP008626,P0034,49,49,2025-11-18,Finalizada
OP008627,P0072,51,51,2024-06-26,Finalizada
OP008628,P0420,34,34,2024-11-22,Finalizada
OP008629,P0253,44,44,2024-08-05,Finalizada
OP008630,P0462,13,13,2026-01-14,Finalizada
OP008631,P0333,17,17,2024-06-04,Finalizada
OP008632,P0046,5,5,2024-02-14,Finalizada
OP008633,P0039,34,34,2024-09-13,Finalizada
OP008634,P0353,29,29,2024-08-15,Finalizada
OP008635,P0205,35,35,2025-09-10,Finalizada
OP008636,P0053,4,4,2024-11-13,Finalizada
OP008637,P0099,16,16,2025-11-17,Finalizada
OP008638,P0461,20,20,2025-08-26,Finalizada
OP008639,P0399,51,51,2025-05-16,Finalizada
OP008640,P0172,12,12,2025-11-12,Finalizada
OP008641,P0074,11,11,2025-03-31,Finalizada
OP008642,P0413,50,50,2025-07-16,Finalizada
OP008643,P0335,12,12,2025-04-01,Finalizada
OP008644,P0129,50,50,2025-06-19,Finalizada
OP008645,P0477,7,7,2024-11-06,Finalizada
OP008646,P0008,29,29,2024-08-13,Finalizada
OP008647,P0236,25,25,2024-12-09,Finalizada
OP008648,P0353,37,37,2024-01-15,Finalizada
OP008649,P0035,48,48,2024-04-01,Finalizada
OP008650,P0374,49,49,2024-07-25,Finalizada
OP008651,P0145,19,19,2025-05-14,Finalizada
OP008652,P0141,39,39,2025-08-13,Finalizada
OP008653,P0214,47,47,2024-10-11,Finalizada
OP008654,P0189,34,34,2025-09-08,Finalizada
OP008655,P0123,30,30,2025-07-11,Finalizada
OP008656,P0221,19,19,2026-03-31,Finalizada
OP008657,P0077,41,41,2025-09-30,Finalizada
OP008658,P0049,9,9,2024-12-06,Finalizada
OP008659,P0045,50,50,2026-01-26,Finalizada
OP008660,P0464,27,27,2025-10-25,Finalizada
OP008661,P0270,48,48,2025-06-24,Finalizada
OP008662,P0174,44,44,2024-01-22,Finalizada
OP008663,P0484,53,53,2024-01-30,Finalizada
OP008664,P0298,19,19,2025-01-03,Finalizada
OP008665,P0159,1,1,2025-12-08,Finalizada
OP008666,P0349,34,34,2026-05-07,Finalizada
OP008667,P0362,23,23,2025-07-17,Finalizada
OP008668,P0058,5,5,2025-01-16,Finalizada
OP008669,P0055,26,26,2024-07-10,Finalizada
OP008670,P0490,28,28,2025-04-14,Finalizada
OP008671,P0371,26,26,2026-03-12,Finalizada
OP008672,P0440,7,7,2025-02-28,Finalizada
OP008673,P0192,15,15,2024-11-01,Finalizada
OP008674,P0498,38,38,2025-11-03,Finalizada
OP008675,P0353,46,46,2026-01-24,Finalizada
OP008676,P0437,40,40,2025-05-07,Finalizada
OP008677,P0053,1,1,2024-03-01,Finalizada
OP008678,P0228,15,15,2024-10-19,Finalizada
OP008679,P0007,7,7,2025-07-09,Finalizada
OP008680,P0221,34,34,2024-06-26,Finalizada
OP008681,P0317,42,42,2025-12-18,Finalizada
OP008682,P0492,46,46,2025-09-26,Finalizada
OP008683,P0327,18,18,2025-10-27,Finalizada
OP008684,P0081,25,25,2026-04-22,Finalizada
OP008685,P0177,39,39,2025-06-19,Finalizada
OP008686,P0378,14,14,2024-07-03,Finalizada
OP008687,P0307,31,31,2024-04-24,Finalizada
OP008688,P0285,6,6,2024-04-22,Finalizada
OP008689,P0279,45,45,2024-04-03,Finalizada
OP008690,P0145,3,3,2024-12-20,Finalizada
OP008691,P0295,12,12,2024-06-07,Finalizada
OP008692,P0154,20,20,2025-01-09,Finalizada
OP008693,P0479,9,9,2024-04-02,Finalizada
OP008694,P0189,48,48,2024-08-08,Finalizada
OP008695,P0210,36,36,2026-01-15,Finalizada
OP008696,P0320,2,2,2025-10-21,Finalizada
OP008697,P0157,6,6,2025-11-18,Finalizada
OP008698,P0012,27,27,2025-04-12,Finalizada
OP008699,P0112,18,18,2026-05-04,Finalizada
OP008700,P0185,2,2,2025-02-21,Finalizada
OP008701,P0129,38,38,2024-12-04,Finalizada
OP008702,P0264,35,35,2025-04-10,Finalizada
OP008703,P0485,17,17,2024-04-15,Finalizada
OP008704,P0282,16,16,2024-12-28,Finalizada
OP008705,P0472,28,28,2025-09-24,Finalizada
OP008706,P0141,6,6,2024-03-08,Finalizada
OP008707,P0375,8,8,2024-10-10,Finalizada
OP008708,P0319,41,41,2026-01-17,Finalizada
OP008709,P0126,41,41,2026-05-07,Finalizada
OP008710,P0175,51,51,2026-01-15,Finalizada
OP008711,P0357,19,19,2025-12-07,Finalizada
OP008712,P0047,35,35,2024-10-17,Finalizada
OP008713,P0293,18,18,2026-03-24,Finalizada
OP008714,P0040,14,14,2025-09-01,Finalizada
OP008715,P0384,47,47,2024-07-08,Finalizada
OP008716,P0382,49,49,2024-12-13,Finalizada
OP008717,P0324,6,6,2026-01-04,Finalizada
OP008718,P0266,6,6,2024-03-27,Finalizada
OP008719,P0131,12,12,2026-01-22,Finalizada
OP008720,P0413,14,14,2025-01-02,Finalizada
OP008721,P0431,27,27,2026-01-05,Finalizada
OP008722,P0208,25,25,2024-03-01,Finalizada
OP008723,P0386,2,2,2025-06-13,Finalizada
OP008724,P0343,22,22,2025-12-23,Finalizada
OP008725,P0413,19,19,2026-02-11,Finalizada
OP008726,P0348,24,24,2026-02-03,Finalizada
OP008727,P0355,40,40,2025-11-27,Finalizada
OP008728,P0022,33,33,2026-04-03,Finalizada
OP008729,P0321,9,9,2024-02-02,Finalizada
OP008730,P0128,45,45,2025-01-03,Finalizada
OP008731,P0225,25,25,2025-02-13,Finalizada
OP008732,P0092,28,28,2025-08-26,Finalizada
OP008733,P0281,51,51,2024-01-15,Finalizada
OP008734,P0337,4,4,2024-03-08,Finalizada
OP008735,P0474,49,49,2026-01-20,Finalizada
OP008736,P0357,31,31,2025-11-18,Finalizada
OP008737,P0414,19,19,2025-11-21,Finalizada
OP008738,P0043,16,16,2024-06-11,Finalizada
OP008739,P0498,25,25,2026-04-08,Finalizada
OP008740,P0161,4,4,2024-08-14,Finalizada
OP008741,P0135,35,35,2025-04-03,Finalizada
OP008742,P0464,31,31,2025-02-05,Finalizada
OP008743,P0107,34,34,2025-03-21,Finalizada
OP008744,P0399,6,6,2025-04-28,Finalizada
OP008745,P0430,22,22,2026-01-05,Finalizada
OP008746,P0366,53,53,2024-04-08,Finalizada
OP008747,P0500,36,36,2024-07-03,Finalizada
OP008748,P0356,15,15,2024-06-25,Finalizada
OP008749,P0271,40,40,2025-03-13,Finalizada
OP008750,P0121,45,45,2024-12-10,Finalizada
OP008751,P0021,5,5,2025-11-18,Finalizada
OP008752,P0253,38,38,2026-04-20,Finalizada
OP008753,P0395,23,23,2025-11-25,Finalizada
OP008754,P0040,4,4,2025-04-24,Finalizada
OP008755,P0174,17,17,2024-04-25,Finalizada
OP008756,P0054,17,17,2026-02-27,Finalizada
OP008757,P0339,15,15,2025-05-06,Finalizada
OP008758,P0399,40,40,2025-07-21,Finalizada
OP008759,P0074,14,14,2025-05-15,Finalizada
OP008760,P0136,52,52,2026-04-28,Finalizada
OP008761,P0343,29,29,2025-06-04,Finalizada
OP008762,P0311,53,53,2026-03-12,Finalizada
OP008763,P0051,35,35,2025-09-05,Finalizada
OP008764,P0128,14,14,2024-07-16,Finalizada
OP008765,P0103,24,24,2024-05-01,Finalizada
OP008766,P0379,46,46,2026-01-06,Finalizada
OP008767,P0039,4,4,2026-01-04,Finalizada
OP008768,P0364,8,8,2025-09-27,Finalizada
OP008769,P0209,9,9,2026-05-12,Finalizada
OP008770,P0022,41,41,2025-07-02,Finalizada
OP008771,P0171,3,3,2025-12-17,Finalizada
OP008772,P0391,22,22,2025-06-20,Finalizada
OP008773,P0498,14,14,2024-06-12,Finalizada
OP008774,P0280,5,5,2024-01-25,Finalizada
OP008775,P0118,22,22,2024-05-29,Finalizada
OP008776,P0077,16,16,2025-10-26,Finalizada
OP008777,P0204,14,14,2025-05-02,Finalizada
OP008778,P0155,2,2,2025-05-13,Finalizada
OP008779,P0275,19,19,2024-11-01,Finalizada
OP008780,P0437,17,17,2024-08-30,Finalizada
OP008781,P0100,45,45,2024-05-13,Finalizada
OP008782,P0208,4,4,2026-04-28,Finalizada
OP008783,P0146,26,26,2025-02-22,Finalizada
OP008784,P0123,48,48,2024-05-07,Finalizada
OP008785,P0181,3,3,2025-05-08,Finalizada
OP008786,P0130,13,13,2026-05-07,Finalizada
OP008787,P0090,46,46,2026-04-08,Finalizada
OP008788,P0281,5,5,2024-07-31,Finalizada
OP008789,P0076,49,49,2025-11-14,Finalizada
OP008790,P0115,12,12,2025-05-02,Finalizada
OP008791,P0242,20,20,2024-12-12,Finalizada
OP008792,P0349,15,15,2026-04-22,Finalizada
OP008793,P0442,3,3,2026-03-19,Finalizada
OP008794,P0342,53,53,2026-05-21,Finalizada
OP008795,P0466,2,2,2025-02-13,Finalizada
OP008796,P0290,45,45,2025-11-11,Finalizada
OP008797,P0407,17,17,2026-02-05,Finalizada
OP008798,P0425,31,31,2026-03-05,Finalizada
OP008799,P0019,3,3,2025-01-31,Finalizada
OP008800,P0324,52,52,2026-01-22,Finalizada
OP008801,P0459,41,41,2026-02-03,Finalizada
OP008802,P0453,49,49,2026-01-20,Finalizada
OP008803,P0113,38,38,2026-02-06,Finalizada
OP008804,P0053,50,50,2025-12-31,Finalizada
OP008805,P0183,3,3,2025-12-01,Finalizada
OP008806,P0321,46,46,2025-03-04,Finalizada
OP008807,P0297,6,6,2026-05-05,Finalizada
OP008808,P0164,22,22,2024-02-08,Finalizada
OP008809,P0209,22,22,2024-11-22,Finalizada
OP008810,P0393,14,14,2025-11-21,Finalizada
OP008811,P0378,37,37,2024-10-04,Finalizada
OP008812,P0333,42,42,2025-11-27,Finalizada
OP008813,P0365,51,51,2026-04-29,Finalizada
OP008814,P0179,3,3,2024-03-26,Finalizada
OP008815,P0365,1,1,2025-09-10,Finalizada
OP008816,P0383,23,23,2026-04-06,Finalizada
OP008817,P0432,36,36,2026-02-25,Finalizada
OP008818,P0221,5,5,2024-04-24,Finalizada
OP008819,P0308,20,20,2026-04-06,Finalizada
OP008820,P0203,19,19,2026-02-09,Finalizada
OP008821,P0212,40,40,2025-01-08,Finalizada
OP008822,P0410,47,47,2025-11-07,Finalizada
OP008823,P0009,51,51,2025-01-12,Finalizada
OP008824,P0061,5,5,2024-02-16,Finalizada
OP008825,P0438,14,14,2026-02-02,Finalizada
OP008826,P0027,36,36,2025-05-18,Finalizada
OP008827,P0147,31,31,2024-06-28,Finalizada
OP008828,P0146,17,17,2024-09-12,Finalizada
OP008829,P0227,53,53,2026-01-08,Finalizada
OP008830,P0186,51,51,2026-04-23,Finalizada
OP008831,P0202,24,24,2024-10-04,Finalizada
OP008832,P0172,9,9,2024-09-20,Finalizada
OP008833,P0122,17,17,2024-06-05,Finalizada
OP008834,P0120,41,41,2025-09-23,Finalizada
OP008835,P0388,24,24,2025-03-20,Finalizada
OP008836,P0283,16,16,2026-02-18,Finalizada
OP008837,P0292,5,5,2025-02-27,Finalizada
OP008838,P0053,15,15,2024-11-14,Finalizada
OP008839,P0195,36,36,2024-12-02,Finalizada
OP008840,P0078,16,16,2025-05-12,Finalizada
OP008841,P0065,39,39,2025-08-29,Finalizada
OP008842,P0023,15,15,2025-03-07,Finalizada
OP008843,P0213,51,51,2026-01-07,Finalizada
OP008844,P0262,20,20,2024-11-11,Finalizada
OP008845,P0387,35,35,2024-02-13,Finalizada
OP008846,P0168,28,28,2025-01-16,Finalizada
OP008847,P0361,23,23,2026-04-01,Finalizada
OP008848,P0459,31,31,2026-02-20,Finalizada
OP008849,P0469,2,2,2026-01-15,Finalizada
OP008850,P0335,46,46,2026-02-15,Finalizada
OP008851,P0269,53,53,2024-02-24,Finalizada
OP008852,P0033,8,8,2025-02-20,Finalizada
OP008853,P0129,1,1,2025-08-05,Finalizada
OP008854,P0495,35,35,2025-10-13,Finalizada
OP008855,P0390,51,51,2026-02-12,Finalizada
OP008856,P0303,9,9,2025-12-16,Finalizada
OP008857,P0333,8,8,2025-06-17,Finalizada
OP008858,P0114,47,47,2024-07-30,Finalizada
OP008859,P0028,17,17,2025-03-27,Finalizada
OP008860,P0215,38,38,2024-01-22,Finalizada
OP008861,P0153,6,6,2025-02-25,Finalizada
OP008862,P0143,34,34,2024-05-14,Finalizada
OP008863,P0324,46,46,2024-06-27,Finalizada
OP008864,P0376,52,52,2025-03-20,Finalizada
OP008865,P0101,15,15,2024-04-24,Finalizada
OP008866,P0365,27,27,2025-02-17,Finalizada
OP008867,P0268,16,16,2025-01-10,Finalizada
OP008868,P0470,19,19,2025-09-12,Finalizada
OP008869,P0072,13,13,2025-05-13,Finalizada
OP008870,P0384,35,35,2025-09-04,Finalizada
OP008871,P0340,12,12,2025-02-14,Finalizada
OP008872,P0020,9,9,2025-11-12,Finalizada
OP008873,P0098,16,16,2024-07-16,Finalizada
OP008874,P0132,48,48,2025-03-04,Finalizada
OP008875,P0211,9,9,2025-12-25,Finalizada
OP008876,P0068,2,2,2025-07-02,Finalizada
OP008877,P0500,15,15,2025-12-02,Finalizada
OP008878,P0277,37,37,2025-02-15,Finalizada
OP008879,P0263,19,19,2025-07-01,Finalizada
OP008880,P0345,52,52,2025-01-14,Finalizada
OP008881,P0219,40,40,2026-05-21,Finalizada
OP008882,P0131,38,38,2024-01-15,Finalizada
OP008883,P0324,35,35,2026-03-02,Finalizada
OP008884,P0037,33,33,2026-01-13,Finalizada
OP008885,P0418,22,22,2026-03-12,Finalizada
OP008886,P0279,22,22,2025-08-19,Finalizada
OP008887,P0427,20,20,2025-11-27,Finalizada
OP008888,P0384,19,19,2025-06-19,Finalizada
OP008889,P0310,2,2,2025-08-12,Finalizada
OP008890,P0067,53,53,2024-01-19,Finalizada
OP008891,P0121,50,50,2025-12-29,Finalizada
OP008892,P0327,34,34,2025-12-04,Finalizada
OP008893,P0103,30,30,2025-05-16,Finalizada
OP008894,P0472,40,40,2025-05-16,Finalizada
OP008895,P0073,24,24,2025-07-30,Finalizada
OP008896,P0368,33,33,2025-12-26,Finalizada
OP008897,P0205,14,14,2025-08-06,Finalizada
OP008898,P0112,53,53,2025-08-14,Finalizada
OP008899,P0333,49,49,2025-06-30,Finalizada
OP008900,P0008,35,35,2024-11-04,Finalizada
OP008901,P0041,23,23,2024-10-10,Finalizada
OP008902,P0319,6,6,2025-12-15,Finalizada
OP008903,P0491,30,30,2026-04-08,Finalizada
OP008904,P0051,27,27,2024-04-19,Finalizada
OP008905,P0080,28,28,2025-11-05,Finalizada
OP008906,P0114,44,44,2024-11-12,Finalizada
OP008907,P0226,46,46,2025-08-25,Finalizada
OP008908,P0030,17,17,2024-01-08,Finalizada
OP008909,P0415,49,49,2026-04-22,Finalizada
OP008910,P0183,47,47,2025-06-16,Finalizada
OP008911,P0464,17,17,2025-08-04,Finalizada
OP008912,P0084,52,52,2025-08-13,Finalizada
OP008913,P0023,5,5,2025-06-05,Finalizada
OP008914,P0249,41,41,2025-08-20,Finalizada
OP008915,P0404,22,22,2024-02-07,Finalizada
OP008916,P0433,38,38,2025-05-14,Finalizada
OP008917,P0374,37,37,2025-05-28,Finalizada
OP008918,P0427,3,3,2025-04-16,Finalizada
OP008919,P0151,35,35,2025-08-01,Finalizada
OP008920,P0376,12,12,2024-07-02,Finalizada
OP008921,P0306,50,50,2025-12-30,Finalizada
OP008922,P0046,31,31,2025-04-18,Finalizada
OP008923,P0157,44,44,2026-02-24,Finalizada
OP008924,P0360,2,2,2025-09-02,Finalizada
OP008925,P0079,1,1,2024-04-15,Finalizada
OP008926,P0011,48,48,2026-03-16,Finalizada
OP008927,P0081,30,30,2025-09-12,Finalizada
OP008928,P0135,27,27,2025-07-30,Finalizada
OP008929,P0409,4,4,2025-05-21,Finalizada
OP008930,P0038,13,13,2025-12-31,Finalizada
OP008931,P0261,25,25,2025-11-25,Finalizada
OP008932,P0223,3,3,2024-05-07,Finalizada
OP008933,P0380,39,39,2024-02-01,Finalizada
OP008934,P0054,51,51,2026-01-16,Finalizada
OP008935,P0215,35,35,2025-11-04,Finalizada
OP008936,P0170,12,12,2025-05-13,Finalizada
OP008937,P0421,20,20,2024-10-04,Finalizada
OP008938,P0218,34,34,2025-12-25,Finalizada
OP008939,P0269,17,17,2024-03-05,Finalizada
OP008940,P0049,27,27,2025-02-27,Finalizada
OP008941,P0326,11,11,2025-01-01,Finalizada
OP008942,P0004,23,23,2026-04-29,Finalizada
OP008943,P0454,45,45,2026-03-02,Finalizada
OP008944,P0257,28,28,2024-08-14,Finalizada
OP008945,P0179,40,40,2024-05-02,Finalizada
OP008946,P0161,40,40,2025-06-13,Finalizada
OP008947,P0079,14,14,2025-08-02,Finalizada
OP008948,P0208,39,39,2026-02-03,Finalizada
OP008949,P0013,20,20,2025-04-22,Finalizada
OP008950,P0167,13,13,2026-03-31,Finalizada
OP008951,P0263,2,2,2025-02-26,Finalizada
OP008952,P0346,52,52,2025-12-31,Finalizada
OP008953,P0077,4,4,2025-11-11,Finalizada
OP008954,P0240,39,39,2024-11-04,Finalizada
OP008955,P0397,49,49,2025-05-05,Finalizada
OP008956,P0292,14,14,2025-06-03,Finalizada
OP008957,P0119,18,18,2025-03-11,Finalizada
OP008958,P0028,17,17,2026-05-14,Finalizada
OP008959,P0199,2,2,2024-10-28,Finalizada
OP008960,P0018,50,50,2025-10-20,Finalizada
OP008961,P0111,23,23,2025-03-14,Finalizada
OP008962,P0239,9,9,2025-08-20,Finalizada
OP008963,P0346,5,5,2024-03-11,Finalizada
OP008964,P0364,49,49,2026-05-14,Finalizada
OP008965,P0357,53,53,2026-05-21,Finalizada
OP008966,P0077,26,26,2026-05-04,Finalizada
OP008967,P0116,29,29,2024-09-04,Finalizada
OP008968,P0374,29,29,2026-05-08,Finalizada
OP008969,P0481,22,22,2025-10-13,Finalizada
OP008970,P0342,16,16,2025-09-23,Finalizada
OP008971,P0388,22,22,2025-07-24,Finalizada
OP008972,P0484,41,41,2025-12-01,Finalizada
OP008973,P0032,39,39,2025-03-14,Finalizada
OP008974,P0378,11,11,2024-10-27,Finalizada
OP008975,P0098,48,48,2025-06-24,Finalizada
OP008976,P0139,20,20,2026-04-14,Finalizada
OP008977,P0182,15,15,2024-08-13,Finalizada
OP008978,P0409,53,53,2025-05-11,Finalizada
OP008979,P0264,44,44,2024-05-08,Finalizada
OP008980,P0454,28,28,2025-06-11,Finalizada
OP008981,P0197,29,29,2026-01-15,Finalizada
OP008982,P0316,24,24,2024-07-04,Finalizada
OP008983,P0335,36,36,2025-01-06,Finalizada
OP008984,P0221,31,31,2024-08-09,Finalizada
OP008985,P0436,45,45,2025-11-09,Finalizada
OP008986,P0242,44,44,2025-06-27,Finalizada
OP008987,P0099,14,14,2026-03-31,Finalizada
OP008988,P0243,33,33,2026-01-09,Finalizada
OP008989,P0370,12,12,2025-09-16,Finalizada
OP008990,P0352,20,20,2025-06-13,Finalizada
OP008991,P0360,3,3,2025-11-03,Finalizada
OP008992,P0172,1,1,2025-10-28,Finalizada
OP008993,P0202,38,38,2025-06-06,Finalizada
OP008994,P0002,1,1,2026-04-28,Finalizada
OP008995,P0180,15,15,2025-07-21,Finalizada
OP008996,P0102,52,52,2025-04-15,Finalizada
OP008997,P0069,22,22,2026-01-02,Finalizada
OP008998,P0344,19,19,2024-05-28,Finalizada
OP008999,P0280,20,20,2024-06-07,Finalizada
OP009000,P0333,49,49,2024-03-01,Finalizada
OP009001,P0363,28,28,2025-05-29,Finalizada
OP009002,P0157,35,35,2024-05-14,Finalizada
OP009003,P0276,4,4,2025-03-14,Finalizada
OP009004,P0456,44,44,2025-11-19,Finalizada
OP009005,P0064,46,46,2026-01-29,Finalizada
OP009006,P0393,5,5,2026-02-09,Finalizada
OP009007,P0010,37,37,2026-01-29,Finalizada
OP009008,P0468,18,18,2024-04-29,Finalizada
OP009009,P0107,22,22,2024-01-23,Finalizada
OP009010,P0355,51,51,2025-08-18,Finalizada
OP009011,P0354,16,16,2026-04-06,Finalizada
OP009012,P0146,27,27,2026-03-06,Finalizada
OP009013,P0054,15,15,2026-02-19,Finalizada
OP009014,P0406,7,7,2025-04-15,Finalizada
OP009015,P0166,33,33,2024-09-02,Finalizada
OP009016,P0155,19,19,2025-04-29,Finalizada
OP009017,P0133,13,13,2024-06-17,Finalizada
OP009018,P0423,51,51,2026-02-02,Finalizada
OP009019,P0415,25,25,2026-03-18,Finalizada
OP009020,P0488,34,34,2025-01-21,Finalizada
OP009021,P0492,1,1,2025-04-15,Finalizada
OP009022,P0050,23,23,2025-02-17,Finalizada
OP009023,P0070,33,33,2024-09-04,Finalizada
OP009024,P0104,34,34,2025-02-24,Finalizada
OP009025,P0053,24,24,2025-07-17,Finalizada
OP009026,P0474,35,35,2024-01-23,Finalizada
OP009027,P0413,23,23,2024-12-07,Finalizada
OP009028,P0386,42,42,2025-09-26,Finalizada
OP009029,P0078,37,37,2025-05-07,Finalizada
OP009030,P0028,28,28,2025-09-03,Finalizada
OP009031,P0438,51,51,2026-03-03,Finalizada
OP009032,P0106,16,16,2025-11-14,Finalizada
OP009033,P0294,36,36,2025-08-26,Finalizada
OP009034,P0359,46,46,2025-12-03,Finalizada
OP009035,P0244,17,17,2024-07-24,Finalizada
OP009036,P0477,19,19,2025-05-12,Finalizada
OP009037,P0174,9,9,2026-05-20,Finalizada
OP009038,P0350,27,27,2025-04-21,Finalizada
OP009039,P0005,5,5,2025-07-23,Finalizada
OP009040,P0285,42,42,2025-11-03,Finalizada
OP009041,P0149,33,33,2024-05-08,Finalizada
OP009042,P0485,20,20,2024-09-21,Finalizada
OP009043,P0212,18,18,2026-05-04,Finalizada
OP009044,P0487,28,28,2024-05-06,Finalizada
OP009045,P0440,36,36,2025-06-16,Finalizada
OP009046,P0376,25,25,2025-11-24,Finalizada
OP009047,P0018,52,52,2025-01-15,Finalizada
OP009048,P0037,28,28,2025-07-21,Finalizada
OP009049,P0436,24,24,2025-07-29,Finalizada
OP009050,P0348,6,6,2025-03-10,Finalizada
OP009051,P0170,24,24,2025-04-03,Finalizada
OP009052,P0127,24,24,2025-11-18,Finalizada
OP009053,P0053,41,41,2025-11-20,Finalizada
OP009054,P0212,46,46,2026-02-19,Finalizada
OP009055,P0487,17,17,2024-03-29,Finalizada
OP009056,P0176,34,34,2025-02-14,Finalizada
OP009057,P0127,3,3,2025-10-16,Finalizada
OP009058,P0085,16,16,2025-03-30,Finalizada
OP009059,P0436,20,20,2024-04-16,Finalizada
OP009060,P0122,9,9,2025-12-25,Finalizada
OP009061,P0467,51,51,2024-10-08,Finalizada
OP009062,P0070,22,22,2025-08-16,Finalizada
OP009063,P0119,51,51,2025-02-06,Finalizada
OP009064,P0497,19,19,2025-09-24,Finalizada
OP009065,P0350,39,39,2025-12-26,Finalizada
OP009066,P0155,33,33,2025-08-22,Finalizada
OP009067,P0346,11,11,2025-04-30,Finalizada
OP009068,P0017,39,39,2026-04-24,Finalizada
OP009069,P0067,29,29,2026-02-19,Finalizada
OP009070,P0462,42,42,2025-02-26,Finalizada
OP009071,P0094,11,11,2024-10-04,Finalizada
OP009072,P0137,19,19,2024-05-24,Finalizada
OP009073,P0432,24,24,2025-05-13,Finalizada
OP009074,P0112,23,23,2025-11-03,Finalizada
OP009075,P0242,44,44,2024-11-20,Finalizada
OP009076,P0301,15,15,2025-10-28,Finalizada
OP009077,P0227,2,2,2025-09-19,Finalizada
OP009078,P0101,6,6,2024-08-19,Finalizada
OP009079,P0441,49,49,2025-03-10,Finalizada
OP009080,P0139,37,37,2026-01-01,Finalizada
OP009081,P0409,34,34,2026-03-20,Finalizada
OP009082,P0376,20,20,2024-12-03,Finalizada
OP009083,P0211,13,13,2026-05-11,Finalizada
OP009084,P0393,35,35,2025-10-10,Finalizada
OP009085,P0315,7,7,2025-04-25,Finalizada
OP009086,P0460,15,15,2025-10-28,Finalizada
OP009087,P0348,30,30,2025-10-07,Finalizada
OP009088,P0396,6,6,2025-06-23,Finalizada
OP009089,P0224,31,31,2025-08-11,Finalizada
OP009090,P0414,45,45,2025-09-30,Finalizada
OP009091,P0360,31,31,2026-01-16,Finalizada
OP009092,P0087,51,51,2024-10-15,Finalizada
OP009093,P0416,49,49,2024-09-13,Finalizada
OP009094,P0281,25,25,2025-05-14,Finalizada
OP009095,P0400,33,33,2025-11-13,Finalizada
OP009096,P0398,42,42,2025-03-17,Finalizada
OP009097,P0313,11,11,2024-03-22,Finalizada
OP009098,P0488,5,5,2024-08-14,Finalizada
OP009099,P0353,51,51,2025-12-26,Finalizada
OP009100,P0117,8,8,2024-08-21,Finalizada
OP009101,P0419,51,51,2025-10-10,Finalizada
OP009102,P0240,51,51,2026-01-23,Finalizada
OP009103,P0087,42,42,2024-05-06,Finalizada
OP009104,P0401,39,39,2026-02-02,Finalizada
OP009105,P0246,49,49,2025-05-09,Finalizada
OP009106,P0449,17,17,2025-02-13,Finalizada
OP009107,P0379,3,3,2025-04-30,Finalizada
OP009108,P0168,23,23,2024-06-27,Finalizada
OP009109,P0052,13,13,2025-09-28,Finalizada
OP009110,P0020,41,41,2025-08-19,Finalizada
OP009111,P0446,49,49,2024-10-09,Finalizada
OP009112,P0008,24,24,2024-08-22,Finalizada
OP009113,P0301,19,19,2026-04-02,Finalizada
OP009114,P0208,2,2,2025-07-30,Finalizada
OP009115,P0298,19,19,2025-07-05,Finalizada
OP009116,P0134,49,49,2024-04-04,Finalizada
OP009117,P0280,33,33,2026-01-23,Finalizada
OP009118,P0259,40,40,2024-01-13,Finalizada
OP009119,P0109,31,31,2025-07-28,Finalizada
OP009120,P0344,23,23,2025-12-31,Finalizada
OP009121,P0220,44,44,2025-10-14,Finalizada
OP009122,P0078,13,13,2025-04-18,Finalizada
OP009123,P0404,5,5,2026-02-06,Finalizada
OP009124,P0255,31,31,2026-04-17,Finalizada
OP009125,P0290,47,47,2026-04-17,Finalizada
OP009126,P0052,18,18,2025-03-25,Finalizada
OP009127,P0231,37,37,2024-05-15,Finalizada
OP009128,P0261,37,37,2024-06-30,Finalizada
OP009129,P0195,50,50,2024-02-23,Finalizada
OP009130,P0317,16,16,2026-05-01,Finalizada
OP009131,P0063,2,2,2025-09-05,Finalizada
OP009132,P0349,3,3,2024-05-14,Finalizada
OP009133,P0458,18,18,2025-07-02,Finalizada
OP009134,P0227,33,33,2024-05-21,Finalizada
OP009135,P0370,39,39,2024-07-25,Finalizada
OP009136,P0007,18,18,2024-02-12,Finalizada
OP009137,P0155,4,4,2024-12-22,Finalizada
OP009138,P0220,9,9,2024-10-24,Finalizada
OP009139,P0310,7,7,2024-10-08,Finalizada
OP009140,P0429,14,14,2026-01-16,Finalizada
OP009141,P0105,37,37,2024-04-24,Finalizada
OP009142,P0059,8,8,2026-01-09,Finalizada
OP009143,P0308,7,7,2025-10-14,Finalizada
OP009144,P0006,35,35,2025-03-12,Finalizada
OP009145,P0126,37,37,2024-10-08,Finalizada
OP009146,P0035,50,50,2025-01-07,Finalizada
OP009147,P0484,12,12,2025-04-22,Finalizada
OP009148,P0220,39,39,2025-03-09,Finalizada
OP009149,P0331,24,24,2026-05-22,Finalizada
OP009150,P0031,16,16,2024-07-24,Finalizada
OP009151,P0360,5,5,2026-01-07,Finalizada
OP009152,P0077,16,16,2024-06-14,Finalizada
OP009153,P0161,1,1,2025-08-22,Finalizada
OP009154,P0214,48,48,2026-01-13,Finalizada
OP009155,P0168,1,1,2025-11-03,Finalizada
OP009156,P0273,5,5,2024-09-06,Finalizada
OP009157,P0027,52,52,2025-10-03,Finalizada
OP009158,P0306,45,45,2026-01-28,Finalizada
OP009159,P0271,6,6,2024-02-29,Finalizada
OP009160,P0138,39,39,2025-04-08,Finalizada
OP009161,P0183,44,44,2026-02-06,Finalizada
OP009162,P0479,29,29,2024-05-02,Finalizada
OP009163,P0068,49,49,2025-11-17,Finalizada
OP009164,P0417,5,5,2025-02-11,Finalizada
OP009165,P0067,48,48,2026-03-25,Finalizada
OP009166,P0267,15,15,2026-05-22,Finalizada
OP009167,P0271,44,44,2026-05-05,Finalizada
OP009168,P0023,14,14,2024-10-15,Finalizada
OP009169,P0386,24,24,2024-12-09,Finalizada
OP009170,P0410,34,34,2026-04-29,Finalizada
OP009171,P0018,50,50,2026-02-06,Finalizada
OP009172,P0338,7,7,2026-05-02,Finalizada
OP009173,P0293,39,39,2025-10-01,Finalizada
OP009174,P0112,1,1,2025-05-21,Finalizada
OP009175,P0499,14,14,2025-02-17,Finalizada
OP009176,P0417,24,24,2026-04-21,Finalizada
OP009177,P0192,14,14,2025-08-30,Finalizada
OP009178,P0216,5,5,2024-05-22,Finalizada
OP009179,P0450,47,47,2025-01-24,Finalizada
OP009180,P0104,48,48,2024-05-30,Finalizada
OP009181,P0060,18,18,2025-07-08,Finalizada
OP009182,P0468,13,13,2025-12-16,Finalizada
OP009183,P0347,44,44,2025-01-31,Finalizada
OP009184,P0221,7,7,2025-09-30,Finalizada
OP009185,P0138,41,41,2024-02-15,Finalizada
OP009186,P0492,53,53,2025-05-27,Finalizada
OP009187,P0498,24,24,2026-02-18,Finalizada
OP009188,P0051,7,7,2024-12-09,Finalizada
OP009189,P0234,7,7,2026-02-10,Finalizada
OP009190,P0300,12,12,2024-01-25,Finalizada
OP009191,P0287,18,18,2026-03-04,Finalizada
OP009192,P0438,13,13,2026-03-18,Finalizada
OP009193,P0306,38,38,2025-04-19,Finalizada
OP009194,P0031,5,5,2024-05-21,Finalizada
OP009195,P0139,34,34,2025-02-03,Finalizada
OP009196,P0391,15,15,2025-01-24,Finalizada
OP009197,P0043,2,2,2024-10-28,Finalizada
OP009198,P0118,48,48,2024-09-12,Finalizada
OP009199,P0343,35,35,2024-08-30,Finalizada
OP009200,P0325,29,29,2024-03-20,Finalizada
OP009201,P0408,50,50,2025-04-30,Finalizada
OP009202,P0198,30,30,2024-10-24,Finalizada
OP009203,P0193,16,16,2025-12-12,Finalizada
OP009204,P0313,31,31,2024-09-19,Finalizada
OP009205,P0232,29,29,2025-10-25,Finalizada
OP009206,P0137,13,13,2025-08-01,Finalizada
OP009207,P0060,2,2,2025-04-13,Finalizada
OP009208,P0363,53,53,2024-11-18,Finalizada
OP009209,P0010,9,9,2024-04-04,Finalizada
OP009210,P0296,3,3,2025-01-20,Finalizada
OP009211,P0389,45,45,2025-08-26,Finalizada
OP009212,P0149,22,22,2025-10-01,Finalizada
OP009213,P0498,28,28,2026-04-09,Finalizada
OP009214,P0497,40,40,2026-03-11,Finalizada
OP009215,P0259,38,38,2025-11-18,Finalizada
OP009216,P0451,50,50,2024-08-22,Finalizada
OP009217,P0028,24,24,2026-01-23,Finalizada
OP009218,P0025,40,40,2025-03-10,Finalizada
OP009219,P0120,50,50,2024-10-07,Finalizada
OP009220,P0250,46,46,2024-12-18,Finalizada
OP009221,P0389,26,26,2026-01-13,Finalizada
OP009222,P0410,28,28,2026-04-21,Finalizada
OP009223,P0182,48,48,2025-07-09,Finalizada
OP009224,P0256,11,11,2025-06-09,Finalizada
OP009225,P0440,17,17,2026-04-03,Finalizada
OP009226,P0468,40,40,2025-12-13,Finalizada
OP009227,P0257,15,15,2025-11-19,Finalizada
OP009228,P0065,38,38,2026-03-03,Finalizada
OP009229,P0304,48,48,2025-10-15,Finalizada
OP009230,P0466,3,3,2025-01-09,Finalizada
OP009231,P0496,30,30,2024-11-04,Finalizada
OP009232,P0317,37,37,2026-01-28,Finalizada
OP009233,P0251,48,48,2024-09-04,Finalizada
OP009234,P0246,34,34,2025-06-27,Finalizada
OP009235,P0137,28,28,2025-10-15,Finalizada
OP009236,P0477,44,44,2024-08-26,Finalizada
OP009237,P0293,27,27,2025-03-07,Finalizada
OP009238,P0151,15,15,2024-04-03,Finalizada
OP009239,P0034,22,22,2025-02-11,Finalizada
OP009240,P0339,11,11,2025-03-31,Finalizada
OP009241,P0246,5,5,2025-11-24,Finalizada
OP009242,P0326,14,14,2024-11-05,Finalizada
OP009243,P0203,23,23,2024-03-25,Finalizada
OP009244,P0463,41,41,2026-02-18,Finalizada
OP009245,P0031,49,49,2024-01-24,Finalizada
OP009246,P0133,25,25,2025-03-25,Finalizada
OP009247,P0359,39,39,2025-06-30,Finalizada
OP009248,P0067,39,39,2024-01-28,Finalizada
OP009249,P0423,53,53,2025-06-11,Finalizada
OP009250,P0090,26,26,2025-09-10,Finalizada
OP009251,P0476,33,33,2024-11-28,Finalizada
OP009252,P0322,37,37,2025-10-01,Finalizada
OP009253,P0361,5,5,2025-07-16,Finalizada
OP009254,P0403,18,18,2025-02-26,Finalizada
OP009255,P0493,37,37,2025-05-16,Finalizada
OP009256,P0117,12,12,2025-12-04,Finalizada
OP009257,P0417,15,15,2024-03-19,Finalizada
OP009258,P0347,38,38,2024-02-24,Finalizada
OP009259,P0001,9,9,2025-08-04,Finalizada
OP009260,P0245,40,40,2025-09-17,Finalizada
OP009261,P0220,44,44,2026-02-18,Finalizada
OP009262,P0212,15,15,2025-08-27,Finalizada
OP009263,P0278,9,9,2024-03-25,Finalizada
OP009264,P0329,49,49,2025-10-13,Finalizada
OP009265,P0060,51,51,2025-01-08,Finalizada
OP009266,P0080,7,7,2024-02-12,Finalizada
OP009267,P0179,27,27,2024-03-28,Finalizada
OP009268,P0114,45,45,2024-08-28,Finalizada
OP009269,P0361,24,24,2025-03-24,Finalizada
OP009270,P0116,17,17,2025-07-31,Finalizada
OP009271,P0215,36,36,2025-09-24,Finalizada
OP009272,P0154,49,49,2024-11-14,Finalizada
OP009273,P0270,18,18,2026-05-07,Finalizada
OP009274,P0163,39,39,2026-04-13,Finalizada
OP009275,P0244,30,30,2025-01-01,Finalizada
OP009276,P0397,31,31,2025-10-23,Finalizada
OP009277,P0256,31,31,2025-12-24,Finalizada
OP009278,P0129,51,51,2024-12-06,Finalizada
OP009279,P0243,40,40,2025-06-30,Finalizada
OP009280,P0409,14,14,2025-12-15,Finalizada
OP009281,P0275,39,39,2025-01-16,Finalizada
OP009282,P0087,17,17,2025-09-05,Finalizada
OP009283,P0060,41,41,2025-10-24,Finalizada
OP009284,P0051,37,37,2025-08-04,Finalizada
OP009285,P0496,42,42,2025-08-25,Finalizada
OP009286,P0184,28,28,2026-01-12,Finalizada
OP009287,P0291,5,5,2026-01-23,Finalizada
OP009288,P0171,5,5,2024-09-05,Finalizada
OP009289,P0337,46,46,2025-03-20,Finalizada
OP009290,P0051,9,9,2025-03-11,Finalizada
OP009291,P0435,12,12,2025-03-11,Finalizada
OP009292,P0368,44,44,2024-04-29,Finalizada
OP009293,P0144,44,44,2024-02-27,Finalizada
OP009294,P0246,45,45,2026-01-05,Finalizada
OP009295,P0307,40,40,2024-01-31,Finalizada
OP009296,P0225,52,52,2026-02-18,Finalizada
OP009297,P0121,49,49,2024-09-21,Finalizada
OP009298,P0321,46,46,2026-05-18,Finalizada
OP009299,P0251,34,34,2025-10-03,Finalizada
OP009300,P0302,5,5,2025-11-17,Finalizada
OP009301,P0265,28,28,2024-09-19,Finalizada
OP009302,P0180,7,7,2024-05-03,Finalizada
OP009303,P0016,18,18,2024-12-02,Finalizada
OP009304,P0072,46,46,2024-12-31,Finalizada
OP009305,P0157,14,14,2024-04-08,Finalizada
OP009306,P0276,17,17,2024-04-03,Finalizada
OP009307,P0416,53,53,2026-01-09,Finalizada
OP009308,P0054,20,20,2025-02-26,Finalizada
OP009309,P0442,4,4,2025-03-12,Finalizada
OP009310,P0203,33,33,2026-01-07,Finalizada
OP009311,P0335,47,47,2025-08-22,Finalizada
OP009312,P0263,39,39,2024-09-02,Finalizada
OP009313,P0068,11,11,2025-12-11,Finalizada
OP009314,P0202,7,7,2025-09-16,Finalizada
OP009315,P0110,3,3,2024-12-27,Finalizada
OP009316,P0249,39,39,2026-01-01,Finalizada
OP009317,P0357,17,17,2025-11-14,Finalizada
OP009318,P0223,33,33,2024-06-17,Finalizada
OP009319,P0318,18,18,2025-05-12,Finalizada
OP009320,P0483,26,26,2025-04-10,Finalizada
OP009321,P0130,24,24,2026-03-18,Finalizada
OP009322,P0343,15,15,2024-08-07,Finalizada
OP009323,P0096,37,37,2025-05-08,Finalizada
OP009324,P0021,1,1,2025-11-27,Finalizada
OP009325,P0227,9,9,2026-04-24,Finalizada
OP009326,P0154,52,52,2025-03-25,Finalizada
OP009327,P0197,45,45,2024-08-15,Finalizada
OP009328,P0192,36,36,2024-06-03,Finalizada
OP009329,P0162,14,14,2025-06-02,Finalizada
OP009330,P0375,48,48,2024-07-25,Finalizada
OP009331,P0059,12,12,2025-06-09,Finalizada
OP009332,P0360,40,40,2025-09-29,Finalizada
OP009333,P0384,35,35,2025-10-17,Finalizada
OP009334,P0476,50,50,2025-11-03,Finalizada
OP009335,P0115,31,31,2025-06-25,Finalizada
OP009336,P0126,11,11,2025-02-14,Finalizada
OP009337,P0140,27,27,2025-04-14,Finalizada
OP009338,P0135,52,52,2024-09-06,Finalizada
OP009339,P0415,50,50,2025-12-18,Finalizada
OP009340,P0237,12,12,2024-06-11,Finalizada
OP009341,P0187,20,20,2026-02-17,Finalizada
OP009342,P0327,17,17,2026-04-09,Finalizada
OP009343,P0477,30,30,2026-03-18,Finalizada
OP009344,P0147,5,5,2026-02-09,Finalizada
OP009345,P0048,47,47,2024-02-21,Finalizada
OP009346,P0082,24,24,2025-10-21,Finalizada
OP009347,P0199,49,49,2025-05-01,Finalizada
OP009348,P0207,20,20,2025-01-07,Finalizada
OP009349,P0186,6,6,2024-06-11,Finalizada
OP009350,P0417,41,41,2025-10-31,Finalizada
OP009351,P0294,39,39,2025-04-28,Finalizada
OP009352,P0369,41,41,2024-05-17,Finalizada
OP009353,P0056,35,35,2024-06-27,Finalizada
OP009354,P0012,41,41,2026-02-18,Finalizada
OP009355,P0046,12,12,2025-11-10,Finalizada
OP009356,P0041,38,38,2025-08-28,Finalizada
OP009357,P0123,41,41,2024-04-17,Finalizada
OP009358,P0140,34,34,2026-04-30,Finalizada
OP009359,P0310,12,12,2024-12-26,Finalizada
OP009360,P0196,5,5,2025-01-22,Finalizada
OP009361,P0090,39,39,2024-05-08,Finalizada
OP009362,P0174,42,42,2026-03-04,Finalizada
OP009363,P0353,36,36,2024-03-22,Finalizada
OP009364,P0482,37,37,2024-09-16,Finalizada
OP009365,P0477,25,25,2025-03-06,Finalizada
OP009366,P0233,30,30,2026-01-01,Finalizada
OP009367,P0148,6,6,2025-12-19,Finalizada
OP009368,P0108,51,51,2026-04-06,Finalizada
OP009369,P0353,2,2,2025-02-24,Finalizada
OP009370,P0046,42,42,2024-10-10,Finalizada
OP009371,P0016,38,38,2024-09-03,Finalizada
OP009372,P0401,16,16,2025-11-10,Finalizada
OP009373,P0077,28,28,2025-01-19,Finalizada
OP009374,P0222,25,25,2026-05-21,Finalizada
OP009375,P0324,6,6,2025-03-17,Finalizada
OP009376,P0011,23,23,2024-09-20,Finalizada
OP009377,P0180,17,17,2025-12-06,Finalizada
OP009378,P0157,53,53,2024-10-17,Finalizada
OP009379,P0490,20,20,2025-12-10,Finalizada
OP009380,P0363,39,39,2024-04-08,Finalizada
OP009381,P0313,33,33,2026-05-16,Finalizada
OP009382,P0129,31,31,2025-05-15,Finalizada
OP009383,P0124,26,26,2024-03-18,Finalizada
OP009384,P0022,13,13,2025-10-04,Finalizada
OP009385,P0358,16,16,2025-06-27,Finalizada
OP009386,P0033,24,24,2025-08-08,Finalizada
OP009387,P0333,19,19,2025-10-08,Finalizada
OP009388,P0260,1,1,2024-11-05,Finalizada
OP009389,P0079,28,28,2024-05-06,Finalizada
OP009390,P0118,44,44,2025-06-10,Finalizada
OP009391,P0096,51,51,2025-03-06,Finalizada
OP009392,P0347,27,27,2025-02-26,Finalizada
OP009393,P0459,51,51,2024-10-31,Finalizada
OP009394,P0182,9,9,2025-05-15,Finalizada
OP009395,P0214,27,27,2025-07-22,Finalizada
OP009396,P0053,6,6,2024-01-30,Finalizada
OP009397,P0145,37,37,2025-05-25,Finalizada
OP009398,P0081,24,24,2024-09-12,Finalizada
OP009399,P0333,1,1,2024-04-26,Finalizada
OP009400,P0194,5,5,2025-04-08,Finalizada
OP009401,P0382,24,24,2025-07-31,Finalizada
OP009402,P0188,34,34,2025-12-25,Finalizada
OP009403,P0323,16,16,2025-06-26,Finalizada
OP009404,P0310,22,22,2024-10-25,Finalizada
OP009405,P0080,33,33,2024-10-02,Finalizada
OP009406,P0012,23,23,2024-04-17,Finalizada
OP009407,P0395,38,38,2026-05-13,Finalizada
OP009408,P0401,26,26,2025-04-22,Finalizada
OP009409,P0043,23,23,2025-10-24,Finalizada
OP009410,P0006,53,53,2025-09-25,Finalizada
OP009411,P0064,16,16,2025-08-14,Finalizada
OP009412,P0213,18,18,2025-08-14,Finalizada
OP009413,P0272,48,48,2024-07-15,Finalizada
OP009414,P0081,52,52,2026-02-17,Finalizada
OP009415,P0249,47,47,2024-04-26,Finalizada
OP009416,P0244,34,34,2025-06-16,Finalizada
OP009417,P0346,19,19,2025-11-12,Finalizada
OP009418,P0041,16,16,2026-01-15,Finalizada
OP009419,P0097,2,2,2025-03-04,Finalizada
OP009420,P0134,38,38,2025-04-17,Finalizada
OP009421,P0486,36,36,2025-12-24,Finalizada
OP009422,P0034,17,17,2024-11-06,Finalizada
OP009423,P0284,8,8,2024-06-17,Finalizada
OP009424,P0419,52,52,2024-03-09,Finalizada
OP009425,P0329,13,13,2024-10-22,Finalizada
OP009426,P0291,49,49,2026-03-09,Finalizada
OP009427,P0397,14,14,2025-05-29,Finalizada
OP009428,P0459,33,33,2026-05-15,Finalizada
OP009429,P0482,11,11,2026-02-16,Finalizada
OP009430,P0028,19,19,2024-07-19,Finalizada
OP009431,P0248,14,14,2025-08-04,Finalizada
OP009432,P0157,8,8,2025-09-22,Finalizada
OP009433,P0469,4,4,2026-02-23,Finalizada
OP009434,P0148,42,42,2025-07-30,Finalizada
OP009435,P0306,15,15,2025-02-22,Finalizada
OP009436,P0143,51,51,2025-07-18,Finalizada
OP009437,P0381,37,37,2024-05-14,Finalizada
OP009438,P0202,3,3,2026-04-10,Finalizada
OP009439,P0342,38,38,2024-08-23,Finalizada
OP009440,P0259,14,14,2024-10-21,Finalizada
OP009441,P0453,11,11,2025-10-02,Finalizada
OP009442,P0057,18,18,2025-05-26,Finalizada
OP009443,P0103,5,5,2024-08-24,Finalizada
OP009444,P0090,11,11,2024-08-19,Finalizada
OP009445,P0157,19,19,2025-10-27,Finalizada
OP009446,P0407,33,33,2025-12-12,Finalizada
OP009447,P0372,44,44,2026-02-11,Finalizada
OP009448,P0410,39,39,2025-07-11,Finalizada
OP009449,P0463,52,52,2026-02-03,Finalizada
OP009450,P0487,45,45,2024-12-13,Finalizada
OP009451,P0401,5,5,2025-07-28,Finalizada
OP009452,P0210,40,40,2026-01-26,Finalizada
OP009453,P0188,52,52,2025-02-03,Finalizada
OP009454,P0359,46,46,2025-01-01,Finalizada
OP009455,P0494,7,7,2024-10-27,Finalizada
OP009456,P0305,40,40,2026-01-07,Finalizada
OP009457,P0284,44,44,2025-01-17,Finalizada
OP009458,P0005,27,27,2026-03-09,Finalizada
OP009459,P0340,20,20,2026-03-10,Finalizada
OP009460,P0322,28,28,2024-08-20,Finalizada
OP009461,P0417,35,35,2025-03-25,Finalizada
OP009462,P0308,11,11,2025-02-23,Finalizada
OP009463,P0044,45,45,2024-03-04,Finalizada
OP009464,P0038,15,15,2024-09-10,Finalizada
OP009465,P0179,41,41,2025-06-27,Finalizada
OP009466,P0165,17,17,2025-12-09,Finalizada
OP009467,P0142,53,53,2024-01-10,Finalizada
OP009468,P0194,44,44,2025-05-30,Finalizada
OP009469,P0327,13,13,2025-03-03,Finalizada
OP009470,P0091,15,15,2024-01-17,Finalizada
OP009471,P0328,48,48,2024-06-26,Finalizada
OP009472,P0346,16,16,2025-10-28,Finalizada
OP009473,P0350,45,45,2025-04-25,Finalizada
OP009474,P0232,40,40,2025-07-15,Finalizada
OP009475,P0073,39,39,2025-10-27,Finalizada
OP009476,P0170,19,19,2025-04-18,Finalizada
OP009477,P0215,48,48,2025-11-21,Finalizada
OP009478,P0116,25,25,2025-03-05,Finalizada
OP009479,P0397,51,51,2025-11-26,Finalizada
OP009480,P0036,18,18,2025-02-14,Finalizada
OP009481,P0318,49,49,2024-05-08,Finalizada
OP009482,P0261,35,35,2024-08-23,Finalizada
OP009483,P0336,16,16,2024-04-16,Finalizada
OP009484,P0118,38,38,2024-06-10,Finalizada
OP009485,P0488,39,39,2024-05-10,Finalizada
OP009486,P0096,40,40,2025-06-27,Finalizada
OP009487,P0387,48,48,2025-09-11,Finalizada
OP009488,P0359,12,12,2025-03-13,Finalizada
OP009489,P0393,19,19,2025-05-07,Finalizada
OP009490,P0063,22,22,2024-12-10,Finalizada
OP009491,P0369,47,47,2026-01-13,Finalizada
OP009492,P0089,4,4,2026-01-20,Finalizada
OP009493,P0324,26,26,2025-08-29,Finalizada
OP009494,P0058,4,4,2025-04-18,Finalizada
OP009495,P0353,5,5,2026-04-23,Finalizada
OP009496,P0490,24,24,2025-08-06,Finalizada
OP009497,P0322,22,22,2025-11-18,Finalizada
OP009498,P0232,19,19,2024-12-12,Finalizada
OP009499,P0453,30,30,2025-06-05,Finalizada
OP009500,P0247,30,30,2025-05-06,Finalizada
OP009501,P0385,24,24,2025-06-16,Finalizada
OP009502,P0177,48,48,2024-03-05,Finalizada
OP009503,P0473,2,2,2024-07-16,Finalizada
OP009504,P0311,5,5,2025-11-10,Finalizada
OP009505,P0098,31,31,2025-12-19,Finalizada
OP009506,P0246,34,34,2026-03-05,Finalizada
OP009507,P0072,17,17,2026-04-14,Finalizada
OP009508,P0308,22,22,2024-11-15,Finalizada
OP009509,P0244,34,34,2026-04-27,Finalizada
OP009510,P0265,14,14,2025-09-16,Finalizada
OP009511,P0020,22,22,2024-11-19,Finalizada
OP009512,P0033,33,33,2024-12-06,Finalizada
OP009513,P0409,31,31,2024-07-31,Finalizada
OP009514,P0256,46,46,2025-02-03,Finalizada
OP009515,P0384,5,5,2024-12-19,Finalizada
OP009516,P0092,24,24,2025-01-21,Finalizada
OP009517,P0248,18,18,2025-08-17,Finalizada
OP009518,P0141,15,15,2024-06-25,Finalizada
OP009519,P0194,52,52,2026-03-04,Finalizada
OP009520,P0377,25,25,2024-11-06,Finalizada
OP009521,P0082,30,30,2024-01-01,Finalizada
OP009522,P0165,20,20,2025-03-18,Finalizada
OP009523,P0043,22,22,2025-05-14,Finalizada
OP009524,P0063,9,9,2025-05-02,Finalizada
OP009525,P0165,53,53,2025-08-17,Finalizada
OP009526,P0260,11,11,2024-12-09,Finalizada
OP009527,P0063,3,3,2025-09-05,Finalizada
OP009528,P0283,26,26,2025-07-28,Finalizada
OP009529,P0300,48,48,2025-11-27,Finalizada
OP009530,P0324,22,22,2026-04-23,Finalizada
OP009531,P0172,24,24,2024-09-23,Finalizada
OP009532,P0378,15,15,2025-03-29,Finalizada
OP009533,P0163,53,53,2025-06-30,Finalizada
OP009534,P0238,39,39,2025-11-15,Finalizada
OP009535,P0114,5,5,2025-08-27,Finalizada
OP009536,P0458,36,36,2026-02-10,Finalizada
OP009537,P0095,11,11,2025-06-26,Finalizada
OP009538,P0141,13,13,2026-02-24,Finalizada
OP009539,P0316,7,7,2025-05-21,Finalizada
OP009540,P0009,3,3,2026-01-19,Finalizada
OP009541,P0411,38,38,2025-07-11,Finalizada
OP009542,P0212,27,27,2025-08-12,Finalizada
OP009543,P0150,36,36,2025-01-17,Finalizada
OP009544,P0033,5,5,2026-04-21,Finalizada
OP009545,P0362,17,17,2025-05-14,Finalizada
OP009546,P0282,6,6,2025-09-09,Finalizada
OP009547,P0394,53,53,2026-05-12,Finalizada
OP009548,P0398,17,17,2024-09-13,Finalizada
OP009549,P0014,15,15,2024-12-16,Finalizada
OP009550,P0022,42,42,2025-03-31,Finalizada
OP009551,P0236,19,19,2025-08-06,Finalizada
OP009552,P0444,15,15,2024-07-30,Finalizada
OP009553,P0424,44,44,2025-11-04,Finalizada
OP009554,P0265,33,33,2024-01-15,Finalizada
OP009555,P0170,38,38,2025-05-26,Finalizada
OP009556,P0149,23,23,2024-12-05,Finalizada
OP009557,P0189,52,52,2025-01-29,Finalizada
OP009558,P0031,18,18,2025-12-03,Finalizada
OP009559,P0203,34,34,2024-06-11,Finalizada
OP009560,P0117,19,19,2024-11-03,Finalizada
OP009561,P0183,24,24,2024-02-26,Finalizada
OP009562,P0101,36,36,2026-02-11,Finalizada
OP009563,P0135,1,1,2025-04-08,Finalizada
OP009564,P0090,25,25,2025-06-17,Finalizada
OP009565,P0239,7,7,2026-01-21,Finalizada
OP009566,P0385,22,22,2026-02-08,Finalizada
OP009567,P0410,50,50,2024-04-16,Finalizada
OP009568,P0099,14,14,2025-10-29,Finalizada
OP009569,P0006,11,11,2025-03-07,Finalizada
OP009570,P0252,14,14,2026-05-22,Finalizada
OP009571,P0266,31,31,2024-02-07,Finalizada
OP009572,P0295,15,15,2025-06-22,Finalizada
OP009573,P0166,50,50,2025-02-25,Finalizada
OP009574,P0236,18,18,2026-03-16,Finalizada
OP009575,P0228,51,51,2025-07-10,Finalizada
OP009576,P0259,16,16,2026-04-30,Finalizada
OP009577,P0132,51,51,2026-05-04,Finalizada
OP009578,P0371,46,46,2026-01-13,Finalizada
OP009579,P0288,11,11,2024-11-21,Finalizada
OP009580,P0413,33,33,2026-01-06,Finalizada
OP009581,P0054,20,20,2024-07-11,Finalizada
OP009582,P0255,53,53,2025-03-31,Finalizada
OP009583,P0055,35,35,2025-07-31,Finalizada
OP009584,P0488,31,31,2025-09-17,Finalizada
OP009585,P0205,33,33,2025-12-06,Finalizada
OP009586,P0424,34,34,2026-03-27,Finalizada
OP009587,P0126,34,34,2026-04-17,Finalizada
OP009588,P0466,47,47,2025-03-08,Finalizada
OP009589,P0073,8,8,2026-02-05,Finalizada
OP009590,P0080,50,50,2025-12-12,Finalizada
OP009591,P0044,15,15,2026-05-18,Finalizada
OP009592,P0486,9,9,2024-08-15,Finalizada
OP009593,P0269,2,2,2026-03-09,Finalizada
OP009594,P0132,6,6,2026-01-10,Finalizada
OP009595,P0362,11,11,2024-06-26,Finalizada
OP009596,P0165,41,41,2025-12-22,Finalizada
OP009597,P0136,47,47,2025-11-05,Finalizada
OP009598,P0212,12,12,2026-04-27,Finalizada
OP009599,P0357,38,38,2024-10-12,Finalizada
OP009600,P0322,45,45,2024-10-14,Finalizada
OP009601,P0169,39,39,2024-10-18,Finalizada
OP009602,P0046,52,52,2025-12-19,Finalizada
OP009603,P0334,40,40,2025-05-15,Finalizada
OP009604,P0437,30,30,2024-03-21,Finalizada
OP009605,P0267,27,27,2025-03-17,Finalizada
OP009606,P0281,26,26,2025-11-05,Finalizada
OP009607,P0106,5,5,2025-08-08,Finalizada
OP009608,P0466,5,5,2025-06-06,Finalizada
OP009609,P0051,28,28,2026-04-07,Finalizada
OP009610,P0403,30,30,2024-04-26,Finalizada
OP009611,P0500,39,39,2025-02-11,Finalizada
OP009612,P0202,46,46,2025-04-02,Finalizada
OP009613,P0492,45,45,2026-01-30,Finalizada
OP009614,P0444,41,41,2026-01-01,Finalizada
OP009615,P0358,1,1,2025-07-15,Finalizada
OP009616,P0009,20,20,2026-01-26,Finalizada
OP009617,P0204,41,41,2025-12-21,Finalizada
OP009618,P0042,18,18,2025-09-21,Finalizada
OP009619,P0413,28,28,2024-02-20,Finalizada
OP009620,P0315,33,33,2024-06-19,Finalizada
OP009621,P0034,31,31,2024-08-03,Finalizada
OP009622,P0469,6,6,2026-02-16,Finalizada
OP009623,P0204,51,51,2026-04-02,Finalizada
OP009624,P0189,7,7,2025-08-07,Finalizada
OP009625,P0130,38,38,2026-03-02,Finalizada
OP009626,P0343,48,48,2025-09-02,Finalizada
OP009627,P0241,37,37,2024-05-17,Finalizada
OP009628,P0262,39,39,2025-02-12,Finalizada
OP009629,P0114,5,5,2025-07-22,Finalizada
OP009630,P0093,11,11,2024-06-26,Finalizada
OP009631,P0352,6,6,2024-03-11,Finalizada
OP009632,P0028,5,5,2026-05-17,Finalizada
OP009633,P0364,29,29,2024-08-21,Finalizada
OP009634,P0253,45,45,2026-02-13,Finalizada
OP009635,P0070,52,52,2026-05-15,Finalizada
OP009636,P0357,35,35,2025-09-18,Finalizada
OP009637,P0109,37,37,2025-05-09,Finalizada
OP009638,P0488,1,1,2026-01-21,Finalizada
OP009639,P0030,7,7,2026-04-10,Finalizada
OP009640,P0227,1,1,2025-02-27,Finalizada
OP009641,P0223,41,41,2026-03-04,Finalizada
OP009642,P0263,33,33,2024-04-09,Finalizada
OP009643,P0348,50,50,2025-12-08,Finalizada
OP009644,P0157,33,33,2024-11-17,Finalizada
OP009645,P0320,27,27,2024-04-03,Finalizada
OP009646,P0016,48,48,2026-01-07,Finalizada
OP009647,P0236,4,4,2024-12-27,Finalizada
OP009648,P0470,49,49,2025-12-12,Finalizada
OP009649,P0263,5,5,2025-04-18,Finalizada
OP009650,P0338,12,12,2025-11-17,Finalizada
OP009651,P0250,5,5,2026-04-20,Finalizada
OP009652,P0214,44,44,2025-04-18,Finalizada
OP009653,P0214,24,24,2025-07-04,Finalizada
OP009654,P0124,4,4,2024-02-13,Finalizada
OP009655,P0193,50,50,2024-02-07,Finalizada
OP009656,P0109,50,50,2026-04-06,Finalizada
OP009657,P0004,13,13,2025-06-28,Finalizada
OP009658,P0235,7,7,2024-08-15,Finalizada
OP009659,P0425,26,26,2024-10-10,Finalizada
OP009660,P0464,33,33,2025-05-05,Finalizada
OP009661,P0231,24,24,2025-01-02,Finalizada
OP009662,P0150,37,37,2026-02-26,Finalizada
OP009663,P0174,17,17,2025-11-21,Finalizada
OP009664,P0208,4,4,2025-07-08,Finalizada
OP009665,P0217,31,31,2026-02-25,Finalizada
OP009666,P0063,48,48,2026-04-30,Finalizada
OP009667,P0198,27,27,2025-09-18,Finalizada
OP009668,P0140,14,14,2024-04-22,Finalizada
OP009669,P0017,16,16,2024-11-13,Finalizada
OP009670,P0349,27,27,2026-05-15,Finalizada
OP009671,P0367,33,33,2025-10-26,Finalizada
OP009672,P0196,30,30,2025-06-11,Finalizada
OP009673,P0406,51,51,2026-05-21,Finalizada
OP009674,P0416,16,16,2024-11-27,Finalizada
OP009675,P0216,53,53,2025-06-10,Finalizada
OP009676,P0418,8,8,2026-01-13,Finalizada
OP009677,P0041,16,16,2024-04-05,Finalizada
OP009678,P0008,15,15,2025-04-12,Finalizada
OP009679,P0068,4,4,2026-05-22,Finalizada
OP009680,P0165,7,7,2025-12-09,Finalizada
OP009681,P0122,2,2,2026-02-06,Finalizada
OP009682,P0234,4,4,2024-08-28,Finalizada
OP009683,P0396,30,30,2026-03-27,Finalizada
OP009684,P0189,20,20,2025-11-04,Finalizada
OP009685,P0048,19,19,2025-06-04,Finalizada
OP009686,P0114,12,12,2024-07-29,Finalizada
OP009687,P0471,50,50,2025-07-15,Finalizada
OP009688,P0379,18,18,2025-08-06,Finalizada
OP009689,P0397,17,17,2024-06-17,Finalizada
OP009690,P0340,11,11,2025-06-15,Finalizada
OP009691,P0283,25,25,2025-01-09,Finalizada
OP009692,P0028,3,3,2025-03-28,Finalizada
OP009693,P0312,50,50,2024-09-16,Finalizada
OP009694,P0318,23,23,2026-04-15,Finalizada
OP009695,P0307,13,13,2025-10-22,Finalizada
OP009696,P0448,29,29,2025-12-08,Finalizada
OP009697,P0164,6,6,2025-05-02,Finalizada
OP009698,P0464,8,8,2024-09-12,Finalizada
OP009699,P0287,34,34,2025-06-03,Finalizada
OP009700,P0126,28,28,2025-12-22,Finalizada
OP009701,P0289,29,29,2025-01-23,Finalizada
OP009702,P0158,41,41,2026-05-05,Finalizada
OP009703,P0086,31,31,2024-09-25,Finalizada
OP009704,P0010,37,37,2025-12-16,Finalizada
OP009705,P0188,46,46,2024-03-13,Finalizada
OP009706,P0006,6,6,2025-11-19,Finalizada
OP009707,P0051,44,44,2025-10-16,Finalizada
OP009708,P0076,14,14,2024-03-13,Finalizada
OP009709,P0030,40,40,2024-04-02,Finalizada
OP009710,P0405,20,20,2025-04-09,Finalizada
OP009711,P0428,1,1,2025-05-03,Finalizada
OP009712,P0188,27,27,2025-01-14,Finalizada
OP009713,P0473,17,17,2025-11-25,Finalizada
OP009714,P0032,44,44,2025-07-14,Finalizada
OP009715,P0255,23,23,2024-10-17,Finalizada
OP009716,P0047,30,30,2026-03-27,Finalizada
OP009717,P0352,52,52,2026-04-11,Finalizada
OP009718,P0253,50,50,2025-01-20,Finalizada
OP009719,P0495,9,9,2026-01-07,Finalizada
OP009720,P0295,33,33,2026-01-15,Finalizada
OP009721,P0381,53,53,2025-12-31,Finalizada
OP009722,P0172,51,51,2025-03-25,Finalizada
OP009723,P0358,22,22,2025-06-02,Finalizada
OP009724,P0356,25,25,2025-12-13,Finalizada
OP009725,P0185,3,3,2026-04-23,Finalizada
OP009726,P0249,19,19,2024-05-09,Finalizada
OP009727,P0247,17,17,2026-04-13,Finalizada
OP009728,P0320,26,26,2025-11-13,Finalizada
OP009729,P0293,47,47,2025-10-07,Finalizada
OP009730,P0466,35,35,2025-02-21,Finalizada
OP009731,P0076,24,24,2024-09-23,Finalizada
OP009732,P0196,18,18,2024-06-03,Finalizada
